A1#44786	1. Habit Tracker - Goal Tracke	5	2022-11-14	 my habit building, etc, just something simple This app is awesome, allows for very simple usage very intuitively and at the same time it offers huge customization options that are very intuitive too and integration as widget is very Jade full I just miss the option to duplicate an habit instead of starting from scratch, may be is already there, anyway it is super great, thank you!!!!
A1#47370	1. Habit Tracker - Goal Tracke	5	2021-04-25	re waste of spaces.  That said, if I am to nitpick, I would point out that there’s a slight lag when switching back and forth within the app. Also it’d be cool if there was a search option for icons (there are lots of them and I love it). I would also like an option to duplicate habits, which would make it easier to add new habits but with the same settings to that of existing ones.  Overall 5/5. Just awesome.
A1#49455	1. Habit Tracker - Goal Tracke	5	2023-08-07	Bigger wedget and dividers || Hey team!  Thank you, the app is amazing: both UX and UI are great!  My suggestion is to create even bigger widget: now I can see max 15 tasks. But iPhone proMax is big so it can be a the full screen widget almost twice as big and I’d really love that! :) Also I’d appreciate a feature of adding horizontal dividers while configuring the widget
A1#50250	1. Habit Tracker - Goal Tracke	2	2025-01-23	Habit || I have been using the app almost a month; i cant update custom habit settings. For example when i add Workout twice a week then update as 3 times a week it deletes my history of that workout. App needs so many bug fixes. Kind a useless, waste of money.
A1#51697	1. Habit Tracker - Goal Tracke	5	2025-01-26	pers have paid attention to the competition, and ironed out the issues those competitors had. The UI is minimalist and aesthetically modern and friendly, and it’s so easy to get around. This little app packs a punch with all the touches, habit hiding feature, multiple ways to do something so you’ll find your favorite way of organizing your habit. This app is going to rocket to the top. I also appreciate the reasonable “Buy for Life” without the subscription. Job well done! If I had to nitpick, some of the font placements and sizing are a little out of step with the other elements of the UI, so I look forward to seeing future typographical refinements, but this in no way demerits the overall 
A1#52156	1. Habit Tracker - Goal Tracke	3	2024-07-12	Fine but clunky || This app has a lot of potential but between redundant side pages and a wacky interface, its three stars. I do love the poke mechanism for other folks working on goals together though!
A1#55488	1. Habit Tracker - Goal Tracke	5	2022-01-03	👎🏻 || Does not sync multiple devices…Who wants to enter same info repeatedly on different devices. Disappointed.
A10#1071	10. Finch - Self-Care Pet - Da	5	2025-04-17	tion because of stress and ADHD. In Finch, I never feel like I have to make an extra effort to “decide” what tools to use when I need them the most. I can tell that the team behind this knows what they’re doing. It has so many helpful features without feeling redundant at all. There are plenty of options and customisable features, but it never feels overwhelming like the other apps I’ve used, which often felt like they were designed for people with more willpower than I actually have (especially when I’m already struggling, which is why I need the app in the first place). Everything in Finch just feels right. I’ve been using Finch every day for almost a month now, and I’m still feeling posit
A10#10274	10. Finch - Self-Care Pet - Da	5	2026-02-19	THIS APP IS AMAZING ! || This app is amazing in many ways ! For instance you get to look after these adorable micropets as they give you motivating messages . I got a message today saying don’t give up !  YOU MUST DOWNLOAD OR YOU WILL MISS A ONE IN A LIFETIME OPPORTUNITY !
A10#11772	10. Finch - Self-Care Pet - Da	1	2025-03-05	fter I’ve paid the yearly subscription!) || To get the most out of this app, you need to pay the yearly subscription fee  I did this, mainly because there’s an extra daily reward for the monthly events  The March one hasn’t loaded, I’ve emailed the “get help” link twice. Nothing. Not even a response. Clearly this is a money making feature that gives no care to its users who are using this app for self development  I WANT MY MONEY BACK
A10#51884	10. Finch - Self-Care Pet - Da	4	2023-05-10	Gifting!!! || Would be so nice if I was able to send my duplicates to my friends :( a gifting option would be awesome
A10#56067	10. Finch - Self-Care Pet - Da	4	2022-12-30	and all of the prompts it gives to do so. Super cute overall and definitely has made a positive difference in my life. One issue that i’ve found is that there is not much of a tutorial when you download that shows you where everything is, and there’s multiple different ways to do the same action which gets confusing and a bit overwhelming. A cut down on these multiple methods or just more explanation/organization would probably have made this a 5 but the interface is still very intuitive and functional nevertheless.
A10#66456	10. Finch - Self-Care Pet - Da	5	2022-04-02	akes good care of me :) and a lot of it is free which is really good. One thing - however. Sometimes when I scroll down on the main page the app freezes and when I try to close my iPhone the screen freezes but then eventually it brings me back to my home Lock Screen. Only has happened twice, so it might be on my end. But really great, I do recommend downloading it.
A13#8943	13. Productive - Habit Tracker	2	2019-11-19	My habits are deleted & duplicated || At first i really love this app but there are times where my habits are missing and some habits are duplicated. I didn’t any delete button but it’s suddenly being deleted.
A13#12791	13. Productive - Habit Tracker	5	2020-06-03	his app is so fun to use that it is tempting to add WAY TOO MANY habits right off the bat. It is much better to just start with a few that you are trying to track. For me it is currently: daily: drink 6 cups of water, do weights, do cardio, write gratefulness entries   twice a week: make something for someone   before i had about 16 different habits i was tracking, and i hated it, so i stopped. i just started again and i’m loving it!  i’m going to be disciplined and WAIT one month to let these get fully ingrained before i try to add more.
A13#14000	13. Productive - Habit Tracker	5	2019-10-25	fe then this is the app for you.  I recommend adding one habit at a time to not overwhelm yourself but once you start doing multiple positive habits this is a great way to keep track of them. Great for starting a morning routine!  One recommendation: Add more icons to the list because I have a lot of duplicate icons for different things because there is nothing good to go with it.
A13#17782	13. Productive - Habit Tracker	3	2016-07-27	Good, but...... || I tried this app for a week and I really like it but I need notifications individually. I use the standard reminder app that comes on iPhones and I love that with that I can get individual reminders for things, repeated, on my lock screen, that can be marked completed right there. I don&#39;t want to have to go into the app constantly. There are enough thing on my phone taking up my time and this will not be one of them. Sticking with the basics.
A20#518	20. Habit — Daily Tracker - Cr	2	2020-05-23	Confusing UI || It’s confusing when you have multiple habits and they each have a different frequency. The home page makes it confusing, and the check boxes do too. The check boxes are always for every day even if the frequency is twice a week. There isn’t even a direct option for “twice a week” or “once a month” it’s only “every _ day(s)”
A23#527	23. Streaks - The habit-formin	1	2024-09-25	see my data is also gone. Well done.  For any other victimes of this update, you can re-import your data by going to Prefs &gt; Manage Data &gt; Backups  and select the most recent that ran before the update.  PPS: The next day many of my tasks again appeared TWICE. ie two icons etc. Others have disappeared. Incredible.
A23#644	23. Streaks - The habit-formin	5	2020-11-12	perfect functionality, visually just good || great app, wish it had more colour options/ daily/ twice daily automatic colour theme changes!! would be quite refreshing
A23#707	23. Streaks - The habit-formin	3	2018-11-23	So close to perfect || I love so many things about this app, but it is not intuitive to learn how to manage daily tasks and takes a couple days to get totally familiar. Feels like I am pressing so many buttons to get to one thing.   There is simply not enough space for tasks.  And finally, I would love to get this for my partners phone but as a shift worker the 12am reset would make the app pretty useless for him.
A23#2380	23. Streaks - The habit-formin	4	2016-01-03	Backtrack? || It&#39;s an awesome app. Really simple and easy to use. You can use it to aim for daily tasks or set it for only certain days or number of days per week. An improvement would be the option of aiming for twice a day. It would also be good if you could pull up a calendar and record for previous days so that if you&#39;ve forgotten to log it but have done the task, then you don&#39;t lose your streak. Or be able to say &#39;my current streak is two days&#39; when you create a new task. I understand that 6 is a good amount of habits for most people, and the option for too many would be overwhelming but I use it to track the most basic things (shower, clean teeth, etc) so having a f
A23#3191	23. Streaks - The habit-formin	5	2022-04-06	iCloud sync not working || iCloud sync has not worked for the very least 2 weeks. Either the app shows duplicate entries (with an incorrect streak count) or don’t appear at all.
A23#3643	23. Streaks - The habit-formin	4	2019-05-25	Some ideas || - Why do I have to tap icon twice on ApplecWatch to set goal as done. Why not to accept task by tapping on small icon without enlarging it by the first tap.  - Custom Siri Shortcuts do not synchronized to the Apple Watch - Scroll on the Spple watch has large padding at the bottom and when you scroll down till the end the half of the top icon disappears and there is a lot of free space at the bottom. There should be no bottom padding at all and then 3 icons will be fully shown.
A23#4281	23. Streaks - The habit-formin	5	2024-09-21	Nice touches || There are a lot of streaks apps out there. I happened to get this one. I added a task “go climbing” that I want to do twice a week.   To my surprise the icon automatically changed to a figure climbing with ropes.  Little bits of delight such as this one are what make using apps a pleasure.
A23#6707	23. Streaks - The habit-formin	5	2016-01-02	le filled it like the phone. It&#39;s kind of slow on the watch and with the force touch it says done but then sits there for a while until filled. I would like if there was a way to track things you are trying to do more than once a day like brush your teeth twice a day. You could set a goal on one button and fill it half way for each hold/fill. Or for 8x glasses of water or any other thing that was more than once a day. Thanks for making this, I hope you can add a few more icons sometime too.
A24#5502	24. Fabulous - Daily Habit Tra	2	2024-10-17	Confusing || It’s hard to tell what’s going on with this app because it’s so poorly designed. It jumps around screens and hard to get back to the screen you’re on. It seems many of the functions are redundant. One second it goes to the next screen by itself, then the next you hit a button that takes you to a completely different area that you didn’t even know about. But good luck getting back to that screen when you leave it. It’s so frustrating. I want to like it but it makes it difficult.
A24#6939	24. Fabulous - Daily Habit Tra	4	2020-03-08	Great app but has some confusing parts || There’s a lot of different ways to access the same content that the app offers, which makes it mechanically trivial sometimes. I love the app and it has wonderful resources for anyone looking to better themselves.
A24#14230	24. Fabulous - Daily Habit Tra	1	2026-03-12	What? Why did the take my money twice? || I selected the  £14 option when signing up and two lots of £14 were debited - I did not select anything else - please refund immediately
A24#15884	24. Fabulous - Daily Habit Tra	1	2021-07-09	Absolute Rubbish || Messy app, difficult to navigate. It’s all over the place. It charged me twice! Once via a web page and then again within app. There is no way of contacting them. A scam!!!
A24#16568	24. Fabulous - Daily Habit Tra	3	2020-07-03	n annoy your friends). Coaching sessions are random and out of subject. I don’t have family or kids and getting coaching about that. Also the form of giving you info is boring and too long. It’s like in this motivational books where author keeps repeating the same thing in different ways, but getting anywhere constructive.
A24#17166	24. Fabulous - Daily Habit Tra	1	2019-03-18	Misleading || The app renewed in the middle of the night and took £43 out of my account. I did not what to keep it nor could I find anywhere to cancel it. I have emailed the app twice on the feedback link and have heard nothing back. VERY disappointed.
A24#17862	24. Fabulous - Daily Habit Tra	1	2019-04-13	Subscription options? || Found the trial useful and motivating - however, the subscription offers are very confusing?  There is no explanation of the differences between premium and sphere subscriptions and the subscription options are listed twice with two different prices?  I decided to look at the reviews to make up my mind before subscribing and glad that I did. Unfortunately it’s a no from me - if customer service is not a top priority, that’s not fabulous.
A24#18271	24. Fabulous - Daily Habit Tra	1	2019-03-14	App forcing Subscription as Cancel Subscription option not available || Cannot see Cancel Subscription Option in Settings as mentioned under POLICY during sign up. Only Upgrade version option available. Have raised this issue twice but no response from them. This is gross malpractice. For the record I Do not want Auto Renewal of subscription, letting you know in advance. Action from app needed immediately.
A24#25919	24. Fabulous - Daily Habit Tra	1	2025-03-17	Forced payment and no unsubscribe button || There is no easy way to find the unsubscribe button. I was just charged twice in 7 minutes for a service that I had been trying to unsubscribe from with no luck. Do not download unless you want your account wiped out with charges that you can’t even unsubscribe from.
A24#26879	24. Fabulous - Daily Habit Tra	2	2024-11-04	Overwhelming, Capitalist design || Too cluttered. There are simply way too many options way too many ways of getting back to the same page, too many take, too many ways to do a task too many ways to plan a day. It is simply overwhelming. I see how it is trying to help but something simple is key for someone with ADHD or who is trying to create a habit or fall into the same routine. I used to use fabulous years ago, probably in 2017 and I don’t remember it being this complicated. Also I dislike the AI graphics and images, the low quality widgets, it seems a bit lazy. I don’t mean to sound like I am upset but I did end up paying a $30+ membership just to never use it because it was trying to d
A24#32800	24. Fabulous - Daily Habit Tra	4	2022-01-09	 sets up you r personal wellness journey like an actual hero’s journey, what with mountains to climb and adventures to seek, I personally really like this detail. Despite all that however, I feel that the design is a bit clunky, there are a lot of pop ups and redundant buttons that all collect the same information and I think the experience would feel even more seamless if they simplified the Home Screen a bit. Other than that, I’m excited to see how the app continues to evolve and how they choose to go about adding new features in the future.
A24#32854	24. Fabulous - Daily Habit Tra	3	2022-01-08	Helpful, but buggy. || The content and format are helpful, but you need a high tolerance for unreliable bugginess. There are two ways to access the routines— from button on the home page, and from a pop-up on the same page. In the morning, the former frequently shows me a completed routine from a previous day, and no amount of clicking “Today” or arrows will actually get me to today’s routine. The pop-up is somewhat more reliable, but will sometimes be missing items, which will show up again when I close and open the routine again. Good behavioral science doesn’t quite compensate for poor app testing. I may start recommending the app if it becomes more stable in future updates.
A24#37242	24. Fabulous - Daily Habit Tra	3	2021-01-11	bulous. I think they do an incredible job, but there are some bugs and overall it’s a little confusing as to how to navigate and best utilize the app. In some ways it’s too guided and in others, not guided enough. Needs some clarifying. For example, there are multiple ways to access the same things and it doesn’t check off one way if you access it via another way. So I’d end up trying to check something off as read or done multiple times every day and not quite sure when I had done what I was supposed to. I experienced a couple other inconveniences as well. Really disappointed because I think this app has the potential to be life changing.
A24#40349	24. Fabulous - Daily Habit Tra	4	2020-02-18	Very motivating || Great app for gamifying/itemizing habits, perfect for a completionist like me that likes checking things off. 4 stars because the interface is confusing and not very intuitive, and a lot of the different tabs have redundant content. Definitely discouraged me from using it for like a month before I came back to it.
A25#1095	25. Grit - Daily Habit Tracker	4	2025-05-15	starts, so your habits don’t fail at midnight like so many other apps do.   One critique/feature request is that the Apple Watch side of this is really lacking customizability. I’d love to be able to turn off task icons as they take up a large amount of watch screen real estate. You also have to tap twice to complete any habit (even those with a singular unit) and that’s kind of annoying. Wish I could just tap a habit/to-do on the watch to mark it done. But otherwise I’m a fan.
A31#78	31. Do Habits - Get It Done - 	1	2023-11-26	Dodgy || I upgraded to premium and the app didn’t unlock the features. I’ve emailed support twice, and sent them the screen shot of my apple transaction, but no response. Feels like I’ve been scammed.
A31#1225	31. Do Habits - Get It Done - 	2	2024-07-31	 of it and started using a different habit tracker because the app has become very annoying.  There is a “limited” offer shown every single time you open the app for a lifetime pro subscription. You have to X out every single time to return to your main habit page.  Twice, I actually purchased the offer just to make it go away, but it was never applied to my account. I never received the pro version even though I was charged for it, and the offer popup kept appearing. Fortunately, Apple reimbursed me. I also reached out to the provider&#39;s customer service but received no response.  I guess this is how you lose customers. I don’t understand how they can push an offer so aggressively and th
A31#2694	31. Do Habits - Get It Done - 	1	2024-02-16	LOVE THIS APP! Sad for no response from developers || I’ve used this app with great success until this New Year. The in-app offer page that pops up, twice, EVERY TIME I open the app, offering to upgrade, won’t go away despite my having purchased the lifetime version. I also cannot add more tasks. I’ve sent three messages to support and I know the issue is resolvable as my spouse had the same problem, which was resolved quickly by the developer. What’s a user to do when the developers or support won’t respond? I’m so sad to have to find another solution as I find this app has it all.
A31#4276	31. Do Habits - Get It Done - 	1	2022-01-01	Glitch?… || Looks like it has a lot of potential, but won’t work on my phone. I have a newer iPhone so theoretically it should work, but every time I go to open the app it just kicks me back out to my Home Screen. Have tried re-downloading twice and restarted my phone and it never even let me into the app. Hard to give a review when you can’t get into the app, but just wanted to call this problem to attention.
A33#384	33. Habitify - Habit Tracker -	3	2018-12-24	Simple. Doesn’t track extra progress || Nice and simple app but I wish there was an option to track overachievement. I can’t record that I read 4 times a week if my goal was 3 times for example. Also can’t record that I meditated twice a day (only daily options) Good for very simple use.
A33#1099	33. Habitify - Habit Tracker -	4	2026-01-03	Almost perfect || Hi, I really like this app, but would love the option to schedule a habit twice weekly, rather than specific days! I fluctuate when I go to the gym, but there no option for that
A33#1420	33. Habitify - Habit Tracker -	2	2020-08-08	Desktop/Web not as functional || Desktop and web applications are clunkier to use than the app. While creating a habit on the web application, it created duplicates and there was no option to delete individual habits. The desktop app didn&#39;t have the notes function/ reports weren&#39;t as intensive.  Disappointed.
A33#2144	33. Habitify - Habit Tracker -	5	2020-07-25	bbits that I always failed before using this app!  One thing I would like to pinpoint as a feedback is that time to time, whenever I try to use timer to record my time, it just doesn’t work unless I restart the app... It happens when I click the “timer start” button.. It happens at least twice a day I think  Asides from that, Loving it
A33#2976	33. Habitify - Habit Tracker -	4	2024-07-09	e progress, would help understand the habit&#39;s purpose without the need for multiple clicks. The current process, involving clicking habit, then three dots, then edit, makes it cumbersome for scheduling. Also, some features, like action manage list, appear redundant with tasks in the about page. Simplifying these steps would greatly improve the user experience. Every time it synced to Google calendar same task will duplicate itself again and again unlink with apple calendar, no duplicated tasks created.
A36#247	36. (Not Boring) Habits - Scie	3	2024-12-15	Multiple Occurrence || Nice basic habit tracking app but missing multiple occurrence option. I can’t mark twice in same day or more than one time in same day. Also missing if a habit is one time per week - marking done marks for whole week till next week.
A4#7354	4. Me+ Lifestyle Routine - Dai	3	2023-05-01	It needs to improve its features and add more || It&#39;s cool and colorful but there are many things to improve. There is no option to edit a task if it is for another day, you can only edit it if you&#39;re on that day, not enough emojis (and they&#39;re repeated two or three times), no option to save your data, no option to view all tasks in one place or by tags, no option to set an alarm for different hours and it would also be nice to have the option to put the &#34;any time of the day&#34; task at the bottom of the screen instead of at the top. It has potential and is easy to use and keep track of your activities, but it isn&#39;t worth the subscription.
A4#9679	4. Me+ Lifestyle Routine - Dai	1	2023-11-22	Sign up free trial but got charge || I request a refund twice but get denied twice ,and there was no option to request refund on the app
A4#12473	4. Me+ Lifestyle Routine - Dai	1	2025-02-18	I downloaded this app for a planner || The app didn’t even open I restarted my phone twice and the app is just on the loading screen. Absolute trash.
A4#17042	4. Me+ Lifestyle Routine - Dai	3	2023-12-06	App changed || I had this app at the beginning of the year and I loved how I could schedule things through out the day. Now it only allows you to set things as “all day”. additionally, you do not have the option to do it twice a day like brushing your teeth. Finally, it’s frustrating that you can’t make edits to the schedule unless the task is for that day. More color options and layout styles would be fun too 😬 The app used to be 5/5 stars, I think they can get back there again.  Update: for months there have been the same complaints from multiple user, yet this recent update addressed none of them. Really disappointing. Going to be deleting this app now.
A48#1130	48. Strides - Habit Tracker + 	2	2015-04-24	Potentially good, but too many bugs || Looks beautiful, and has just the functionality I&#39;m after but at the moment it has far too many bugs to consider paying for. Sync causes duplicated entries which throws out the calculation of whether or not you on track with your goals, which undermines the point of the app. And it causes duplicated alerts to go off, which is incredibly annoying. A great concept, and if the developers can fix the issues I&#39;d give it another go, but for now I&#39;m going to reluctantly have to look for something else.
A48#3379	48. Strides - Habit Tracker + 	2	2017-08-28	Hard to use || Great concept (all the different ways to track), but I find it hard to use.
A48#3659	48. Strides - Habit Tracker + 	5	2016-11-21	Best habit tracker! || This is the most user-friendly and beautiful habit tracker for iOS. The pro version is worth every penny. This app lets you track habits in so many different ways, and being able to access the desktop version is awesome.
A48#4102	48. Strides - Habit Tracker + 	2	2015-01-30	Latest version is bad. || I was really enjoying this app until the last update.  I don&#39;t think the new subscription model will work when the new version of the app duplicates some entries, loses others, and then calculate averages and success rates incorrectly.   I tried using the new web site and my data is presented in an unusable way. I feel like this is a 0.3 version, not a 3.0.
A48#4273	48. Strides - Habit Tracker + 	4	2014-03-13	.  However, from a design perspective, there&#39;s so much going on. When I&#39;m tracking my progress, I bounce from one graph to another, and get lost along the way. I don&#39;t mind it, but Strides should be designed to be simple to follow. I have to click several buttons to before I get to the log section.  Regardless, I love it. There&#39;s another app called Weave that helps you track your projects and reminds of them, helps you keep track of them and your possible expenses that come with it, but that too, has a lot going on. Strides is simple enough that I get to track a whole number of personal, fitness, and business goals and it&#39;s exciting to check off and track. There are just 
A53#121	53. HabitMinder • Habit Tracke	4	2020-01-07	lmost Complete || I really like this app. I like the concept of having mini apps and Apple health integration. The only thing I really find missing is the ability to record timed and health integrated events more then once. For example, brushing teeth happens twice a day but it only gives you the option to do it once for 2 mins or put it in for 4 min and hope you hit the 2 min mark by yourself. Please just add that and this will be a perfect app.
A53#650	53. HabitMinder • Habit Tracke	5	2021-12-23	nd set reminders for each one.  2) For habit “be thankful” to keep a small journal, easy accessible, of things one is thankful for.  3) More than one reminder a day is also a must as well as an option to set specific hours for reminders. 4) Also please add an option to set reminder for something twice a month or specific days and not just the beginner/middle/end of the month. Thank you!
A53#1420	53. HabitMinder • Habit Tracke	5	2022-05-29	Great app but || I know I’m gonna love this app (the WaterMinder app is wonderful) but I wish it had an option for twice daily, like brushing teeth for example.
A53#1502	53. HabitMinder • Habit Tracke	5	2019-11-09	iency of the app, or the awesome team behind it :) I definitely recommend this for someone trying to build &amp; maintain new habits: it’s intuitive &amp; integrates nicely with the Apple Watch &amp; existing Health &amp; other apps, too, so you don’t have to duplicate efforts with data entry (huge win). Thank you to the team who for created &amp; maintains this app! You’re crushing it!
A54#160	54. Avocation - Habit Tracker 	4	2023-01-06	Frequency || Hi, First of all I really love your apps. It’s simple and beautiful and also usefull. I have one request though. Regarding habbit frequency, it’s kinda not intuitive to only have options of the name of the day. I guess it will be better if it has option to do habbit like once, twice, thrice a week. Take example: Workout at Gym. You just can’t 100% sure when to go. Or visit Library. I meant, this is habbit tracker apps and not Scheduling apps, so maybe some those option are more intuitive and make sense. Thanks.
A54#294	54. Avocation - Habit Tracker 	2	2022-07-22	to pick what days of the week you will do something. I am not able to *always* work out on Mon-Wed-Thur-Sat. I want to be able to simply say 4 times a week. The icon stays up all week-no big deal. Same with monthly habits-some things I only need to do once or twice a month-just leave the icon up the whole month…not a big deal at all…  2. You can only view the previous day’s habits. Sometimes I forget to check things off, or because I might workout Sunday instead of Thursday, I can’t even go back to Thursday to check it off. This makes issue #1 even more irksome.   3. The calendar that tracks your overall progress isn’t even correct. If I update the previous day’s habits, the calendar won’t r
A55#1216	55. Habit-Bull - Daily Goal Pl	5	2020-05-30	Zebrabee88 || Easy to use though I would like an option for things I would like to do once or twice  a week without having to assign the exact day. Still new to it but I am looking forward to getting it done every day!
A59#12429	59. Tappsk - ToDo & Habit Trac	5	2020-04-23	|| I think this is the first app which helped me to start completing tasks right away and not observing the features. I’d like to see this app for Mac, but as a developer I understand that it might take a lot of time to have it design for OS X. PLEASE  🤗 add “duplicate” button on main screen (it’s not only in logbook) I have to mark my task as completed, then I duplicate it and then “uncheck completion” in order to create 2 same tasks for today and tomorrow lists. Sometimes annoying. Thanks)
A67#615	67. Habio - Daily Habit Tracke	1	2024-02-14	the next page where I accidentally purchased pdf version not knowing I am being charged ( there was no notification that money will be taken only very cheeky small writing underneath the button) and I though that’s part of the subscription. After pressing the buttons twice ( nothing was happening)  I realised I been charged twice for the pdf format. When I downloaded the app and tried to log in I couldn’t get through and contacted the support. Took them a week to get back so I have been charged for a month subscription too so all this comes to over £70. When I claimed I can’t log in I have been turned down that I have no right to get money back and they canceled my subscription .. 3 weeks la
A7#282	7. Habit Tracker - HabitKit - 	2	2025-09-24	Missing macOS, ipadOS and watchOS apps || It would be great to have the same features on different devices, such as macOS, ipadOS and watchOS
A76#2096	76. Way of Life - Habit Tracke	4	2022-01-06	Clear app, great to see your evolution || Love the app, very clear view and nice for tracking your daily habits and your evolution.  Wish it had some kind of « twice a week » option though, and a « day view » to quickly see your reminding tasks of the day and check them !  Hopefully they’ll be some new features in future updates
A76#5260	76. Way of Life - Habit Tracke	5	2020-02-01	 would be easier to enter they all at once.  3. For the same example, it would be great if I could set a not exceeded goal. So I could track no more than 15 days a month away from home 4. Integration with Apple Health and other health apps. So I don’t need to duplicate the entry of tracking how many days I workout.  I’m sure any app have rooms to improve. But overall I love this app. Great job for the developers behind this app. Big thanks to you all. It has helped change my lifestyle and help me be a better me!
A76#5418	76. Way of Life - Habit Tracke	4	2018-12-16	Great helper! || I found the app yesterday and upgraded to premium in no time. As far as I found out skipping is the only way for habits which are once or twice a week. I wish there was an option for that and we wouldn’t need to push skip for 6 days and push yes for once for weekly habits. Thank you for this wonderful app and I’m looking forward to update my feedback and rating!
A85#1194	85. Habitica - Gamified Taskma	4	2021-10-01	Can’t adjust the number of days after which a daily needs to be repeated with the latest update || The option to change that after how many specific days I want to repeat a daily is non functional with the latest update
A85#2470	85. Habitica - Gamified Taskma	3	2019-11-22	I want to love this app but it’s so buggy!! || I use this app on a daily basis. I wish it would automatically update in the morning so I don’t accidentally press a habit button twice for yesterday when it was supposed to be for today! I also think the sorting of the dailies is really funky. I’d prefer if they were arranged alphabetically/by urgency or something. Sometimes “join challenge” buttons don’t load and I have to refresh a million times to get it to appear. The UI jumps around or is laggy. I hope all of these things get fixed because this app has a lot of potential. Just needs work.
A85#3364	85. Habitica - Gamified Taskma	3	2015-09-18	es reset at five in the afternoon -there&#39;s an option to show completed to-do list objectives but it doesn&#39;t show them  Those are the two main ones that I found, and the first is ruining my experience. Also, for the dailies it&#39;d be nice to have the option of a thing being clicked on twice a day like brushing your teeth. I just made it a two-part checklist and set the difficulty a little higher, but with the aforementioned resetting issue it keeps cutting me off.  Also when I go on the mobile site it doesn&#39;t actually go anywhere from the front page. :|  I can imagine this being a favorite app with more polish and I&#39;m still going to use it now, but it only deserves a 3/5.
A86#792	86. Today Habit tracker - For 	4	2016-08-29	Great App || Just bought this app and so far so good but would be great to have categories and instead of two entries to have the option of a twice a day habit.
A86#940	86. Today Habit tracker - For 	4	2020-02-17	Please update the app || Hi. Is anyone still there? I’m confused about Streak Calendar’s bug, it always jump to other day’s section  after I touch twice check-in prompt’s “+” button. I just want you to fix these problems, but also I still want this app to get updated. I’m still a user. Thank you for all your great works, Today team.  2/17/‘20 Thanks for the response ;)
A86#1168	86. Today Habit tracker - For 	3	2017-12-02	Awesome app, that crashes time to time || App is really cool, and smartly customizable (is flexible to create personal settings, but doesn’t take too much time to do so). Though, it crashes in different places all the time. For example - I need to open it twice, before it actually launches (in 50% times). Another crash happens when I want to view/edit data in chart widget within the habit.
A86#1177	86. Today Habit tracker - For 	2	2025-12-15	No Widget || The app description update says widget. I paid for the Premium twice and still don’t have a widget option.
A86#1248	86. Today Habit tracker - For 	3	2020-02-26	Was My Favorite || I love this app and have the paid version. It was beautiful and effective...until I upgraded to iPhone 11. I have reached out for help twice with no response. Even the help desk link in the app doesn’t work. My entire history is gone, my saved images are gone, and I can no longer create new habits. If the app gets fixed, I’ll change this review to five stars. Once upon a time this app was perfect.
A86#1764	86. Today Habit tracker - For 	1	2016-03-10	Does it even work? || When I saw this was an editors choice app I checked it out. I decided to download it ended. I&#39;ve done that twice now and all I get is the screen that says today. And then everything crashes.
A88#219	88. GetHabit - Easy Habit Trac	1	2021-01-01	Scam app. || I foolishly signed up have been conned into paying twice. After selecting an option I was presented with a 50% off for the option I was looking at. I can now see that I’ve paid twice for the same thing, full price and half price. I can’t now find a way to request a refund.
A88#486	88. GetHabit - Easy Habit Trac	1	2020-12-21	Charged twice || I got charged twice. The page opened to three choices of subscription and I chose the lifetime access. Then a pop-up showed that I get a 50%off for this deal if I subscribe within one hour. So I did. My account is now showing me that I got charged for the original subscription price + the 50% price. I’m trying to send email through the support but just showing a pop-up message, “Failed to send email” 😫
P110#3461	110. Habit Tracker Unlimited	4	2018-02-27	 || good app , exactly what that i am looking for. only one thing is i request to you just add a alert notification time  option to remind us once or twice in a day to fill up habit calendar daily. hope you understand what i want to say. also i think you guys must need this feature coz its a daily calendar app, people must notified daily to force them to fill their data.
P111#1107	111. My Study Life - School Pl	1	2024-09-17	 || The new update completely ruined the app. I used to use it constantly and tell all my friends to use it, but now it's just a terrible app. It feels awful to use. It's so clunky having to navigate through 5 different menus to find one thing that previously was front and center. If the update gets reversed, then maybe I'll continue using this app, but for now, I'm just gonna find a different one because that's actually easier for me than figuring out this awfully designed UI.
P111#1449	111. My Study Life - School Pl	5	2023-06-27	 || It's super useful. I'd take off 1/2 a star, though, only because it's tedious and difficult to enter in many tasks/assignments; if there was a way to duplicate existing entries, that would be nice. Otherwise it's super great!
P111#11658	111. My Study Life - School Pl	4	2014-10-03	 || As a distance learner in employment, my tutorials are online, and not on a regular reoccurring cycle. It would be handy if this app created a duplicate entry in my native calendar (which I use for all other plans, social and work) and marked the time as busy. It doesn't have to copy all details, just "Study" or something would be fine. This would help me avoid double booking myself. A widget would also be good
P111#13781	111. My Study Life - School Pl	4	2015-05-07	 || Some classes are taught by the same teacher, but in different buildings/rooms. Ex: Mondays Math classes are in Building C, Room 23 at  but Fridays is Building C, Room 17. Currently that option is unsupported, we have to duplicate the classes.
P111#14927	111. My Study Life - School Pl	3	2015-09-08	 || I'd suppose it'd work well if I didn't have a schedule that changed every week which meant I can't input a schedule. I never have class on the same day or time twice so maybe add a free setting where you can manually program every week
P12#24055	12. Fabulous Daily Routine Pla	1	2022-06-22	 || CAREFUL! THESE PEOPLE WILL CHARGE YOU DESPITE YOU TELLING THEM YOU WANT TO CANCEL! I have now been charged 34.99 because the cancellation link didn't work. I informed Fabulous help desk about this but nothing but repeated "Go to cancellation link, it's easy". Full of platitudes and impossible to cancel. I find the app messy and the layout incomprehensible, there is no clarity of the overall strategy beyond the oft repeated "one little step at a time" chant.
P12#26600	12. Fabulous Daily Routine Pla	1	2022-03-02	ime, forget trying to login on a new phone or different device. Their help section says they will re-charge you to login to your premium account, you have already paid for, if it is on a new device. Plus, it also takes about 5 min to reach the abilty to click several menus to get to a login option. No other app forces re-payment to login to an account that is already paid for. That is truly terrible software programming.
P12#29917	12. Fabulous Daily Routine Pla	1	2021-11-12	 || After answering the questions the app stays stuck on a black screen, happened twice now uninstalling
P12#30723	12. Fabulous Daily Routine Pla	1	2021-10-18	 || DO NOT DOWNLOAD. The app was stuck on a blue screen. I emailed twice for help and, after no response, twice for a refund. I've also taken action via Paypal because they haven't responded to anything. Super disappointing. I've emailed for a fifth time asking for a refund.
P12#32421	12. Fabulous Daily Routine Pla	3	2021-09-07	 subscribe after a five day trial. I do think there are many benefits to this app, but I don't have the patience for the coaching. I needed a timed list of my daily routine with the little self improvements like gratitude journaling, meditation and daily goal setting built in. The addition of twice daily coaching was just too much for me.
P12#34081	12. Fabulous Daily Routine Pla	1	2021-07-28	 || This looks like a great app, but when I enter my info I get to a page that says "tap the fingerprint to continue." I tapped all over the screen twice and got stuck. Can you please help so I can use this app? Thank you!
P12#42832	12. Fabulous Daily Routine Pla	1	2021-02-02	 into pseudoscience nonsense. Marketing suggests tailored plan but is the same for everyone. If you find quotes & stuff motivational fair enough but not useful for me. The app looks nice on the surface but is pretty awful. Can't turn off coaching and now it's twice a day! No option to delete account.
P12#66031	12. Fabulous Daily Routine Pla	1	2019-04-15	 || Beautiful app which I am now paying for. However on sign up to the paid version I sent an email twice to tell them that a lot of their pages are unreadable, the text overlaps onto other text completely. I've had no response, which is a shame considering I am paying for a service.
P126#17285	126. To Do List	1	2026-07-31	 || When closing the repeated task screen jumps to newly created record in future have to scroll back to top every time. App become unusable.
P126#21349	126. To Do List	5	2025-07-30	 || Please add calender from 1990 or add duplicate the task option
P126#23944	126. To Do List	5	2024-11-18	 || no fuss no muss, simple and quick, can export to other apps, allows batch entry. would love the possibility to duplicate a task or list, and more choices for repeatability, like repeatability based on times in a day, duplication. First day of use, and I've tried other apps that require subscription or ridiculous one time cost.
P126#27796	126. To Do List	5	2023-12-02	 || This app is very helpful. It helps me to overcome my laziness. But I wish there was a 'twice in week' option where I could choose which days of week I want the reminder.
P126#41462	126. To Do List	4	2021-10-08	 || Its simple and easy to work with but it has an issue. It should not allow us to add same task twice. It should alert before saving the duplicate entry.
P126#45331	126. To Do List	4	2021-06-04	 || One of the best around but when it syncs to Google, Google calendar duplicates the entries and the timing is totally off. So... You end up have 2 notifications but both at different times. Not sure how to solve this? Pls help if there is a solution.
P126#55825	126. To Do List	1	2020-10-20	 || Snooze is not repeated and I am unable to find any settings. Without it how can we be reminded.
P126#58278	126. To Do List	2	2020-09-01	 || It's a great app. I enjoy using it. But there are things I expect from the app: 1. Back dating an event is difficult to make it more than 1 year earlier with the app. Make the calendar year flexible to scroll backwards beyond 10 years. 2. Make an option where one can duplicate an event. 3. Add options of repeating an event where one can choose the day of the week on monthly or yearly repetition.
P126#62537	126. To Do List	4	2020-05-15	e a big task and in it there are small tasks so you don't just make all the small tasks next to the important tasks and other thing is to make a priority system that helps you remember the important stuff the last thing that I recommend you to do is to add an option to duplicate the task then edit it because it will really help making the app more user friendly
P126#65726	126. To Do List	3	2019-12-28	 || it's not repeated my daily timetable notification.when I want 2 repeat my daily timetable it's not work properly .I'm using repeated option also but no use. pls add repeat option.
P126#68833	126. To Do List	4	2019-08-26	 || Best recurring task function in a free app that I've found. And, I've tried a lot of apps at this point. Would give 5 stars is I could set recurrence to twice weekly on specific days rather than setting up two distinct tasks.
P126#72808	126. To Do List	1	2019-02-28	 || ADS THAT TAKE OVER FULL SCREEN every time you touch the screen twice.
P14#62	14. Habit Pixel - Streak Track	5	2026-07-03	o bits of feedback. 1. The reminders stay in the time zone they're created in. I recently moved and had to go through and redo all my reminders to reflect the new time zone. Not the end of the world, but fixing this would be an appreciated enhancement. 2. The duplicate habit button doesn't seem to work. It just edits the original habit.
P2#1351	2. HabitNow Daily Routine Plan	5	2026-05-23	 || I love lists and this is the best list app I've found. It's highly modifiable (although you have to dig several menus deep for some of the settings) and you can set or avoid notifications for each task. I do have Premium, which I consider to be well worth the one time cost, but the basic was good as well. I use this app multiple times a day, every day. It's also not bogged down with AI features, which is a huge plus.
P2#2929	2. HabitNow Daily Routine Plan	5	2025-05-09	 || Hi ... please create an option to duplicate tasks.. thanks
P2#5440	2. HabitNow Daily Routine Plan	4	2024-03-03	 for measurable habits. I need not calculate every time I make an entry. Suggestion : 1. Can we make this 'add' function permanent once selected. Because'replace' function becomes default for every new entry. I've to select 'add' every time now. 2. Categories option at the bottom menu seems redundant as the option is available already in the top left menu. So the bottom menu space can be used for something else
P2#7640	2. HabitNow Daily Routine Plan	5	2023-05-19	 || So easy to use! Really helpful reminders, customizable settings, a very wonderful tool to make to do lists, repeated daily habits, and the options for widgets is excellent!!
P2#7754	2. HabitNow Daily Routine Plan	4	2023-04-28	o use app, but annoying when filled in data gets unchecked or is straight up gone when you edit your habit/task. Resulting in making a new one from scratch, it's quite annoying and not very flexible when you want to make changes down the line, making me think twice before setting one up. Most nicer features and unlimited habits are behind a small paywall, which is only worth it if you want to use this app for a long time.
P2#9136	2. HabitNow Daily Routine Plan	5	2022-10-13	 || A top-notch habit tracker. Slick, non-invasive, helped me develop a few routines to boost my productivity. The only issues so far is that "Hide Completed" is not really compatible with marking lapses. For the latter, you need to toggle twice, but the entry disappears on the first toggle. Some solutions might be introducing a timer before the entry disappears, so I can have time to mark a lapse, or having a different interaction to mark those - e.g. double-taps.
P24#5431	24. Habit Tracker	4	2019-06-02	 || I've just installed this app and so far, it seems like exactly what I had been looking for! Kudos. I just have one suggestion. The app exits on pressing the back button once. Most apps exit on pressing the back button twice, which works great for the user experience, in my opinion. So, it would be really great if you could incorporate that. Hoping to use this app every day!
P3#1087	3. Loop Habit Tracker	5	2020-02-05	 || Best minimal App for tracking your habits. Amazing experience. Only thing I would love to be able to do is track bad habits too. As is the number of times weekly you'd like to do a habit has to be positive. I'd love a way to put in a "no more than twice a week" setting for a habit.
P3#1683	3. Loop Habit Tracker	3	2026-06-16	 snooze option has been removed, it's silly. Loved it but It's been 3.5 years that I posted some requests: option to skip in the notification, a search option for those of us with a long list or option to categorise habits by morn, afternoon etc or enabling a duplicate option so I don't have to drag the new habit all the way up to it's related ones. Looking at other apps seriously now after having used it for years since it's not feasible to adjust to these lacking functionalities anymore.
P3#1825	3. Loop Habit Tracker	5	2026-05-02	 || great, please make duplicate option and/or choosing top/bottom position of a new habit
P3#1857	3. Loop Habit Tracker	4	2026-04-19	 || The App keeps deleting my Measureable habit, happened twice now, right as I add an entry. I've got 3 other Yes/No habits. Less than 12months worth of data. Any ideas?
P3#5777	3. Loop Habit Tracker	4	2023-01-12	 || Would love twice a day frequency options
P3#6959	3. Loop Habit Tracker	5	2022-01-29	 || Excellent app, very customizable, and many ways to view stats which is So damn handy, used it for over 5 years now Wiish they had a patreon or something, I want to give them my money! Keep this app and company alive for many years to come
P3#7858	3. Loop Habit Tracker	5	2021-06-17	 || Very simple and easy to use. Love the straight forward UI. Recommendation: I would like to have an option to check a single habit/task twice or more per day, if not I have to duplicate the habit and check it two times separately.
P3#8656	3. Loop Habit Tracker	3	2020-12-12	 || I would like to be able to have a multiple times per day option., for example I want to establish a twice a day habit, but it seems that once a day is the smallest unit allowed. Another feature I could not find was the ability to set a 'streak target' for example being the objective to create a 30 day target. Apart from that it seems like a decent App just not the one I was looking for.
P3#9810	3. Loop Habit Tracker	4	2020-05-04	 || So far so good. Would like to have the option to do some things twice a day--like dishes, laundry, feeding dogs
P3#11169	3. Loop Habit Tracker	5	2019-07-18	 || superb app. i wanan suggest one thing that please add an option to mark an event twice and thrice in a single day.
P3#11819	3. Loop Habit Tracker	5	2019-02-27	 || Great App! I'd like an option to set a generic reminder to look through all of my habits twice a day instead of setting a separate reminder for a specific habit.
P3#15730	3. Loop Habit Tracker	2	2016-10-07	 || somethings are there which I have to do twice a day but no option there to record such.immediately uninstalled
P3#15747	3. Loop Habit Tracker	4	2016-10-01	 || Great app, but it would be awesome to have an option to group notifications so I don't have a ton of items in my notification bar. A widget might even be better, or a twice a day (user setting) reminder to check off accomplishments.
P36#339	36. Fun Habit - Habit Tracker	3	2021-10-25	 || Things to improve: 1) long press would be to check habit, not short press. Short press make a lot of checked mistakes. 2) when have more than 30 habits,  app collapse and show black screen  3) with more than 30 habits, when create new one, this duplicate it 4) please agree web dav option (NO CLOUD SERVICES) just that I can Access from my computer by 192.168.x.x  5) please more icons 6) we have tag that only separate the habits , you should create a analysis of this tags, no only gold o r
P38#294	38. Roubit -Daily Life Routine	3	2025-09-16	ng sometimes. The translation is not wrong but not very natural. It'll be great if the routine setting can be more flexible. For example: every __ days / weeks / months. There's a bug that really needs fixing, though. When I opt for the ultimate icon, it just duplicates the icons. I tried clear cache and restarted my phone, and it didn't help. I had to uninstall and reinstall it.
P4#23447	4. Me+ Lifestyle Routine	1	2024-01-05	 || The seems great and all but after adding two tasks it bombarded me and why need subscribtion if it doesn't allow you to add same options at different times!??
P4#76683	4. Me+ Lifestyle Routine	5	2023-10-19	 || Can Android have a widget too? Why can't I add a habit twice ? Option to make tasks move to the next day automatically when not completed.
P49#336	49. RoutineFlow - Routine for 	1	2025-12-08	 || Using a "Free" trial trap (that automatically turns into a subscriptription after 7 days) is pretty much the opposite of ADHD friendly. Trying it twice before I've even finished setting up my first routine is outright hostile.
P49#1125	49. RoutineFlow - Routine for 	5	2024-06-20	 || Really useful app. Perfect in its simplicity. Thank you. Requests would be i) ability to delete routines (I keep making too many duplicates by mistake) and ii) more icons. These are minor details though. I love the app. It's saved my life.
P49#3444	49. RoutineFlow - Routine for 	4	2023-03-12	 || creating routines was easy and intuitive. I imagine the paid version allows steps longer than 45 minutes, as well as the option to duplicate a step rather than having to create the same step (ie if i want more than one pomodoro). for a free version, nice so far.
P49#4379	49. RoutineFlow - Routine for 	4	2025-04-27	 || good app, but i would like a duplicate button for routines. I work at different hours and different from week to week. I want a reminder if I am working and don't want a reminder when I am not working. maybe I am not used to the app yet, either way, I feel hopeful about it.
P5#3232	5. Routine Planner, Habit Trac	4	2020-06-21	 || Great for routines, could use ability to duplicate routines though for setting same routine but at different times of the day. Also add a feature for habit stacking. Eg add ability to automatically 'run' habit/routine based off a previously scheduled ones completion. When this is complete, the next will run according to time gap between, or directly after.
P63#783	63. Habit Hunter - Gamified Ro	4	2022-12-24	 || This is a fun way to keep track off tasks and build habits. The adds were a bit much but can easily be removed for a few dollars. The only features I would like are a repeated habit button so I can click the same habit multiple times and a time option.
P68#91	68. Habit Tracker - Habstick	5	2026-01-21	 || thank you developers, and some bugs to select icons when I tap twice or thrice to open icon section please fix and also add overview of calendar of habit. more useful
P69#197	69. EZ Habit - simple habit tr	1	2022-08-31	 || Installed the app twice and all I'm able to see is a blank screen.
P70#1149	70. everyday Habit Tracker	4	2021-01-10	 || it was good. now, became too expensive to upgrade, some annoying bugs (like alarms duplicated, etc.). there's better options out there.
P8#1677	8. Habitica - Gamify Your Task	5	2025-05-20	 || i love the app.. but i wish i could color code my todos. and redo the previously done tasks. aybe a task duplicate option?.. these features will really help me ❤️
P8#4009	8. Habitica - Gamify Your Task	4	2023-12-25	mode. Something like the party but with shared Daily and Todo lists. Maybe with an easy shortxut to share them from your personal list. Something like 'feed the dog' is sometimes done by me, sometimes by the partner. It would also make sure we don't feed them twice :D Edit: I'm also missing an option for no counter reset, seems like an easy addition.
P8#9558	8. Habitica - Gamify Your Task	2	2016-06-05	 || I tried installing this app twice but no matter which tabs I select the screen remains white. Seems like a cool idea might try the website.
P8#9566	8. Habitica - Gamify Your Task	1	2016-06-05	 || Majority of app is just blank and white, including part of the setup where i was given the option to "skip" or hit "next" with nothing on the screen. it crashed twice in the minute I had it. Disappointing, it seemed fun
P8#11641	8. Habitica - Gamify Your Task	3	2016-07-22	 || But the last update deleted the inn option in the menu and a duplicated inbox menu item appeared....
P8#16119	8. Habitica - Gamify Your Task	5	2024-08-01	mplete tasks. I have been looking for an app that gamifies my chores. Its also adhd friendly. But i think there could be some extra features. For example habits could have checklists like the dailies and the to-do's. And it would be great if there was also a "twice a day", "three times a week" option, without having to put certain days (Like for brushing teeth twice a day xd).
P84#8323	84. Tasks - To Do List & Remin	3	2025-09-16	 || I love this app and it has all the features I need for organization at work. HOWEVER, I don't understand why there is no option to duplicate a list! Sure, you can duplicate tasks, but I am spending a lot of time recreating lists. This would have been 5 stars otherwise,
P84#8890	84. Tasks - To Do List & Remin	4	2025-06-01	 || Could the app have permission to override volume settings so it could activate an alarm when the phone is in silent. I use a third party alarm app that can do this. Update on duplicate recurring tasks: I did have this option active, I thought I'd understood the description but I wonder if it could be explained more clearly. I've turned it off now because when on, it prevents a new un-completed task from appearing if a task (from before midnight) is completed after midnight.
P84#12516	84. Tasks - To Do List & Remin	1	2023-10-13	 || Once quite a decent app has become a mess. Subtasks can be corrupted. Some of subtasks may be overwritten by other ones. You may end up with duplicated entries. Some of subtasks are not getting synchronized. Those who value their data integrity are better to avoid this app
P84#19023	84. Tasks - To Do List & Remin	3	2020-10-29	| Does what it says on the tin, however it seems repeating tasks don't actually repeat. Once you check them off they move to the deleted section and don't reappear in the calendar. If I'm missing something I will change my rating but I have looked through the options and checked the duplicate tasks option but the problem persists. Edit: after tinkering around I've found recurring tasks can be kept in the list but unless they duplicate they don't repeat and even duplicates complete themselves
P84#19425	84. Tasks - To Do List & Remin	5	2020-09-20	tting does not seem to work. I LOVE the ability to move "tasks" -- for me, and I think for many users if you would advertise it, my "shopping list items"--up and down, to reorder the priorities. HOWEVER-- there is too much space between the items. I could get twice as many items on the screen if I could control how much space is between them, or if the default had less space between items.
P84#21861	84. Tasks - To Do List & Remin	4	2020-04-03	 || Great app so far, very user friendly. Would love an option to duplicate a hole list (found an option to duplicate sub-list only). Thanks!
P84#25338	84. Tasks - To Do List & Remin	5	2019-09-27	 || Quick and simple to use, sublists are easy to make, nice variety of color coding for different lists. Lists can be shared, sorted, reordered, duplicated, hidden; filtered lists are also an option.
P84#27005	84. Tasks - To Do List & Remin	4	2019-07-08	 || **EDIT** With so much going on at the moment life can be so stressful! Only DL'd this y'day but so far 👍🏼 Pros - List colour choice Bold highlighting option Sub tasks! Reorder tasks easily (OCD appreciation) Amount of options (like 'duplicate sub list') Reminds to save! Filtered lists. Cons The list of tasks is only in a side tab, would love a 'Home' style page to open app to. Can't highlight sub tasks. Can't collapse/expand lists *Will edit as & when ❤️ to SN!
P84#27466	84. Tasks - To Do List & Remin	4	2019-06-13	 || very helpful in keeping my day organized. Would like to see it make it easier for a tadk to be repeated daily. it can do it, but it involves setting up reminders.
P84#32472	84. Tasks - To Do List & Remin	4	2018-06-30	 || I love this app. Only thing I don't like is that popup every time I go to  move tasks up and down (the popup that says Delete Task, Duplicate Task,  Share Task). There should be an option in settings to turn that popup off.
P84#43062	84. Tasks - To Do List & Remin	2	2025-12-13	t. Insert suggestions while inserting products in the shopping list based on those previously inserted. The check that warns you if a product is already on the shopping list is missing. Inserisce voci duplicate. Mettete un check/warning per impedirlo. Inserts duplicate entries. Put a check/warning to prevent it
P86#243	86. Miracle Morning Routine	2	2024-03-06	 || I have tried three times to ask the tech support team for help with a glitch in the Affirmations tab. Twice it has fallen on deaf ears and once I was told, "We got you!" Nothing has been done. This is in the version of the app that you pay for. I will not be renewing this app! Very disappointing, as it was the help with Affirmations that I purchased the app to begin with.
P9#618	9. Habit Tracker - HabitKit	5	2025-02-21	 || eąsily the slickest UI and highly customisable! my only request is to be able to duplicate entries so I can make multiple similar entries eg like different types of workouts that have all the same parameters, just a different name and maybe a tweaked description :)
P9#1208	9. Habit Tracker - HabitKit	5	2023-11-24	 || Great app. The chefs hat icon is duplicated however in the icons overview. :)
P97#3693	97. To-do list - tasks planner	4	2023-01-04	 || Great app, i like the UI, just... On Android while using the swipe for going back it's more difficult to open left slider and button for editing task is kinda.. redundant or awkwardly positioned.. count how many meters you have to move thumb..
N1#4994	1. Reminders - Don’t forget. U	4	2026-07-25	Repeated entries || Great app! The only improvement I would suggest is to change the autocomplete feature so that it doesn’t generate a new entry of an item in the list, which has already been created and completed in the past.  I use the app for groceries and instead of unchecking completed items it’s faster to type a new. However, this results in ending up with a very long list of completed items, because of the repeated entries.
N1#16461	1. Reminders - Don’t forget. U	3	2026-09-17	lds it back || Just like calendar, the UI and the odd button placements just seem to hold back the practical function of reminders. When I had a photo, it’s like hard to press to open on another device, when I wanna change something, you have to go through so many buttons to just get to the point that should only take one button press, The automatic features are nice, but just everything needs to be more fluid
N1#22448	1. Reminders - Don’t forget. U	3	2024-05-16	Lots of potential || It should allow for some easier functionalities  Options to duplicate and then set reminders, without the reminders becoming part of the list
N1#22566	1. Reminders - Don’t forget. U	5	2024-04-30	Best Little Task Master! || Thought keeping up with this Reminder App would be redundant to setting Calendar reminders. Love the fact that the task remains until I click the radio button and mark it as completed.   Getting much more accomplished and it makes my “brain fade”or “items falling off the back of my too full plate” a non-issue! 🙌🏼
N1#25129	1. Reminders - Don’t forget. U	1	2022-12-23	Duplicate entries for the same task || Not sure how they messed us up but the new version makes multiple entries for the same task.
N10#394	10. Microsoft To Do - Capture 	4	2025-10-17	Improvement || It is missing a search function, so that you do not duplicate or triplicate entries. Would sa be a lot of time from scrolling through lists.
N10#1016	10. Microsoft To Do - Capture 	3	2017-12-02	Feels clumsy || Deal breakers: - when you open the app you have to wait for it to sync with the internet before you can start using it. If you don’t have internet at the time you get a blank screen for a few seconds.  - I sometimes get duplicate (or triplicate) items, a bug with the cloud syncing  - it always opens in the today view, it won’t remember which list you were in - sometimes difficult to reorder items (like when you select to push completed items to the end) - cant clear all items at once in the ToDo list, you can in other lists you create -
N10#2955	10. Microsoft To Do - Capture 	2	2019-03-06	Duplicates || Quite kimited functionality Duplicates entries randomly
N10#10059	10. Microsoft To Do - Capture 	5	2022-06-30	Duplicate entries || It’s creating duplicate entries in all my phones sometimes. And there is no easy way to report it. Changing to some other apps soon.
N10#10262	10. Microsoft To Do - Capture 	4	2020-10-06	Great App to Manage Tasks || Some great functionality.  Would  award 5 stars if can overcome issue with pasting links into the notes, links appear to duplicate and interrupt normal line spacing. Also since migration from Wunderlist it is no longer possible to easily assign tasks to others without a convoluted Microsoft sign in (which has proven prohibitive) when all that is really needed is an email address.  The latter may be a valid reason we would look to swap out to an alternative To Do app.
N10#10825	10. Microsoft To Do - Capture 	1	2019-10-09	Veru buggy || Switched from Wunderlist but I find that the MS to-do is very buggy.  It keeps duplicating items in my lists. If I make a new entry in a list, it will duplicate it in the list an infinite number of times.  Also does not sync well between members of the list.
N10#11432	10. Microsoft To Do - Capture 	1	2023-03-10	no option to set repeated reminders. || where&#39;s the option to &#39;repeat every x days&#39; or weeks or months or years?   this is a reminders app. repeat reminders should be available by default.
N10#13494	10. Microsoft To Do - Capture 	5	2020-05-20	It's great but think could be outstanding... || Everything works great. But if I had three wishes they would be: 1) Enable a comment or chat section (like Wunderlist has) 2) Enable to tag two people on the same task or to do 3) Tw option to duplicate a Board
N10#14931	10. Microsoft To Do - Capture 	1	2018-01-17	Sync issues || Created 2 tasks, tapped synchronisation in settings, got 4 tasks (each one duplicated). Quit app, open again, sync again - duplicated are still there. Deleted one of duplicated tasks, lost both copies of same tasks. In other words: I cannot rely on this app with such important issue.
N10#18083	10. Microsoft To Do - Capture 	2	2025-09-10	No duplicate task option & In todoist app i can paste a list and it will be written as one one tasks || Please there is an app called minimalist i can put a list a long paragraph but when it writes it the app makes it into 2000 tasks and i reallyyyyyyy love it please make that option available please
N10#19435	10. Microsoft To Do - Capture 	1	2023-02-15	Repeated Tasks Appear at wrong times || Repeated tasks show up at random times despite setting to alert at a specific time each day. It’s really annoying the app it’s practically useless.
N10#19534	10. Microsoft To Do - Capture 	5	2022-12-04	Great tool - need a way to delete duplicates || I wish that the TO DO application had an option to delete duplicate completed items.   I use the app for shopping and I have to enter the same grocery item over and over again because my completed list is very long with duplicates. If the completed list was shorter, I could re-select grocery items that I previously purchased more easily. Otherwise, I love this tool and I use it almost daily.
N10#20335	10. Microsoft To Do - Capture 	5	2021-03-14	phisticated || More sophisticated than other task lists I have used - and not immediately apparent until after using. Flexible. Fairly customizable. Love how “My Day” drops the tasks at the end of the day, but they remain in the main categorizes - fresh blank page each day. Can leave important tasks duplicated in “Important”. Works very well. 5 stars.
N10#21529	10. Microsoft To Do - Capture 	1	2020-04-19	Give us back Wonderlist || Pathetic program steal.  No matter which method I try I am forced to web sign in then have to hit the button twice more to actually join.  Never lets me do everything INSIDE the app like WL did. Great steal and screwup MS.
N10#22237	10. Microsoft To Do - Capture 	1	2019-12-11	Needs a lot of work still. || It has gotten better, but still creates duplicate entries because of sync problems, does not alert like outlook does
N10#22334	10. Microsoft To Do - Capture 	1	2019-10-28	Sync with outlook on desktop || I have tried many different ways to try and get to work with outlook on my desktop but it only will sync with outlook online and outlook app.
N10#22952	10. Microsoft To Do - Capture 	3	2018-04-13	d the app after creating some steps on one of my to-dos I thought they didn’t take, so I added them again, then they vanished again on another reload, so I added them again. Turns out, when I opened the To-Do web client, the original steps I added and ALL the duplicate entries saved to the cloud like they were supposed to but don’t always populate on screen on the phone. What a productivity nightmare. Add a new step? They all appear again. Rearrange the to-dos? Disappear. If this bug can be squashed I’ll give the app a fourth star. I’ll be screenshotting any to-dos with steps in the meantime so I can be sure I can reference them when I’m on the go.
N10#22968	10. Microsoft To Do - Capture 	3	2018-03-23	 &#34;My Day&#34; list very helpful in getting things done. They have a website where you can access your lists on the computer. All of your data can be synced using your Microsoft account.  Feature Request: Ability to move items between lists  Current Bugs:  Entries are being duplicated randomly.  Edit (06/23/2017): I took another star off my review. I tried uninstalling and reinstalling the app to see if it would resolve my issue with entries getting duplicated. There was a sync issue. I started to see entries that I&#39;ve completed in the past pop up.
N10#23268	10. Microsoft To Do - Capture 	1	2017-04-20	Alpha at best || Bug in app duplicates my to do&#39;s. Menus at the bottom use tiny fonts that are unreadable. Can&#39;t even configure priorities. Not usable.
N11#214	11. Samsung Health - Health & 	1	2019-02-07	ung health app for IOS is a joke. The app is simply so Samsung can claim IOS compatibility. In reality this app does not work It does not update from gear fit 2 pro. Most of the time the data does not sync and even when it works it never syncs the heart rate. Why is there 2 apps for something so simple.  Never buy a Samsung fitnesses product if you have IOS. It just doesn’t work and none of the information integrates with Apple health. I have a $30 Huawei fitnesses band and it works much better in terms of reliability and Apple integration.
N2#8937	2. Calendar	1	2025-02-20	Repeated calendar entry cannot be deleted || A repeated calendar entry repeats itself every day with no end date into the future. Cannot be deleted. Reinstalling doesn’t solve it.
N2#9052	2. Calendar	2	2023-06-25	Duplications galore ! || I’ve been using the App for at least 5 years.  Try editing when I have made an incorrect entry and end up with the ‘event’ being duplicated or sometimes 3 or 4 entries appear! Very frustrating. Spent hours trying to rectify errors without success 🥴🥴🥴🥴🥴
N2#10119	2. Calendar	1	2025-12-13	Disappearing Calendar entries and events || It has happened twice now in the past 2 months. ALL of my calendars and set events randomly get deleted and there seems to be no way to restore them and it&#39;s really annoying and frustrating. I&#39;m currently under medical care and I&#39;ve logged important examinations dates and medicine stuff and they&#39;re now just all gone. The fact that it&#39;s so unreliable if my infos get deleted out of the blue or not makes me not want use the app at all.
N2#10410	2. Calendar	1	2026-07-30	ion issue between Google Contacts and Apple Calendar. Birthdays synced from Google Contacts are sometimes displayed on the wrong date in Apple Calendar. For example, a birthday saved as 14 February may also appear as 18 February, while the correct 14 February entry still exists. This results in duplicate or incorrect birthday events for some contacts. Google Contacts and Google Calendar display the birthdays correctly, indicating that the issue occurs only after syncing to Apple Calendar. Apple Calendar should preserve the original dates without changing or duplicating birthday events.
N2#10590	2. Calendar	1	2022-05-29	Duplicate Entries for Birthdays || It shows me more than 25 duplicate entries for every single birthday on my calendar. How do I solve the issue?
N2#10612	2. Calendar	1	2021-11-10	Calendar is frozen || I am unable to operate calendar app and it’s frozen. Tried to uninstall and install twice but still no luck. There is delay in screen response sometime but majority of times it freezes. Please assist.
N2#16454	2. Calendar	1	2026-01-23	Bruh || Great app until it started deleting all of my entries! It’s happened twice in the last 2 months. All my important calendar entries gone! Fix this please!
N2#16675	2. Calendar	3	2025-08-29	Duplicate entries || My calendar has started duplicating every entry I create and I can’t seem to find a way to stop it.
N2#17485	2. Calendar	1	2024-05-31	17.5.1 messed up my calendar || Ever since I updated my software with 17.5.1 my calendar has been messed up. First every event was duplicated. Then when I deleted the duplicate entries ALL my events disappeared in my work calendar. What is going on?!
N2#19149	2. Calendar	4	2023-05-10	Using multiple times per day || I use and refer to it constantly during the day and rely heavily on shared calendars.  I have no issues with existing functionality I do have a request for a feature that exists on Mac but not on mobile: the ability to duplicate a calendar entry.  I use this feature often when creating recurring entries with irregular schedules.
N2#22497	2. Calendar	3	2023-04-11	s like the feature in Google Calendar. Also, things get confusing if multiple people, like family members, share calendar events with each other and the calendars have the same name. The app doesn’t do a good job of showing where the event is from, or merging duplicate entries and information…
N2#22721	2. Calendar	2	2023-04-06	Functional but lacking || Calendar works, mostly, but the interface isn’t very good. Not many widgets for the phone, not many view options anywhere. And it will still duplicate events sometimes, and then can’t recognize them as duplicates.  Considering it’s Apple’s program, not just some random little app-maker, it’s pretty pathetic.
N2#23432	2. Calendar	4	2022-12-12	Love the Updates || Thanks for the updates on email invites as a new feature to the app and how I can look at my day view w month view.   I’d like the option to duplicate then we’d be golden!
N2#24162	2. Calendar	3	2021-09-30	Needs more keyboard support on iPad || Why can’t I select multiple event at once? Also It’ll be nice to option-drag an event to duplicate an event. Basically it needs to be more like the Mac app in terms of keyboard support.
N3#2743	3. Notes - Take note of almost	4	2023-12-01	Great experience || Please add an option to duplicate note. It would be greatly appreciated.
N3#7168	3. Notes - Take note of almost	3	2022-12-19	Bugs || I’m facing bugs with the latest update. Laggy apple pencil, and the app is actually duplicated on my home screen o.O (iphone)
N3#8749	3. Notes - Take note of almost	1	2025-04-26	No easy way to bulk delete duplicate notes || iCloud sync problems duplicated my note library of 1,500 notes, now nearly every entry shows up twice in my notes app. There’s no way I’m scrolling 3000+ notes and manually selected almost every alternative note for deletion. There’s needs to be an easier way to delete  exact-duplicate notes or least warn me before accidentally duplicating my entire library. This started when I ‘Moved’ notes from the ‘From my iPhone’ section to the ‘iCloud’ section on two different phones.
N3#8833	3. Notes - Take note of almost	2	2024-12-16	Rubbish app || This app used to be good, I don’t know what you have to done to it but it is so slow, it keeps lagging and it takes ages to write sentences as it can’t seem to keep up with the typing. I’ve tried different ways to fix it but it’s still the same
N3#8977	3. Notes - Take note of almost	1	2024-07-15	xample I use the Apple notes app to do my weekly shopping as it’s convenient than trying to do it on a piece of paper forgetting it at home, but I wish I could set a reminder for myself that I have written my shopping list in the notes app. and the ability to duplicate the note as a press of a button.
N3#9761	3. Notes - Take note of almost	3	2021-12-02	Should enable “duplicate note” || It is able to duplicate note through right-click menu on macOS, however not on iOS. Please add this function.
N3#11152	3. Notes - Take note of almost	1	2023-10-17	Disgusting app || Apple notes is disgusting, don’t solve lengthy maths problems on it. It has millions of glitches particularly in the iOS 17. It’s not reliable, content disappears.   There is no option to duplicate a note.  Apple is taking so much money and can’t even design premium experience offering system. I want to give zero star, but not possible. I think this organisation don’t even read these comments. Go for collanotes and Nebo for few dollars.
N3#22740	3. Notes - Take note of almost	4	2025-08-12	Feature request || Please make it easier to duplicate notes! Would love a “duplicate” button in the note menu
N3#23151	3. Notes - Take note of almost	2	2025-05-08	It erased all of my notes || I always make a to do list on this app for the morning and I went on it today and it was working but then it got stuck on “folders “ there was no arrow to click or exit. I clicked out of the app and even rest my phone twice. I went to setting and turned add notes and all of my previous important notes got erased.
N3#23164	3. Notes - Take note of almost	1	2025-05-04	Terrible app || Ayo why is there two note apps on my phone then boom I delete one bc yk I don’t need to bang they both go I go download it back everything is gone in the wind great app thanks apple
N3#23869	3. Notes - Take note of almost	4	2024-12-15	to where now the collaboration of a single note between different people doesn’t sync the way that it used to do. My wife and I will be sitting next to each other, she’ll update the list and I don’t ever get the update. Then I’ll update the list, and she gets duplicated entries for what I put. Even still, our notes will be out of sync even though we set up the collaboration months ago and it had been working fine all up until upgrading our ios.
N3#25099	3. Notes - Take note of almost	3	2024-05-18	w updates, the features are great while maintaining simplicity. Exactly what I want. However, it has been commonly noted across the internet that it now causes severe iPad overheating and occasional crashes… at least when using the Pencil. I have lost several pages of important notes twice. Possibly related to the overheating, it also burns through battery. I can only take notes on my iPad Air for about 60 minutes before I have to plug in. I love Apple Notes, but it is unusable with these issues, which currently leaves me search for an alternative.  The only additional feature I would like is the option to show/hide the page break locations (would have to choose the intended paper size). Jus
N3#28407	3. Notes - Take note of almost	3	2021-12-21	 the search bar it shows me that it’s there but will not take me directly to it. Such a pain!!!! As I said I use this feature a lot which means I have a lot of notes that I need!   Also, I noticed since the new IOS update my notes literally disappear from the screen. It has happened to me twice within the last week and the first time freaked me out! I spent hours trying to find ways to get my notes back…scared to do anymore damage until I realized they were there…however the screen just went blank. My only fix was to restart my phone  and when I went back to my notes screen everything was there.  Hopefully you guys will fix these issues soon
N4#3863	4. Apple Health	1	2023-01-09	ant the before update version back.   And not only the sleep data that get worse. The pace tracking is also harder to read than before. Normally before the update, when i enter the app, it shows steps and sleep on that day right away. But now i have to tap on many buttons to get to see my steps count.  Please bring back the old version. This version is useless.
N4#5926	4. Apple Health	5	2024-04-17	Timing for HRT medication || Please add a “twice weekly” or every 3.5 days option for medication reminders for hormone replacement therapy. Also, progesterone often prescribed for 2 weeks per month
N4#7370	4. Apple Health	3	2023-07-21	 Also please remove the need to set up pills color and form while creating the schedule — this can be done later if someone needs this. Now, if you have 5 pills to take at different intervals and different number of days it takes ages to set up with all these redundant screens “select form or color” popping up and then it turns out it cannot count fixed number days or weeks that you need for medication taking, so a bit useless app for medication planning overall…
N4#10128	4. Apple Health	4	2022-02-28	Decent || It’s a decent app. I manually add my steps since my tracker isn’t compatible. Only thing is that every once in a while, but not often, I double enter. Is there a way to delete the duplicate entry??? Anybody???
N5#2652	5. Apple Fitness - Fitness and	3	2025-02-02	ng doesn’t reflect the exercises I’ve done on the iPad (I don’t have an Apple Watch, but when I use the app from my iPhone the ring always counts the estimated calories, but not from the iPad). Besides, the videos won’t let me go back or further, so I have to duplicate my screen on the tv in order to control it. Other than that, the classes are incredible and I love the clarity of the explanations.
N5#6199	5. Apple Fitness - Fitness and	1	2022-04-17	So strange || I am using iPhone 13 Pro and the app behaves very poorly. Does not load properly, flickering screen and what not.  Most importantly, can’t find any way to navigate to the sessions I want other than repeated scrolls on the main page.  It’s just soo pathetic.
N5#9805	5. Apple Fitness - Fitness and	1	2024-02-07	Same app, twice on home screen || My Fitness app all of a sudden appears twice on my phone, with the same data, same all. Now i don’t know which is “new” and i’m afraid if i’m deleting one, my data will be lost.  It’s at least weird to find an app twice on my phone.
N5#11914	5. Apple Fitness - Fitness and	1	2026-06-03	orking great when you could just tap it one time in your ring would start now you have to tap it twice which if you don’t do that, you can think it started and it’s not and realize you’ve wasted 10 1520 or even more minutes because you needed to tap the start button twice.  Bring back one tap start
N5#12176	5. Apple Fitness - Fitness and	1	2026-02-13	c. However, the problem is that, for example, if I take 10K steps during the day, the Fitness app first detects its own 10K steps and then adds the 10K steps from my Garmin watch to the calculation, recording me as having taken 20K steps. So, this is a double entry. I hope you fix the issue of duplicate entries from third-party apps that track activities and share this information with Apple Fitness or Health.
N5#13237	5. Apple Fitness - Fitness and	2	2025-01-21	Horrible new layout design for iOS 18 || The new layout only makes browsing and finding much harder. And it’s not even beautiful. It’s redundant to have an additional tab bar on the Fitness + page. All we need is a search button which you may put on the top right corner. For You and Browse are just combinable — Just put the suggestions on the top of Fitness+ page. A bar beneath the Dynamic Island? Seriously? Does Apple even have a taste now? It would look much better even if you put it on the bottom, right above the first grade tab bar. Is it the same designer of the new Photo app? Fire them please. The Fitness app on Apple TV is horrible too now.
N5#14087	5. Apple Fitness - Fitness and	3	2024-04-18	Glitches since last iOS update || The fitness app seems to have changed recently. The monthly awards are harder to access. The current monthly challenge is not on the awards home page, you have to click “see more” twice to get to the current month.   Furthermore, I completed my April challenge and the award page shows that it is completed and that I did more workouts than the challenge was for, but I have not yet received the digital award yet (the April award is still grey and in the pending state, not colored in).   Please fix these two issues! I love my monthly challenges!!
N5#14803	5. Apple Fitness - Fitness and	1	2023-10-20	n iPad. || Do not buy an iWatch or iPad.  The software is worthless.   Continues to be a worthless app.  The PHONE APP with the same name can see my works.  But not the iPad? What is wrong with Apple? Are the developers that … bad?? Make an app  that does the same thing on BOTH devices!! Or change the name!!  Hey, people at apple. Some of us are old. Some of us want the same app on the phone to work on our iPad. 1. Why can’t my watch data be used on my iPad? I want a LARGER screen, so I can see more detail about my workouts. 2. Dark mode is for people who live in the dark ages and 12yo boys playing games. Dark text on a black background makes for a worthless chart of my heart rate during my 
N6#937	6. Google Tasks- Get Things Do	4	2018-05-02	Overall great app! || Loving this app so far! Only thing I wish it had was a duplicate option for lists
N6#5182	6. Google Tasks- Get Things Do	5	2024-10-24	So easy to use || I’ve tried many ways to keep, ‘and then find’ my list of things to do. I carried a day planner around for years for just that reason. I kept losing them in various note sections digitally. Now on my Home Screen I have tasks that easily populate and disappear when checked off but are available for recall if needed.
N6#6989	6. Google Tasks- Get Things Do	5	2022-11-03	Daily Repeated Task || I want some option or setting like after a day the task check will be reset
N7#1952	7. Google Keep - Notes and lis	1	2017-06-22	Lost two notes and constant sync issues || The app is useful if you don&#39;t share notes. If you do, expect that it will lose notes, reset to a two week old version, or duplicate entries or parts of words. Avoid.
N7#2780	7. Google Keep - Notes and lis	3	2026-07-04	Font Size || I absolutely love this app. I’ve been using it for years now and writing in any other note apps feels weird. The only problem is the text size and style. There should be an option for choosing both in the settings. My phone’s text size is small but the apps’ text size is really big. I tried all the methods but nothing worked. Kindly sort this out. Plus, add a few fun font styles. Looking forward to the solution of these two problems.
N7#3072	7. Google Keep - Notes and lis	1	2017-08-28	lly on mobile so shared lists are a waste of time. And that&#39;s what I got it for. Also pretty useless as stand alone as I can only set reminders for a list not the items on it. Would also like to be able to tag list items rather than just the list - so the same thing can appear on different lists. Wunderlist is much better for GTD.
N7#9453	7. Google Keep - Notes and lis	5	2025-04-03	Duplicates || Very useful application, but add a duplicate check in list entries
N7#10494	7. Google Keep - Notes and lis	2	2022-06-27	n talking about ruined my experience. || I’ve been using this app for years. But around two months, I started running into a huge problem every now and then. I’d be in the middle of working on a note when randomly I’d be booted out, and left to watch from the menu as all my notes mass duplicate themselves and turn into lists. This also affected my archived notes. The original versions of the notes would copy paste all text three or four times, enter checkbox format, then make two other blank versions of it also full of checkboxes. In the middle of cleaning up my page (this is the third time this has happened, though it’s never been this bad.) one of my most important notes went missing out o
N7#11228	7. Google Keep - Notes and lis	1	2019-03-29	 notes open when i tap on it. I love this app and it is so usable and functional, but these problems are driving me away. As much as i want to use it, I’ve even down presentations to others about it, the problems have to be fixed.  3/29: downgraded to 1 star. Duplicated notes and duplicated entries on notes. Web version is fine, but the app is unusable with duplicated entries on checklists, wrong note opening when you tap on (tap on Shopping, laundry list note opens).
N7#11662	7. Google Keep - Notes and lis	2	2018-02-24	Great . . . When it works. || For some reason Keep refuses to work for me on iOS. It will duplicate entries. It will repeat text I type. The curser will bounce around as I type. The keyboard will constantly refresh when I try to start typing. Sometimes I will start typing and Keep won’t realize until I’m two to three words in. It’s infuriating. It works great on a PC browser. I’m sad it’s so poorly done here because I would love to use it more.
N7#11914	7. Google Keep - Notes and lis	2	2017-09-02	Glitchy as All Getout :( || I was so excited to find this app a year or so ago. My husband and I share lists, especially grocery. What is smart app! BUT now it says it constantly has trouble connecting to it&#39;s servers (so it says). Plus it duplicates things 10 to 20 times down the page. It does other really weird things too. Needs an update – quick!
N7#11947	7. Google Keep - Notes and lis	1	2017-08-27	Completely RUINED APP, "Can't Connect right now") || Used to be the best application, now all you get is &#34;can&#39;t connect right now&#34; and the entries are duplicated multiple times. It has become unusable, and that is a shame because this was actually an amazing app as it synced across all devices. Absolutely terrible. I really hope Google fixes this, as I love the Google ecosystem
N7#11953	7. Google Keep - Notes and lis	1	2017-08-26	Latest || Once fantastic simple app has major issues with latest version. Not sure if this is on Google&#39;s end or iOS but the constant syncing issues creating duplicate entries should and hopefully will be fixed ASAP. Previous versions I would give a 4/5 star rating.
N7#11965	7. Google Keep - Notes and lis	1	2017-08-24	Used to be great || Used to be there so I can&#39;t live without... Now it&#39;s the app I can&#39;t live with.  Sync errors and repeated entries.... Come on Google.  I want to be able to depend on this app again.
N7#12054	7. Google Keep - Notes and lis	1	2017-07-09	Buggy Garbage || This app is inconsistent. It often can&#39;t connect, it doesn&#39;t save notes, the only thing this app is supposed to do, it duplicates entries, and crashes.
N7#12161	7. Google Keep - Notes and lis	3	2017-03-10	Would give 5 stars if it didn't duplicate entries || We access this app several times a week to maintain the grocery list. On iPhone 5S with current iOS, it constantly duplicates my entries — about once every 3-4 times I use it. Doesn&#39;t happen for our other device that shares the lists, an iPhone 6. Sometimes, deleting the duplicate makes BOTH entries disappear, so now I have to put up with the dupes out of fear that I&#39;ll lose it altogether. Is this a bug because my device is old?
N7#12252	7. Google Keep - Notes and lis	1	2016-11-12	Syncing bugs ruin the app || Keep duplicates all entries in todo lists. It makes the app pretty much useless.
N7#12920	7. Google Keep - Notes and lis	1	2026-02-18	Barely functions || This app does the bare minimum of allowing you to take notes and that&#39;s about it. It now requires installing Google Calendar if you want to set reminders or alerts which is simply ridiculous. The UI within not is also very unintuitive, why are there two burger menus within a note that have arbitrary sets of actions inside?  Please save yourself some frustration and download any other notes app. The solution does not lie here.
N8#383	8. Google Calendar- Get Organi	5	2026-03-28	the event.  Rename the colours to their normal names: for example, instead of tomato, call it red.  When editing an event to add a notification, show a button to set it at the time of the event - we shouldn’t have to custom-set it to 0 minutes/hours.  Add the duplicate option, which is available for events, to reminders.  Add an undo button for undoing actions like deleting recurring events.  CONCLUSION: A great app, with a little room for improvement - 5 stars.
N8#435	8. Google Calendar- Get Organi	3	2024-11-22	Does not repeat || So it gets me every time when you make an appointment or reminder that needs to be repeated weekly or monthly, the option made visible on the app is “does not repeat”. 🤦🏼‍♂️  So, you say to yourself, I’m not selecting that, because I need a reminder, what do I select. How about making that say, “repeat option” that would make more sense. 😊
N8#735	8. Google Calendar- Get Organi	3	2018-08-11	eautiful graphics but lacking some || I finally made the switch over to google calendar from iCal and it’s made me miss  a few features.   Could we please have the app icon display the date and day (iOS), the search function moved to the top right of the main screen, and the ability to duplicate events.   Lastly, it would be amazing if it could be linked to google maps and notify us the recommended time to leave before an appointment depending on traffic.   Thanks,
N8#3374	8. Google Calendar- Get Organi	1	2018-05-24	Duplicate entries are a problem || Every time a enter an event on ipohone it duplicates. If I delete one they both get deleted
N8#5206	8. Google Calendar- Get Organi	3	2025-04-19	Hmmmm.... || having shared all family member calendars all entry&#39;s are shown twice or three times. this is not the case in the desktop app. it is definitely a display bug of the calendar app and make it useless.
N8#5274	8. Google Calendar- Get Organi	1	2024-09-09	with both accounts and suddenly when I add events to one calendar it automatically adds it for the other calendar and my entire calendar is full of duplicated events. The connection only goes one way: personal calendar —&gt; work calendar. I didn’t change any settings, I added one new event - the calendar duplicated it and now all of my personal events have been duplicated to my work calendar. Google support has been entirely unhelpful.
N8#5776	8. Google Calendar- Get Organi	1	2018-05-28	Duplicate event option missing || Some of the options that are present in the desktop website application of google calendar are not present in the mobile app. It would be nice to give all the features and a tutorial if necessary for those features implementation in mobile app. 1 Star for missing the features in the mobile app.
N8#7608	8. Google Calendar- Get Organi	1	2022-11-22	lendar || Why is it not possible to move an event to another calendar on the iPhone app ? I can only do it from my computer, it is not practical at all !  I have multiple calendars to organize my week : work, family, friends, hobbies, appointements … The only option on iPhone is to duplicate an event on another calendar, but after that you have to go back and delete the duplicated event. Why ??
N8#10186	8. Google Calendar- Get Organi	5	2020-11-25	two same events || Why is there two same events even though I didn’t press the duplicate button?
N8#23570	8. Google Calendar- Get Organi	4	2025-02-06	Selecting weekdays option || Hey, it’s been a long time since I started using this app and it really helped me so much with getting organized. But about making a task, I was able to select which days of the week I wanted the task to get repeated but now that option is removed. I just have the option to repeat it every day now, I cannot fully customize this anymore.
N8#24269	8. Google Calendar- Get Organi	1	2023-05-25	r about a certain email. The reminder shows up in Google calendar but no indication of what email it&#39;s attached to. I click &#34;see in email&#34;. It will not take me to Inbox, so I downloaded the regular email app (which is stupid...why should I have to duplicate?). The &#34;link&#34; takes me to the Google Mail app and that is where it ends. It doesn&#39;t link to the email, then I have to go open Inbox to locate the email in my pinned items. I would expect if the reminder is going to say view in email, then it is going to link direct to the email it is for, instead of leaving you scratching your head wondering what email it was. And what&#39;s the point of making you go to the email 
N8#24651	8. Google Calendar- Get Organi	1	2022-05-18	Tasks are gone || Bring back tasks integrated into calendar!  I also hate how it duplicates events. Very annoying. Add more color options. Did I mention BRING BACK TASKS!
N8#25108	8. Google Calendar- Get Organi	2	2021-02-22	App icon should show the date || I find it redundant to have to click on the app just to check out what today’s date is...
N8#26468	8. Google Calendar- Get Organi	1	2019-06-11	Google Calendar || The most recent bug fix update was quite the opposite.  Instead of fixing the bugs, it basically blew up the app.  I’m now stuck with duplicate and triplicate entries for some events, while others are completely gone.  Events that I thought I’d deleted weeks ago are back, while others I’ve added more recently have disappeared.  And to top it off, the color coding is completely messed up as well.  I may end up having to delete my entire calendar and start over.  Stay far away from this app until Google calls in the cavalry and fixes it.
N8#26781	8. Google Calendar- Get Organi	5	2019-02-05	Wonderful || Once you figure out to eliminate duplicate entries if you have multiple email accounts.
N8#26864	8. Google Calendar- Get Organi	3	2019-01-10	Bring Back ‘Duplicate’! || Worked just fine, but after the last update the ‘duplicate’ event option is gone (again) 🙁
N8#28838	8. Google Calendar- Get Organi	2	2018-05-07	Google Calendar is now a pain! || Trying to edit, change months, or a new entry now requires tapping each step twice on my iPhone and iPad. It works just fine on my Mac Book using the website version. Grrr!!
N8#28911	8. Google Calendar- Get Organi	5	2018-05-05	 manually change some of the event colors in the app to match the website / desktop version.  There are a few things I’d like to see improve though...  1.) The app icon should show the correct day of the week and date.  2.) The app should add functionality to duplicate calendar entries, and then edit them, like the website / desktop version can do.  3.) When changing / updating repeating events, add functionality to apply changes to ALL events, including past events, like the website / desktop version.  4.) Add option to sync ALL past events, or at least last 2 or 3 years.
N8#30023	8. Google Calendar- Get Organi	4	2018-03-05	 graphics cluttering the schedule view. I select specific colors to code different types of events. Dinner happens to be a tan color. Why does Google have to disrupt that visual cue with a graphic of a restaurant interior, with  blue background, and taking up twice as much real estate on the screen.   Where is the switch to turn off that feature?  (I was tempted to say &#34;crap&#34; but somebody will likely be offended,  so I won&#39;t).  Update:  now I&#39;m really annoyed. I code appointments in red.  So, wouldn&#39;t you know it, an infantile graphic of a toothbrush replaced that color for a dentist appointment (really Google?). So, a quick glance at the calendar in the morning and I mis
N8#30139	8. Google Calendar- Get Organi	4	2018-02-16	Works well enough || Convenient since I use google calendar for work.  Works well, but needs an option to duplicate existing calendar events.  This would save me a lot of time.
N8#30173	8. Google Calendar- Get Organi	1	2018-02-08	 the new calendar because I was totally happy with the classics view. Today it “upgraded” on its own and I’m very displeased. No option to go back either. I now have to double tap each time i want to go forward or backwards on the calendar. Any time you tap a setting you have to tap twice. Time waster. Give me the option or IM changing calendars all together. Shape up GOOGLE
N8#30231	8. Google Calendar- Get Organi	2	2018-02-04	No duplicate function || Are you kidding me? I can’t duplicate entries? That’s calendar 101. Huge miss.
N8#30477	8. Google Calendar- Get Organi	1	2017-11-17	No Duplicate??? || Are you kidding me? No way to duplicate an entry to another date? If the feature is there, I can’t easily find it, which is almost as bad as it not being there. Useless. Deleted.
N8#31521	8. Google Calendar- Get Organi	4	2017-04-20	y only complaint is that settings has more color choices (24) compared to the calendar section (12) when colorizing events/appointments/whatever you&#39;ve got going on in your life. Which doesn&#39;t make sense. Why? Why give me few color selections when the setting has twice as more?! I actually want to use some of those in the setting, but can only choose one for my &#34;events&#34; default color. Fix this and I&#39;ll give it five stars.
N8#31574	8. Google Calendar- Get Organi	4	2017-03-30	Next Update || It&#39;d be great if y&#39;all added the &#34;duplicate&#34; option for scheduling like you have on the desktop version.
N8#31773	8. Google Calendar- Get Organi	2	2017-02-26	t&#39;s been a while since truly helpful features have been introduced.  The search functionality leaves a lot to be desired.  I know the events exist, yet search turns up nothing so I have to scroll to find it...ironic for a google app.  Also, would like the duplicate event option on the app that exists on the desktop version.  Finally, reminders are often sent out to invitees as new events.  Can&#39;t tell you the number of times I get a call or an email from someone asking if I changed an appointment when I have not touched it.
N8#32133	8. Google Calendar- Get Organi	3	2016-12-29	Coach || App duplicates every event entry I make on iPhone. I&#39;ve tried all fixes I&#39;ve found on the internet but none work. Totally frustrating.
N8#35112	8. Google Calendar- Get Organi	5	2015-09-10	Love it || Best calendar I have utilized. I Love all the options and would like to see more. Some of the options like duplicate I don&#39;t think you can use on the app...it would be nice if we could.
N8#35276	8. Google Calendar- Get Organi	2	2015-07-29	Good but please add a duplicate event button! || I love the calendar, it&#39;s easy to use and simple but unfortunately like so many other calendars out there there is no way to duplicate or copy/paste an event.  Please add this feature so we don&#39;t have to fill out everything all over again when we schedule a doctor&#39;s appointment or party.   Thanks for listening.
N8#35442	8. Google Calendar- Get Organi	4	2015-06-25	So close to having it all! || I want to use Google Calendar app! I really do! I come back again and again... But this simple missing piece is a deal breaker:   One-tap option to &#34;copy&#34; or &#34;duplicate&#34; event. I use this ALL the time with other calendar apps (Tempo, Fantasical to name a couple). I&#39;m at the dentist. Time scheudule my next appointment. Everything is the same. Location, event title, reminder settings, people; all the same. I just want to tap &#34;copy&#34;, and pick my new date/time. Tap. Tap. Done! I&#39;m in a meeting with my boss. We need to schedule a follow-up. Everything is the same. Location, event title, reminder settings, people; all the same. I just w
N8#35926	8. Google Calendar- Get Organi	4	2015-03-10	Nice UI but lacking key feature for me || Nice clean UI. I would serious consider this as a calendar replacement except that it (like nearly every other mobile calendar app) is lacking the feature to Duplicate entries. This is even a feature of the web calendar. This omission keeps drawing me back to Fantastical
N9#4982	9. Google Sheets - Collaborate	3	2018-05-31	The native share option is completely useless and worked around || The sharing feature is trying too hard to work around the native share option to get a link, it takes twice as long to share something and it’s really annoying
N9#6063	9. Google Sheets - Collaborate	1	2014-08-16	does not work! || I went into this app with an intro screen, which told me I had to tap twice to edit the text in a cell. No amount of tapping on any cell does anything in this app. It&#39;s absolutely useless to me and is a testament of Google&#39;s ability to put out beta products and pass them off as useable products
N9#13438	9. Google Sheets - Collaborate	3	2014-10-29	Great free app || But it&#39;s missing a duplication option to duplicate files. I was hoping to use the app to track things monthly but as i can&#39;t duplicate the template or even save a template then I need to re type the whole sheet out for every month. I hope it&#39;s a feature that&#39;s added soon!
N9#26667	9. Google Sheets - Collaborate	5	2016-03-08	Can't duplicate formula || The green thumb button to duplicate a cell&#39;s formula is missing.
N9#38614	9. Google Sheets - Collaborate	1	2021-03-18	Please get rid of the extra click || Please roll back and get rid of the redundant click the edit button. Just go back to a single click to edit a cell.  Fix that and 5 stars.
N9#46438	9. Google Sheets - Collaborate	5	2016-04-14	Uses || I&#39;m discovering different ways to use it every time I open it!
N9#51900	9. Google Sheets - Collaborate	4	2014-05-20	Same thing, just in different messy places || The app still does what it did before. But for some reason the docs and sheets have been separated in to individual apps and ALL your documents are no longer in folders. The productivity is still there but I don&#39;t understand why take away the feature of organization to a productivity application. Hopefully they bring it back.
