row	review_id	store	app_folder	stars	date	retrieved_by	codes
0	7868053040	app	1. Habit Tracker - Goal Tracker & ADHD Planner	5	2021-10-02	new:full day	+FULL
1	10280546437	app	1. Habit Tracker - Goal Tracker & ADHD Planner	2	2023-08-20	prior:XBUG,ALL	NA
2	10170154141	app	1. Habit Tracker - Goal Tracker & ADHD Planner	2	2023-07-22	prior:XBUG,XWRONG,YEAR,ALL; new:overall completion	-CONF
3	10982239164	app	1. Habit Tracker - Goal Tracker & ADHD Planner	3	2024-02-26	new:Perfect week	NA
4	11314218167	app	1. Habit Tracker - Goal Tracker & ADHD Planner	4	2024-05-27	new:overall rate	-NONDAILY,-PCT
5	10829675651	app	1. Habit Tracker - Goal Tracker & ADHD Planner	1	2024-01-16	new:weekly stat	NA
6	10824308874	app	1. Habit Tracker - Goal Tracker & ADHD Planner	5	2024-01-15	prior:ALL,CAL,?BF; new:all the habits in one	+WEEKG
7	10660387739	app	1. Habit Tracker - Goal Tracker & ADHD Planner	5	2023-12-05	new:perfect day	+FULL
8	9269737921	app	1. Habit Tracker - Goal Tracker & ADHD Planner	5	2022-11-09	prior:ALL,XGATE	+RPT
9	9185761050	app	1. Habit Tracker - Goal Tracker & ADHD Planner	1	2022-10-15	new:weekly stat	-CONF
10	6755064871	app	1. Habit Tracker - Goal Tracker & ADHD Planner	5	2020-12-15	new:general performance	GEN
11	8199185128	app	1. Habit Tracker - Goal Tracker & ADHD Planner	5	2022-01-03	prior:?STRK,?ALL; new:general stat	?FULL
12	13920421914	app	1. Habit Tracker - Goal Tracker & ADHD Planner	5	2026-04-04	prior:ALL,PCT	+DAYNM
13	7074009127	app	1. Habit Tracker - Goal Tracker & ADHD Planner	5	2021-03-07	prior:STAT,ALL	GEN
14	6730310836	app	1. Habit Tracker - Goal Tracker & ADHD Planner	1	2020-12-08	new:weekly summary	-CONF
15	12904170637	app	1. Habit Tracker - Goal Tracker & ADHD Planner	4	2025-07-17	new:overall rate	?EXCL
16	12032880770	app	1. Habit Tracker - Goal Tracker & ADHD Planner	5	2024-12-06	prior:ALL,YEAR; new:on track	+RPT
17	10953121415	app	1. Habit Tracker - Goal Tracker & ADHD Planner	4	2024-02-18	new:overall completion	?EXCL
18	10488633695	app	1. Habit Tracker - Goal Tracker & ADHD Planner	1	2023-10-18	new:weekly summary	-CONF
19	10204139203	app	1. Habit Tracker - Goal Tracker & ADHD Planner	5	2023-07-31	prior:?ALL,WEEK; new:overall completion	?CAT,VAGUE
20	9894204343	app	1. Habit Tracker - Goal Tracker & ADHD Planner	5	2023-05-05	new:weekly progress	SHAME,+PERIOD
21	9624555058	app	1. Habit Tracker - Goal Tracker & ADHD Planner	1	2023-02-16	new:weekly view	+WEEKG
22	9435214443	app	1. Habit Tracker - Goal Tracker & ADHD Planner	5	2022-12-26	new:perfect day	?QUIT,FULL
23	6887607446	app	1. Habit Tracker - Goal Tracker & ADHD Planner	2	2021-01-19	prior:?PCT,XTHIN,ALL; new:overall completion	?HAB,VAGUE
24	6429161372	app	1. Habit Tracker - Goal Tracker & ADHD Planner	2	2020-09-14	new:completed days	NA
25	6087594649	app	1. Habit Tracker - Goal Tracker & ADHD Planner	5	2020-06-17	prior:?ALL; new:overall completion	?CAT,VAGUE
26	5798828495	app	1. Habit Tracker - Goal Tracker & ADHD Planner	4	2020-04-12	prior:?ALL,XFIND	GEN
27	9630036529	app	1. Habit Tracker - Goal Tracker & ADHD Planner	4	2023-02-18	new:Wochenübersicht	+WEEKG
28	9196907071	app	1. Habit Tracker - Goal Tracker & ADHD Planner	5	2022-10-18	new:weekly overview	+WEEKG
29	13671968508	app	1. Habit Tracker - Goal Tracker & ADHD Planner	3	2026-01-24	new:perfect day	-CONF,FULL
30	13113450019	app	1. Habit Tracker - Goal Tracker & ADHD Planner	5	2025-09-08	prior:ALL	GEN
31	12478023665	app	1. Habit Tracker - Goal Tracker & ADHD Planner	5	2025-03-29	prior:?WEEK,XCLUTTER,ALL	?PCT,SIMPLE
32	11890469157	app	1. Habit Tracker - Goal Tracker & ADHD Planner	5	2024-10-30	prior:RPT,ALL,MILE,DAYD	+FULL,+RPT
33	11768933220	app	1. Habit Tracker - Goal Tracker & ADHD Planner	5	2024-09-27	prior:PCT,ALL,DAYD	+PCT,+DAYNM
34	11627942907	app	1. Habit Tracker - Goal Tracker & ADHD Planner	5	2024-08-19	new:全部完成	+DAYNM
35	10411467361	app	1. Habit Tracker - Goal Tracker & ADHD Planner	5	2023-09-27	prior:VIS,ALL,XNONDAILY	NA
36	7104760878	app	1. Habit Tracker - Goal Tracker & ADHD Planner	5	2021-03-15	prior:CHART,ALL	GEN
37	6652288390	app	1. Habit Tracker - Goal Tracker & ADHD Planner	1	2020-11-16	new:全部完成	-CONF
38	6522944666	app	1. Habit Tracker - Goal Tracker & ADHD Planner	4	2020-10-11	prior:?ALL	NA
39	6513864810	app	1. Habit Tracker - Goal Tracker & ADHD Planner	1	2020-10-08	prior:XLOST,XWRONG,?ALL	?RPT
40	6345193240	app	1. Habit Tracker - Goal Tracker & ADHD Planner	5	2020-08-21	prior:ALL,YEAR,PART,?PART,XWRONG,?DAYD	+HAB,+PART
41	6053633298	app	1. Habit Tracker - Goal Tracker & ADHD Planner	5	2020-06-09	prior:?ALL,XFIND	GEN
42	6049905490	app	1. Habit Tracker - Goal Tracker & ADHD Planner	4	2020-06-08	prior:?ALL,?TOT,?CHART,XFIND	?TOT,?HAB
43	5823423447	app	1. Habit Tracker - Goal Tracker & ADHD Planner	4	2020-04-17	prior:?PCT,?ALL	?DAYNM
44	5053522765	app	1. Habit Tracker - Goal Tracker & ADHD Planner	5	2019-10-31	prior:?ALL,?RPT	?RPT,?HAB
45	4085725458	app	1. Habit Tracker - Goal Tracker & ADHD Planner	4	2019-05-01	prior:?ALL,?CHART	?TREND
46	9372941776	app	1. Habit Tracker - Goal Tracker & ADHD Planner	2	2022-12-08	new:weekly stat	NA
47	12605944848	app	1. Habit Tracker - Goal Tracker & ADHD Planner	5	2025-05-01	new:weekly progress	+NONDAILY,+WEEKG
48	12167477390	app	1. Habit Tracker - Goal Tracker & ADHD Planner	3	2025-01-10	new:weekly overview	-CONF
49	7584662988	app	1. Habit Tracker - Goal Tracker & ADHD Planner	5	2021-07-16	prior:RPT,ALL	+RPT,+HAB
50	10949922386	app	1. Habit Tracker - Goal Tracker & ADHD Planner	5	2024-02-17	new:best habit	NA
51	10540225166	app	1. Habit Tracker - Goal Tracker & ADHD Planner	5	2023-11-02	new:general view	NA
52	10177962947	app	1. Habit Tracker - Goal Tracker & ADHD Planner	4	2023-07-24	new:weekly report	GEN
53	13837380031	app	1. Habit Tracker - Goal Tracker & ADHD Planner	5	2026-03-11	new:all tasks are completed	NA
54	12448613807	app	1. Habit Tracker - Goal Tracker & ADHD Planner	4	2025-03-22	new:weekly percentage	-CONF
55	12246898302	app	1. Habit Tracker - Goal Tracker & ADHD Planner	5	2025-01-30	new:perfect day	-NONDAILY,FULL
56	12131255890	app	1. Habit Tracker - Goal Tracker & ADHD Planner	2	2025-01-01	new:week to week	-NONDAILY
57	12025704546	app	1. Habit Tracker - Goal Tracker & ADHD Planner	4	2024-12-04	new:weekly view	?WEEKG
58	11503216654	app	1. Habit Tracker - Goal Tracker & ADHD Planner	3	2024-07-17	new:completed days	-CONF,FULL
59	11313933862	app	1. Habit Tracker - Goal Tracker & ADHD Planner	4	2024-05-27	new:week by week	?RPT
60	11267642377	app	1. Habit Tracker - Goal Tracker & ADHD Planner	5	2024-05-14	prior:CHART,PCT,ALL; new:Best habit	+PCT
61	10902908906	app	1. Habit Tracker - Goal Tracker & ADHD Planner	5	2024-02-05	prior:PCT,ALL; new:overall score	+PCT,+HAB
62	10355733105	app	1. Habit Tracker - Goal Tracker & ADHD Planner	2	2023-09-11	new:how many habits i	NA
63	10345752075	app	1. Habit Tracker - Goal Tracker & ADHD Planner	5	2023-09-08	prior:ALL	GEN
64	10106331870	app	1. Habit Tracker - Goal Tracker & ADHD Planner	5	2023-07-05	new:overall rate	?EXCL,-NONDAILY
65	9774972879	app	1. Habit Tracker - Goal Tracker & ADHD Planner	4	2023-04-01	new:complete days	-NONDAILY,-DAYNM
66	9496975082	app	1. Habit Tracker - Goal Tracker & ADHD Planner	5	2023-01-11	new:best habit	NA
67	8233711494	app	1. Habit Tracker - Goal Tracker & ADHD Planner	3	2022-01-12	new:weekly report	NA
68	6413885561	app	1. Habit Tracker - Goal Tracker & ADHD Planner	5	2020-09-10	prior:ALL	GEN
69	5510018026	app	1. Habit Tracker - Goal Tracker & ADHD Planner	5	2020-02-09	prior:?ALL,?PCT,?RPT	?PCT,?RPT
70	13060345945	app	1. Habit Tracker - Goal Tracker & ADHD Planner	5	2025-08-25	new:weekly view	+WEEKG
71	11322917560	app	1. Habit Tracker - Goal Tracker & ADHD Planner	4	2024-05-30	prior:WEEK,?ALL	?WEEKG
72	8254987500	app	1. Habit Tracker - Goal Tracker & ADHD Planner	4	2022-01-18	new:weekly graph	NA
73	6883477676	app	1. Habit Tracker - Goal Tracker & ADHD Planner	4	2021-01-18	new:how many habits I	-CONF,DAYNM
74	6870313313	app	1. Habit Tracker - Goal Tracker & ADHD Planner	5	2021-01-14	prior:CHART,ALL; new:2/4 habits	?DAYNM,+HAB
75	11208098456	app	1. Habit Tracker - Goal Tracker & ADHD Planner	1	2024-04-28	new:weekly progress	+WEEKG
76	7092324140	app	1. Habit Tracker - Goal Tracker & ADHD Planner	5	2021-03-11	new:vs last month	?PREV
77	6890469540	app	1. Habit Tracker - Goal Tracker & ADHD Planner	3	2021-01-20	prior:ALL,PCT,YEAR,XWRONG,XSHAME; new:Overall Rate	-CONF,DAYNM,PCT
78	13631261284	app	1. Habit Tracker - Goal Tracker & ADHD Planner	5	2026-01-14	new:perfect day	-CONF,FULL
79	8658812263	app	1. Habit Tracker - Goal Tracker & ADHD Planner	4	2022-05-11	new:weekly report	+WEEKG
80	5855933845	app	1. Habit Tracker - Goal Tracker & ADHD Planner	5	2020-04-24	prior:?ALL,?PCT; new:best habit	?PCT
81	13861068617	app	1. Habit Tracker - Goal Tracker & ADHD Planner	5	2026-03-18	new:weekly progress	+WEEKG
82	8886483316	app	1. Habit Tracker - Goal Tracker & ADHD Planner	2	2022-07-18	new:weekly progress	NA
83	13615475566	app	1. Habit Tracker - Goal Tracker & ADHD Planner	5	2026-01-10	prior:ALL,CAL,YEAR	+RPT
84	7765651770	app	1. Habit Tracker - Goal Tracker & ADHD Planner	5	2021-09-03	new:most successful	+PCT
85	12916329267	app	1. Habit Tracker - Goal Tracker & ADHD Planner	5	2025-07-20	new:Overall Rate	?DAYNM
86	10783499005	app	1. Habit Tracker - Goal Tracker & ADHD Planner	4	2024-01-04	new:overall completion	-NONDAILY,-PCT
87	8231244431	app	1. Habit Tracker - Goal Tracker & ADHD Planner	4	2022-01-12	new:weekly report	+RPT
88	14398239845	app	1. Habit Tracker - Goal Tracker & ADHD Planner	5	2026-08-07	new:best habit	NA
89	11211065581	app	1. Habit Tracker - Goal Tracker & ADHD Planner	5	2024-04-28	new:weekly report	NA
90	10408297533	app	1. Habit Tracker - Goal Tracker & ADHD Planner	3	2023-09-26	new:every tasks is ticked	NA
91	13676338854	app	1. Habit Tracker - Goal Tracker & ADHD Planner	5	2026-01-26	new:Perfect day	-CONF,FULL
92	6733617020	app	1. Habit Tracker - Goal Tracker & ADHD Planner	5	2020-12-09	prior:ALL,RPT	+RPT
93	10467052088	app	1. Habit Tracker - Goal Tracker & ADHD Planner	5	2023-10-12	prior:ALL,WEEK,YEAR,VIS; new:all habits in one	+WEEKG,+HAB
94	9551530277	app	1. Habit Tracker - Goal Tracker & ADHD Planner	4	2023-01-27	prior:?ALL; new:total progress	?DAYNM
95	13613527476	app	1. Habit Tracker - Goal Tracker & ADHD Planner	5	2026-01-09	new:all of my habits in one	GEN
96	12760805277	app	1. Habit Tracker - Goal Tracker & ADHD Planner	5	2025-06-11	new:overall percentage	+PCT,+FORGIVE
97	12516217190	app	1. Habit Tracker - Goal Tracker & ADHD Planner	1	2025-04-07	new:all my tasks are completed	NA
98	12259907821	app	1. Habit Tracker - Goal Tracker & ADHD Planner	5	2025-02-02	new:most consistent	NA
99	11972095377	app	1. Habit Tracker - Goal Tracker & ADHD Planner	5	2024-11-20	prior:?ALL,?PCT; new:overall percentage	?DAYNM,PREV
100	11809707988	app	1. Habit Tracker - Goal Tracker & ADHD Planner	5	2024-10-08	prior:ALL; new:weekly view	+WEEKG
101	11790363709	app	1. Habit Tracker - Goal Tracker & ADHD Planner	4	2024-10-02	new:perfect week	-CONF,-NONDAILY
102	11396220457	app	1. Habit Tracker - Goal Tracker & ADHD Planner	5	2024-06-18	prior:ALL	+NONDAILY,GEN
103	11377690769	app	1. Habit Tracker - Goal Tracker & ADHD Planner	3	2024-06-13	new:full day	NA
104	11342788214	app	1. Habit Tracker - Goal Tracker & ADHD Planner	5	2024-06-04	prior:?ALL; new:overall progress	?DAYNM
105	11298991305	app	1. Habit Tracker - Goal Tracker & ADHD Planner	5	2024-05-23	new:most consistent	NA
106	11265157991	app	1. Habit Tracker - Goal Tracker & ADHD Planner	3	2024-05-14	new:overall rate	-CONF,-PCT
107	11163941293	app	1. Habit Tracker - Goal Tracker & ADHD Planner	3	2024-04-16	new:perfect day	-CONF,-FULL,?TOT
108	10886950701	app	1. Habit Tracker - Goal Tracker & ADHD Planner	5	2024-02-01	new:all my tasks done	GEN
109	10821836450	app	1. Habit Tracker - Goal Tracker & ADHD Planner	4	2024-01-14	new:all the habits together	?WEEKG
110	10516601373	app	1. Habit Tracker - Goal Tracker & ADHD Planner	5	2023-10-26	prior:ALL,PCT,PAT,CAL; new:overall percentage	+PCT,+PAT
111	10369291996	app	1. Habit Tracker - Goal Tracker & ADHD Planner	4	2023-09-15	new:full day	+FULL
112	10298082101	app	1. Habit Tracker - Goal Tracker & ADHD Planner	5	2023-08-25	new:complete day	+FULL
113	10230605117	app	1. Habit Tracker - Goal Tracker & ADHD Planner	5	2023-08-07	new:one need more attention	+HAB,+PERIOD
114	10197945343	app	1. Habit Tracker - Goal Tracker & ADHD Planner	5	2023-07-30	new:perfect day	+FSTRK,+PCT
115	10163673025	app	1. Habit Tracker - Goal Tracker & ADHD Planner	5	2023-07-21	new:full day	+FULL
116	10093074892	app	1. Habit Tracker - Goal Tracker & ADHD Planner	5	2023-07-01	prior:ALL; new:overall progress	GEN
117	9977907740	app	1. Habit Tracker - Goal Tracker & ADHD Planner	3	2023-05-29	new:week to week	NA
118	9896403121	app	1. Habit Tracker - Goal Tracker & ADHD Planner	5	2023-05-05	prior:?ALL,?CAL	?WEEKG
119	9835382363	app	1. Habit Tracker - Goal Tracker & ADHD Planner	4	2023-04-18	new:perfect day	-CONF,-PCT
120	9722678026	app	1. Habit Tracker - Goal Tracker & ADHD Planner	5	2023-03-17	new:weekly report	+RPT
121	9661935863	app	1. Habit Tracker - Goal Tracker & ADHD Planner	4	2023-02-27	new:week-by-week	GEN
122	9640513594	app	1. Habit Tracker - Goal Tracker & ADHD Planner	3	2023-02-21	new:weekly report	NA
123	9485266742	app	1. Habit Tracker - Goal Tracker & ADHD Planner	5	2023-01-08	new:weekly chart	GEN
124	9416126233	app	1. Habit Tracker - Goal Tracker & ADHD Planner	5	2022-12-20	new:all my habits at once	+WEEKG
125	9413479032	app	1. Habit Tracker - Goal Tracker & ADHD Planner	5	2022-12-19	new:all my habits in one	+TOT
126	9406322303	app	1. Habit Tracker - Goal Tracker & ADHD Planner	5	2022-12-17	prior:ALL,PCT; new:overall completion	+PCT,+HAB
127	9282323815	app	1. Habit Tracker - Goal Tracker & ADHD Planner	1	2022-11-12	new:all my habits on one	NA
128	9175672798	app	1. Habit Tracker - Goal Tracker & ADHD Planner	5	2022-10-12	prior:RPT,YEAR,ALL; new:perfect day	+FULL,+DAYNM,+RPT
129	8994676845	app	1. Habit Tracker - Goal Tracker & ADHD Planner	5	2022-08-19	new:perfect day	+DAYNM,+FULL
130	8877801178	app	1. Habit Tracker - Goal Tracker & ADHD Planner	5	2022-07-15	new:5/10 habits	+FORGIVE,DAYNM
131	8705264340	app	1. Habit Tracker - Goal Tracker & ADHD Planner	5	2022-05-25	new:weekly view	CAT
132	8370743551	app	1. Habit Tracker - Goal Tracker & ADHD Planner	3	2022-02-18	new:weekly view	-CONF
133	8277660468	app	1. Habit Tracker - Goal Tracker & ADHD Planner	5	2022-01-24	new:weekly progress	+RPT,+DAYNM
134	8235176252	app	1. Habit Tracker - Goal Tracker & ADHD Planner	4	2022-01-13	new:weekly report	NA
135	8176596803	app	1. Habit Tracker - Goal Tracker & ADHD Planner	5	2021-12-28	new:weekly view	+WEEKG
136	7445320120	app	1. Habit Tracker - Goal Tracker & ADHD Planner	4	2021-06-09	new:most consistent	-CONF
137	7180815312	app	1. Habit Tracker - Goal Tracker & ADHD Planner	5	2021-04-04	new:weekly report	NA
138	6746216367	app	1. Habit Tracker - Goal Tracker & ADHD Planner	2	2020-12-12	prior:ALL,XCONF,BF; new:all my habits in one	NA
139	6037660882	app	1. Habit Tracker - Goal Tracker & ADHD Planner	4	2020-06-05	prior:?ALL	?HAB,?QUIT
140	5421367809	app	1. Habit Tracker - Goal Tracker & ADHD Planner	5	2020-01-19	new:weekly summary	?RPT
141	3712223180	app	1. Habit Tracker - Goal Tracker & ADHD Planner	5	2019-01-30	new:most successful	NA
142	3708227359	app	1. Habit Tracker - Goal Tracker & ADHD Planner	5	2019-01-29	new:weekly summary	?RPT,?QUIT
143	10830831801	app	1. Habit Tracker - Goal Tracker & ADHD Planner	5	2024-01-17	prior:XWRONG,QST,ALL	-QUIT,-CONF
144	9518294146	app	1. Habit Tracker - Goal Tracker & ADHD Planner	4	2023-01-17	new:perfect day	+DAYNM,FULL
145	9297725560	app	1. Habit Tracker - Goal Tracker & ADHD Planner	5	2022-11-17	prior:CHART,ALL	GEN
146	12874582699	app	10. Finch - Self-Care Pet - Daily Journal & Habit Tracker	5	2025-07-10	new:all of my goals done	NA
147	9491514469	app	10. Finch - Self-Care Pet - Daily Journal & Habit Tracker	5	2023-01-10	new:overall chart	NA
148	9247060431	app	10. Finch - Self-Care Pet - Daily Journal & Habit Tracker	5	2022-11-02	new:complete day	NA
149	8831891641	app	10. Finch - Self-Care Pet - Daily Journal & Habit Tracker	5	2022-07-02	new:weekly recap	+RPT
150	14217121811	app	10. Finch - Self-Care Pet - Daily Journal & Habit Tracker	5	2026-06-23	new:all tasks done	NA
151	14008171901	app	10. Finch - Self-Care Pet - Daily Journal & Habit Tracker	5	2026-04-29	new:most consistent	NA
152	13807008435	app	10. Finch - Self-Care Pet - Daily Journal & Habit Tracker	5	2026-03-02	new:weekly report	RPT,SHAME
153	13693583430	app	10. Finch - Self-Care Pet - Daily Journal & Habit Tracker	5	2026-01-30	new:all my tasks done	NA
154	12364830278	app	10. Finch - Self-Care Pet - Daily Journal & Habit Tracker	5	2025-02-28	new:all of my tasks done	NA
155	8055966889	app	10. Finch - Self-Care Pet - Daily Journal & Habit Tracker	5	2021-11-23	new:weekly report	+RPT
156	8256100885	app	10. Finch - Self-Care Pet - Daily Journal & Habit Tracker	5	2022-01-18	new:weekly report	+RPT
157	13817589421	app	10. Finch - Self-Care Pet - Daily Journal & Habit Tracker	4	2026-03-05	new:weekly review	?RPT
158	13307084512	app	10. Finch - Self-Care Pet - Daily Journal & Habit Tracker	5	2025-10-24	new:most consistent	NA
159	12749516586	app	10. Finch - Self-Care Pet - Daily Journal & Habit Tracker	5	2025-06-08	new:all my goals done	NA
160	12140587232	app	10. Finch - Self-Care Pet - Daily Journal & Habit Tracker	5	2025-01-03	new:all of my tasks done	NA
161	11255670174	app	10. Finch - Self-Care Pet - Daily Journal & Habit Tracker	5	2024-05-11	new:all my goals done	NA
162	10946381035	app	10. Finch - Self-Care Pet - Daily Journal & Habit Tracker	5	2024-02-16	new:clean day	NA
163	10807426621	app	10. Finch - Self-Care Pet - Daily Journal & Habit Tracker	5	2024-01-10	new:all my tasks done	NA
164	9827652959	app	10. Finch - Self-Care Pet - Daily Journal & Habit Tracker	5	2023-04-16	new:all my tasks done	NA
165	9644557009	app	10. Finch - Self-Care Pet - Daily Journal & Habit Tracker	5	2023-02-22	new:all of my goals done	NA
166	8921370686	app	10. Finch - Self-Care Pet - Daily Journal & Habit Tracker	5	2022-07-28	new:weekly review	+RPT
167	8707368575	app	10. Finch - Self-Care Pet - Daily Journal & Habit Tracker	5	2022-05-25	new:complete day	NA
168	8077236862	app	10. Finch - Self-Care Pet - Daily Journal & Habit Tracker	5	2021-11-29	new:weekly overview	+RPT
169	13288934208	app	10. Finch - Self-Care Pet - Daily Journal & Habit Tracker	5	2025-10-20	new:most consistent	+RPT
170	11782395121	app	10. Finch - Self-Care Pet - Daily Journal & Habit Tracker	5	2024-09-30	new:weekly report	+RPT
171	14416409498	app	10. Finch - Self-Care Pet - Daily Journal & Habit Tracker	5	2026-08-11	new:all tasks are completed	+FULL
172	14411781111	app	10. Finch - Self-Care Pet - Daily Journal & Habit Tracker	5	2026-08-10	new:most successful	NA
173	14151322538	app	10. Finch - Self-Care Pet - Daily Journal & Habit Tracker	4	2026-06-06	new:completed day	NA
174	14128229152	app	10. Finch - Self-Care Pet - Daily Journal & Habit Tracker	5	2026-05-31	new:all of my goals done	NA
175	14036451533	app	10. Finch - Self-Care Pet - Daily Journal & Habit Tracker	5	2026-05-07	new:most consistent	NA
176	13996685045	app	10. Finch - Self-Care Pet - Daily Journal & Habit Tracker	5	2026-04-25	new:all my goals done	NA
177	13727234365	app	10. Finch - Self-Care Pet - Daily Journal & Habit Tracker	5	2026-02-08	new:10/27 goals	+FORGIVE,DAYNM
178	13666227378	app	10. Finch - Self-Care Pet - Daily Journal & Habit Tracker	5	2026-01-23	new:perfect day	NA
179	13430377726	app	10. Finch - Self-Care Pet - Daily Journal & Habit Tracker	5	2025-11-23	new:on track	NA
180	13422303167	app	10. Finch - Self-Care Pet - Daily Journal & Habit Tracker	5	2025-11-21	new:since last week	NA
181	13367464210	app	10. Finch - Self-Care Pet - Daily Journal & Habit Tracker	5	2025-11-07	new:all my goals done	NA
182	12979421255	app	10. Finch - Self-Care Pet - Daily Journal & Habit Tracker	5	2025-08-05	new:weekly progress	NA
183	12704254704	app	10. Finch - Self-Care Pet - Daily Journal & Habit Tracker	4	2025-05-27	new:weekly insight	NA
184	12557461461	app	10. Finch - Self-Care Pet - Daily Journal & Habit Tracker	5	2025-04-18	new:all of my tasks done	NA
185	12464902111	app	10. Finch - Self-Care Pet - Daily Journal & Habit Tracker	4	2025-03-26	new:general stat	?FULL,?DAYNM
186	12461214623	app	10. Finch - Self-Care Pet - Daily Journal & Habit Tracker	5	2025-03-25	new:all of my tasks done	NA
187	12431479093	app	10. Finch - Self-Care Pet - Daily Journal & Habit Tracker	5	2025-03-17	new:all tasks done	NA
188	12419959994	app	10. Finch - Self-Care Pet - Daily Journal & Habit Tracker	5	2025-03-14	new:full days	NA
189	12347071438	app	10. Finch - Self-Care Pet - Daily Journal & Habit Tracker	4	2025-02-23	new:most missed	+HAB,?HAB
190	12328068634	app	10. Finch - Self-Care Pet - Daily Journal & Habit Tracker	4	2025-02-19	new:all my tasks done	NA
191	12253724440	app	10. Finch - Self-Care Pet - Daily Journal & Habit Tracker	3	2025-01-31	new:complete day	NA
192	12233794703	app	10. Finch - Self-Care Pet - Daily Journal & Habit Tracker	5	2025-01-26	new:week to week	?TREND
193	12224721380	app	10. Finch - Self-Care Pet - Daily Journal & Habit Tracker	5	2025-01-24	new:total progress	?FORGIVE,?TOT
194	12120693925	app	10. Finch - Self-Care Pet - Daily Journal & Habit Tracker	5	2024-12-29	new:all my tasks done	NA
195	12015498264	app	10. Finch - Self-Care Pet - Daily Journal & Habit Tracker	4	2024-12-02	new:least missed	?HAB,?PCT
196	11950062026	app	10. Finch - Self-Care Pet - Daily Journal & Habit Tracker	5	2024-11-14	new:all my goals done	NA
197	11912080145	app	10. Finch - Self-Care Pet - Daily Journal & Habit Tracker	5	2024-11-04	new:most consistent	NA
198	11739653114	app	10. Finch - Self-Care Pet - Daily Journal & Habit Tracker	5	2024-09-19	new:full day	NA
199	11733064263	app	10. Finch - Self-Care Pet - Daily Journal & Habit Tracker	5	2024-09-17	new:most consistent	NA
200	11659209240	app	10. Finch - Self-Care Pet - Daily Journal & Habit Tracker	4	2024-08-27	new:full day	NA
201	11541308441	app	10. Finch - Self-Care Pet - Daily Journal & Habit Tracker	5	2024-07-27	new:best habit	NA
202	11519507510	app	10. Finch - Self-Care Pet - Daily Journal & Habit Tracker	5	2024-07-21	new:most consistent	NA
203	11468085033	app	10. Finch - Self-Care Pet - Daily Journal & Habit Tracker	5	2024-07-08	new:most consistent	NA
204	11324247721	app	10. Finch - Self-Care Pet - Daily Journal & Habit Tracker	3	2024-05-30	new:weekly report	-CONF,RPT
205	11302591186	app	10. Finch - Self-Care Pet - Daily Journal & Habit Tracker	5	2024-05-24	new:Most consistent	NA
206	11271117722	app	10. Finch - Self-Care Pet - Daily Journal & Habit Tracker	5	2024-05-15	new:all my tasks done	NA
207	11230965062	app	10. Finch - Self-Care Pet - Daily Journal & Habit Tracker	5	2024-05-04	new:Best habit	NA
208	11168596528	app	10. Finch - Self-Care Pet - Daily Journal & Habit Tracker	5	2024-04-17	new:all tasks done	NA
209	11160016034	app	10. Finch - Self-Care Pet - Daily Journal & Habit Tracker	5	2024-04-15	new:weekly report	+RPT
210	11113837547	app	10. Finch - Self-Care Pet - Daily Journal & Habit Tracker	5	2024-04-02	new:most consistent	NA
211	11110465764	app	10. Finch - Self-Care Pet - Daily Journal & Habit Tracker	5	2024-04-01	new:2/40 goals	NA
212	11107903273	app	10. Finch - Self-Care Pet - Daily Journal & Habit Tracker	5	2024-04-01	new:all my tasks done	NA
213	11010883083	app	10. Finch - Self-Care Pet - Daily Journal & Habit Tracker	5	2024-03-05	new:all my goals met	NA
214	10965139736	app	10. Finch - Self-Care Pet - Daily Journal & Habit Tracker	5	2024-02-22	new:weekly review	NA
215	10811414050	app	10. Finch - Self-Care Pet - Daily Journal & Habit Tracker	5	2024-01-12	new:all my goals done	NA
216	10556390876	app	10. Finch - Self-Care Pet - Daily Journal & Habit Tracker	5	2023-11-06	new:Best Habit	NA
217	10261590660	app	10. Finch - Self-Care Pet - Daily Journal & Habit Tracker	5	2023-08-15	new:best habit	NA
218	10179280318	app	10. Finch - Self-Care Pet - Daily Journal & Habit Tracker	5	2023-07-25	new:overall rate	NA
219	10113611756	app	10. Finch - Self-Care Pet - Daily Journal & Habit Tracker	5	2023-07-07	new:weekly progress	+RPT
220	9951883611	app	10. Finch - Self-Care Pet - Daily Journal & Habit Tracker	5	2023-05-21	prior:?ALL,?TOT,?STRK,?PCT; new:overall rate	?RPT,?TOT,?PCT
221	9886805490	app	10. Finch - Self-Care Pet - Daily Journal & Habit Tracker	5	2023-05-03	new:full day	NA
222	9686132850	app	10. Finch - Self-Care Pet - Daily Journal & Habit Tracker	5	2023-03-06	new:most consistent	NA
223	9595075284	app	10. Finch - Self-Care Pet - Daily Journal & Habit Tracker	5	2023-02-08	new:weekly insight	+RPT
224	9586429433	app	10. Finch - Self-Care Pet - Daily Journal & Habit Tracker	5	2023-02-05	new:weekly report	+RPT
225	9540166260	app	10. Finch - Self-Care Pet - Daily Journal & Habit Tracker	5	2023-01-23	new:weekly report	+RPT,+PREV
226	9527314748	app	10. Finch - Self-Care Pet - Daily Journal & Habit Tracker	5	2023-01-20	new:most consistent	NA
227	9479171565	app	10. Finch - Self-Care Pet - Daily Journal & Habit Tracker	5	2023-01-06	new:all my tasks done	NA
228	9306539995	app	10. Finch - Self-Care Pet - Daily Journal & Habit Tracker	5	2022-11-19	new:weekly report	NA
229	9286083333	app	10. Finch - Self-Care Pet - Daily Journal & Habit Tracker	5	2022-11-13	new:most consistent	NA
230	9243799925	app	10. Finch - Self-Care Pet - Daily Journal & Habit Tracker	5	2022-11-01	new:full day	NA
231	9174941223	app	10. Finch - Self-Care Pet - Daily Journal & Habit Tracker	5	2022-10-11	new:weekly insight	NA
232	9124458106	app	10. Finch - Self-Care Pet - Daily Journal & Habit Tracker	5	2022-09-26	new:Weekly report	+RPT
233	9008306539	app	10. Finch - Self-Care Pet - Daily Journal & Habit Tracker	5	2022-08-23	new:weekly review	NA
234	8978781278	app	10. Finch - Self-Care Pet - Daily Journal & Habit Tracker	5	2022-08-14	new:full day	NA
235	8801008549	app	10. Finch - Self-Care Pet - Daily Journal & Habit Tracker	5	2022-06-23	new:most consistent	NA
236	8799375809	app	10. Finch - Self-Care Pet - Daily Journal & Habit Tracker	5	2022-06-22	new:weekly graph	NA
237	8783224335	app	10. Finch - Self-Care Pet - Daily Journal & Habit Tracker	5	2022-06-17	new:overall rate	NA
238	8778078506	app	10. Finch - Self-Care Pet - Daily Journal & Habit Tracker	1	2022-06-16	new:weekly report	RPT
239	8754015139	app	10. Finch - Self-Care Pet - Daily Journal & Habit Tracker	5	2022-06-08	new:week to week	NA
240	8727174422	app	10. Finch - Self-Care Pet - Daily Journal & Habit Tracker	5	2022-05-31	new:weekly recap	+RPT
241	8621737269	app	10. Finch - Self-Care Pet - Daily Journal & Habit Tracker	5	2022-04-30	new:weekly review	+RPT
242	8494086516	app	10. Finch - Self-Care Pet - Daily Journal & Habit Tracker	5	2022-03-25	new:weekly report	+RPT
243	8492145353	app	10. Finch - Self-Care Pet - Daily Journal & Habit Tracker	5	2022-03-25	new:all my tasks done	NA
244	8456836129	app	10. Finch - Self-Care Pet - Daily Journal & Habit Tracker	4	2022-03-15	new:weekly report	NA
245	8416362193	app	10. Finch - Self-Care Pet - Daily Journal & Habit Tracker	5	2022-03-03	new:most consistent	NA
246	8340890798	app	10. Finch - Self-Care Pet - Daily Journal & Habit Tracker	5	2022-02-10	new:full day	NA
247	8264844330	app	10. Finch - Self-Care Pet - Daily Journal & Habit Tracker	5	2022-01-21	new:weekly review	NA
248	8260087316	app	10. Finch - Self-Care Pet - Daily Journal & Habit Tracker	5	2022-01-20	new:weekly report	NA
249	8258834681	app	10. Finch - Self-Care Pet - Daily Journal & Habit Tracker	5	2022-01-19	new:most consistent	NA
250	8239264668	app	10. Finch - Self-Care Pet - Daily Journal & Habit Tracker	5	2022-01-14	new:weekly review	+RPT
251	8233222614	app	10. Finch - Self-Care Pet - Daily Journal & Habit Tracker	5	2022-01-12	new:weekly report	+RPT
252	9026326979	app	12. That Girl - Routine Planner - Cute Daily Calendar Schedule	1	2022-08-28	new:week to week	NA
253	4601697213	app	13. Productive - Habit Tracker - Daily Routine & Goals Planner	2	2019-08-11	new:perfect day	-NONDAILY,-FULL
254	2759046188	app	13. Productive - Habit Tracker - Daily Routine & Goals Planner	2	2018-06-24	new:1/2 habits	NA
255	1495125773	app	13. Productive - Habit Tracker - Daily Routine & Goals Planner	4	2016-12-03	new:weekly view	?WEEKG
256	1473162655	app	13. Productive - Habit Tracker - Daily Routine & Goals Planner	5	2016-10-26	new:perfect day	FULL,+FORGIVE
257	1231576804	app	13. Productive - Habit Tracker - Daily Routine & Goals Planner	4	2015-07-23	new:perfect day	?FULL
258	5238814639	app	13. Productive - Habit Tracker - Daily Routine & Goals Planner	4	2019-12-06	new:general overview	?WEEKG
259	5940835039	app	13. Productive - Habit Tracker - Daily Routine & Goals Planner	5	2020-05-13	prior:ALL; new:dias perfeitos	+FULL,+FSTRK
260	3724745254	app	13. Productive - Habit Tracker - Daily Routine & Goals Planner	4	2019-02-02	prior:XSHAME,?CHART,ALL; new:dias perfeitos	-FULL,?TREND,?DAYNM
261	9006617525	app	13. Productive - Habit Tracker - Daily Routine & Goals Planner	1	2022-08-22	new:perfect day	+FULL,+NONDAILY
262	6259917415	app	13. Productive - Habit Tracker - Daily Routine & Goals Planner	5	2020-07-30	new:perfect day	FULL
263	5808200292	app	13. Productive - Habit Tracker - Daily Routine & Goals Planner	4	2020-04-14	new:general view	NA
264	4665341298	app	13. Productive - Habit Tracker - Daily Routine & Goals Planner	1	2019-08-24	new:perfect day	-NONDAILY,-FULL,SHAME
265	1475354868	app	13. Productive - Habit Tracker - Daily Routine & Goals Planner	5	2016-10-29	new:COMPLETE days	+FULL,+FSTRK
266	1338169819	app	13. Productive - Habit Tracker - Daily Routine & Goals Planner	5	2016-02-25	new:perfect day	+FULL
267	1234240232	app	13. Productive - Habit Tracker - Daily Routine & Goals Planner	5	2015-07-28	new:overall progress	?TOT
268	3977083046	app	13. Productive - Habit Tracker - Daily Routine & Goals Planner	3	2019-04-06	new:weekly overview	?WEEKG
269	3320840012	app	13. Productive - Habit Tracker - Daily Routine & Goals Planner	3	2018-10-19	prior:XWRONG,ALL	-CONF,-FULL
270	3209138469	app	13. Productive - Habit Tracker - Daily Routine & Goals Planner	4	2018-09-20	new:perfekten Tag	FULL
271	1972002642	app	13. Productive - Habit Tracker - Daily Routine & Goals Planner	3	2017-12-05	new:perfekter Tag	-FULL,?WEEKG
272	1518327938	app	13. Productive - Habit Tracker - Daily Routine & Goals Planner	5	2017-01-09	prior:?ALL	?PCT
273	9954666444	app	13. Productive - Habit Tracker - Daily Routine & Goals Planner	3	2023-05-22	prior:XWRONG,STRK,ALL,BF	-CONF,FSTRK
274	6274172774	app	13. Productive - Habit Tracker - Daily Routine & Goals Planner	4	2020-08-03	new:perfect day	-NONDAILY
275	5797488031	app	13. Productive - Habit Tracker - Daily Routine & Goals Planner	5	2020-04-11	new:perfect day	+FULL
276	5299406526	app	13. Productive - Habit Tracker - Daily Routine & Goals Planner	2	2019-12-21	new:perfect day	-CONF,FULL
277	4406978412	app	13. Productive - Habit Tracker - Daily Routine & Goals Planner	5	2019-07-03	new:perfect day	-CONF,FULL
278	4100987863	app	13. Productive - Habit Tracker - Daily Routine & Goals Planner	2	2019-05-04	new:perfect day	-CONF,FULL
279	3612803086	app	13. Productive - Habit Tracker - Daily Routine & Goals Planner	5	2019-01-04	new:perfect day	+FSTRK
280	3531061457	app	13. Productive - Habit Tracker - Daily Routine & Goals Planner	4	2018-12-14	prior:?PCT,?PART,XCONF,ALL	?DAYNM,-FULL,?PART
281	2395740335	app	13. Productive - Habit Tracker - Daily Routine & Goals Planner	4	2018-04-07	new:perfect day	-NONDAILY,-FULL
282	1643103276	app	13. Productive - Habit Tracker - Daily Routine & Goals Planner	5	2017-06-13	prior:?ALL,?CHART; new:general overview	?HAB,FULL
283	1487137800	app	13. Productive - Habit Tracker - Daily Routine & Goals Planner	5	2016-11-19	new:perfect day	FULL
284	1478677968	app	13. Productive - Habit Tracker - Daily Routine & Goals Planner	2	2016-11-04	new:perfect day	-NONDAILY,-FULL
285	1414848485	app	13. Productive - Habit Tracker - Daily Routine & Goals Planner	5	2016-07-18	new:perfect day	+FULL,+PAT
286	1397856853	app	13. Productive - Habit Tracker - Daily Routine & Goals Planner	5	2016-06-21	new:best habits	NA
287	1359056110	app	13. Productive - Habit Tracker - Daily Routine & Goals Planner	5	2016-04-05	prior:STAT,FORG,ALL; new:perfect day	+FULL,+FORGIVE
288	1354344191	app	13. Productive - Habit Tracker - Daily Routine & Goals Planner	4	2016-03-27	new:perfect day	?FULL
289	1286205696	app	13. Productive - Habit Tracker - Daily Routine & Goals Planner	4	2015-11-13	new:perfect day	FULL
290	1241623208	app	13. Productive - Habit Tracker - Daily Routine & Goals Planner	5	2015-08-11	new:perfect day	+FULL,+FSTRK
291	2845793181	app	13. Productive - Habit Tracker - Daily Routine & Goals Planner	4	2018-07-06	new:overall stat	GEN
292	1469350458	app	13. Productive - Habit Tracker - Daily Routine & Goals Planner	4	2016-10-19	prior:?PCT,?ALL	?DAYNM
293	5832339527	app	13. Productive - Habit Tracker - Daily Routine & Goals Planner	3	2020-04-19	prior:?PCT,?ALL,XSHAME	-FULL,?DAYNM
294	4167846932	app	13. Productive - Habit Tracker - Daily Routine & Goals Planner	2	2019-05-18	prior:XWRONG,ALL	-CONF
295	5771672663	app	13. Productive - Habit Tracker - Daily Routine & Goals Planner	4	2020-04-06	prior:?ALL,?CHART; new:overall stat	?TREND
296	2010282556	app	13. Productive - Habit Tracker - Daily Routine & Goals Planner	4	2017-12-20	prior:?ALL,?CHART	?DAYNM
297	5576228512	app	13. Productive - Habit Tracker - Daily Routine & Goals Planner	4	2020-02-25	prior:ALL,XBUG	GEN
298	3793732674	app	13. Productive - Habit Tracker - Daily Routine & Goals Planner	3	2019-02-20	new:all habits are checked	NA
299	9600576539	app	13. Productive - Habit Tracker - Daily Routine & Goals Planner	5	2023-02-09	new:general view	NA
300	5198030169	app	13. Productive - Habit Tracker - Daily Routine & Goals Planner	1	2019-11-26	prior:XTHIN,?ALL	?RPT
301	1322795685	app	13. Productive - Habit Tracker - Daily Routine & Goals Planner	5	2016-01-26	new:overall view	+WEEKG,?TREND
302	7213791333	app	13. Productive - Habit Tracker - Daily Routine & Goals Planner	3	2021-04-12	prior:?ALL,XTHIN; new:all my habits together	?WEEKG,?HAB
303	1811303462	app	13. Productive - Habit Tracker - Daily Routine & Goals Planner	4	2017-09-26	prior:?CHART,?ALL	?HAB
304	1365985690	app	13. Productive - Habit Tracker - Daily Routine & Goals Planner	5	2016-04-20	prior:ALL	GEN
305	7824015740	app	13. Productive - Habit Tracker - Daily Routine & Goals Planner	2	2021-09-19	prior:XGATE,XREMOVED,ALL	RPT
306	5862392205	app	13. Productive - Habit Tracker - Daily Routine & Goals Planner	5	2020-04-25	new:all tasks completed	?HAB
307	10126604467	app	13. Productive - Habit Tracker - Daily Routine & Goals Planner	3	2023-07-11	new:2/3 habits	-CONF,-PCT
308	8281953967	app	13. Productive - Habit Tracker - Daily Routine & Goals Planner	2	2022-01-25	new:compare last month	?PREV
309	7234367856	app	13. Productive - Habit Tracker - Daily Routine & Goals Planner	3	2021-04-18	new:all habits complete	-CONF,DAYNM
310	6766988845	app	13. Productive - Habit Tracker - Daily Routine & Goals Planner	4	2020-12-18	new:perfect day	-QUIT,-FULL
311	6090360838	app	13. Productive - Habit Tracker - Daily Routine & Goals Planner	5	2020-06-18	new:all habits completed	?DAYNM
312	6036468165	app	13. Productive - Habit Tracker - Daily Routine & Goals Planner	4	2020-06-05	new:week to week	+PREV
313	5902720790	app	13. Productive - Habit Tracker - Daily Routine & Goals Planner	3	2020-05-04	new:general stat	NA
314	5760991981	app	13. Productive - Habit Tracker - Daily Routine & Goals Planner	4	2020-04-04	new:Perfect Day	+FULL,+FSTRK
315	5724117606	app	13. Productive - Habit Tracker - Daily Routine & Goals Planner	1	2020-03-28	prior:XLOST,LONG,ALL; new:perfect day	FSTRK,FULL
316	5694202953	app	13. Productive - Habit Tracker - Daily Routine & Goals Planner	3	2020-03-22	prior:XTHIN,?GRP,ALL	-FULL,?RPT,?HAB
317	5688122345	app	13. Productive - Habit Tracker - Daily Routine & Goals Planner	5	2020-03-20	prior:ALL	GEN
318	5400420209	app	13. Productive - Habit Tracker - Daily Routine & Goals Planner	5	2020-01-14	new:perfect day	NA
319	5359697951	app	13. Productive - Habit Tracker - Daily Routine & Goals Planner	4	2020-01-04	new:completed days	NA
320	5349765215	app	13. Productive - Habit Tracker - Daily Routine & Goals Planner	1	2020-01-02	new:perfect day	NA
321	5333778868	app	13. Productive - Habit Tracker - Daily Routine & Goals Planner	4	2019-12-29	new:full day	NA
322	5276841227	app	13. Productive - Habit Tracker - Daily Routine & Goals Planner	1	2019-12-15	new:all habits together	NA
323	5216785933	app	13. Productive - Habit Tracker - Daily Routine & Goals Planner	3	2019-11-30	new:perfect day	NA
324	5204075809	app	13. Productive - Habit Tracker - Daily Routine & Goals Planner	2	2019-11-27	new:full day	NA
325	4804236882	app	13. Productive - Habit Tracker - Daily Routine & Goals Planner	5	2019-09-19	new:Best habit	NA
326	4794443997	app	13. Productive - Habit Tracker - Daily Routine & Goals Planner	1	2019-09-17	new:week to week	-NONDAILY
327	4337181050	app	13. Productive - Habit Tracker - Daily Routine & Goals Planner	5	2019-06-19	new:perfect day	+FULL
328	4239834531	app	13. Productive - Habit Tracker - Daily Routine & Goals Planner	4	2019-05-31	new:week to week	NA
329	4184680896	app	13. Productive - Habit Tracker - Daily Routine & Goals Planner	5	2019-05-21	new:weekly graph	?TREND
330	3669657742	app	13. Productive - Habit Tracker - Daily Routine & Goals Planner	3	2019-01-19	new:perfect week	-NONDAILY,-FULL,?FULL
331	3613624862	app	13. Productive - Habit Tracker - Daily Routine & Goals Planner	5	2019-01-05	new:all habits completed	+FSTRK,+FULL
332	3572227643	app	13. Productive - Habit Tracker - Daily Routine & Goals Planner	2	2018-12-25	new:perfect day	-CONF,FSTRK
333	3318496427	app	13. Productive - Habit Tracker - Daily Routine & Goals Planner	4	2018-10-19	new:all tasks completed	-CONF,FULL
334	3307075806	app	13. Productive - Habit Tracker - Daily Routine & Goals Planner	5	2018-10-16	new:perfect day	-CONF,FULL
335	3263972289	app	13. Productive - Habit Tracker - Daily Routine & Goals Planner	5	2018-10-04	new:perfect day	+FULL,+FSTRK
336	3171844571	app	13. Productive - Habit Tracker - Daily Routine & Goals Planner	4	2018-09-09	new:overall stat	-NONDAILY,-FULL
337	3141816014	app	13. Productive - Habit Tracker - Daily Routine & Goals Planner	1	2018-09-01	new:how many habits I	NA
338	2993190547	app	13. Productive - Habit Tracker - Daily Routine & Goals Planner	5	2018-07-30	new:completed day	NA
339	2643773079	app	13. Productive - Habit Tracker - Daily Routine & Goals Planner	4	2018-06-05	new:perfect day	-NONDAILY,-FULL
340	2622642664	app	13. Productive - Habit Tracker - Daily Routine & Goals Planner	5	2018-05-31	new:full day	NA
341	2603573393	app	13. Productive - Habit Tracker - Daily Routine & Goals Planner	5	2018-05-27	new:perfect day	+FULL
342	2440725473	app	13. Productive - Habit Tracker - Daily Routine & Goals Planner	5	2018-04-19	prior:ALL,STAT; new:on track	+PCT,+HAB
343	2346679428	app	13. Productive - Habit Tracker - Daily Routine & Goals Planner	4	2018-03-26	prior:?ALL; new:all my habits in one	?WEEKG
344	2282867197	app	13. Productive - Habit Tracker - Daily Routine & Goals Planner	5	2018-03-08	prior:XREMOVED,?PCT,?ALL,?PART; new:perfect day	?DAYNM,-FULL,?TREND
345	2113853078	app	13. Productive - Habit Tracker - Daily Routine & Goals Planner	1	2018-01-22	new:perfect day	-CONF,FULL
346	1971104100	app	13. Productive - Habit Tracker - Daily Routine & Goals Planner	5	2017-12-05	new:perfect day	+FULL
347	1683700924	app	13. Productive - Habit Tracker - Daily Routine & Goals Planner	3	2017-07-15	prior:?CHART,?ALL	?TREND
348	1591168329	app	13. Productive - Habit Tracker - Daily Routine & Goals Planner	5	2017-04-17	new:most successful	+FSTRK,+HAB
349	1565906427	app	13. Productive - Habit Tracker - Daily Routine & Goals Planner	4	2017-03-17	prior:XSHAME,?PART,ALL; new:perfect day	-FULL,?DAYNM,?PART
350	1534536904	app	13. Productive - Habit Tracker - Daily Routine & Goals Planner	4	2017-02-01	prior:STRK,ALL,?PAT	+FSTRK,+DAYNM
351	1530522209	app	13. Productive - Habit Tracker - Daily Routine & Goals Planner	5	2017-01-26	new:weekly view	NA
352	1528389812	app	13. Productive - Habit Tracker - Daily Routine & Goals Planner	5	2017-01-23	new:perfect day	+FULL
353	1527257830	app	13. Productive - Habit Tracker - Daily Routine & Goals Planner	2	2017-01-21	prior:XWRONG,ALL	-NONDAILY,-FULL
354	1520732642	app	13. Productive - Habit Tracker - Daily Routine & Goals Planner	4	2017-01-12	new:perfect day	-NONDAILY,-FULL
355	1514981681	app	13. Productive - Habit Tracker - Daily Routine & Goals Planner	5	2017-01-04	prior:ALL	+FULL
356	1463943826	app	13. Productive - Habit Tracker - Daily Routine & Goals Planner	5	2016-10-09	new:perfect day	+FULL,+HAB
357	1459043261	app	13. Productive - Habit Tracker - Daily Routine & Goals Planner	5	2016-10-01	new:completed days	+FULL
358	1446480850	app	13. Productive - Habit Tracker - Daily Routine & Goals Planner	5	2016-09-08	new:all the habits at once	NA
359	1442847354	app	13. Productive - Habit Tracker - Daily Routine & Goals Planner	5	2016-09-01	prior:STAT,ALL; new:all of my habits at once	GEN
360	1440945644	app	13. Productive - Habit Tracker - Daily Routine & Goals Planner	5	2016-08-29	prior:STRK,ALL; new:perfect day	+FULL,+FSTRK
361	1421683857	app	13. Productive - Habit Tracker - Daily Routine & Goals Planner	5	2016-07-28	new:perfect day	+FULL,+HAB
362	1389995811	app	13. Productive - Habit Tracker - Daily Routine & Goals Planner	4	2016-06-06	prior:XWRONG,ALL,XCONF; new:complete day	-CONF,-FULL
363	1380700443	app	13. Productive - Habit Tracker - Daily Routine & Goals Planner	5	2016-05-19	new:perfect day	NA
364	1367198596	app	13. Productive - Habit Tracker - Daily Routine & Goals Planner	4	2016-04-22	prior:?ALL; new:Best habit	?HAB
365	1364989319	app	13. Productive - Habit Tracker - Daily Routine & Goals Planner	5	2016-04-17	new:perfect day	NA
366	1347957800	app	13. Productive - Habit Tracker - Daily Routine & Goals Planner	5	2016-03-14	new:perfect day	?CAT,FULL
367	1347533666	app	13. Productive - Habit Tracker - Daily Routine & Goals Planner	1	2016-03-14	new:global view	NA
368	1343502696	app	13. Productive - Habit Tracker - Daily Routine & Goals Planner	5	2016-03-06	prior:STRK,ALL; new:all my habits in one	+WEEKG
369	1318812334	app	13. Productive - Habit Tracker - Daily Routine & Goals Planner	5	2016-01-19	new:best habit	NA
370	1318770822	app	13. Productive - Habit Tracker - Daily Routine & Goals Planner	5	2016-01-19	new:perfect day	+FULL,+FSTRK
371	1304046804	app	13. Productive - Habit Tracker - Daily Routine & Goals Planner	5	2015-12-21	new:perfect day	FULL
372	1295876257	app	13. Productive - Habit Tracker - Daily Routine & Goals Planner	5	2015-12-04	prior:ALL; new:overall progress	+PCT
373	1278151482	app	13. Productive - Habit Tracker - Daily Routine & Goals Planner	5	2015-10-28	new:weekly progress	+RPT
374	1228668776	app	13. Productive - Habit Tracker - Daily Routine & Goals Planner	5	2015-07-17	new:perfect day	+FULL
375	1227187663	app	13. Productive - Habit Tracker - Daily Routine & Goals Planner	5	2015-07-14	new:perfect day	+FORGIVE,FULL
376	1224172767	app	13. Productive - Habit Tracker - Daily Routine & Goals Planner	5	2015-07-08	new:perfect day	+FSTRK
377	1214639575	app	13. Productive - Habit Tracker - Daily Routine & Goals Planner	5	2015-06-19	new:perfect day	+FULL
378	1211303882	app	13. Productive - Habit Tracker - Daily Routine & Goals Planner	5	2015-06-12	new:all my habits done	GEN
379	5247491127	app	13. Productive - Habit Tracker - Daily Routine & Goals Planner	4	2019-12-08	new:Perfect Day	+TOT,+FULL
380	11715418924	app	16. Atoms - from Atomic Habits - The official Atomic Habits app	5	2024-09-12	new:habit score	NA
381	13276061916	app	16. Atoms - from Atomic Habits - The official Atomic Habits app	4	2025-10-17	new:overall progress	GEN
382	12785008962	app	18. MyRoutine - Organize your day - Built around your real life	5	2025-06-17	prior:?ALL,?DAYD,?GRP	?WEEKG,?CAT
383	12327851126	app	18. MyRoutine - Organize your day - Built around your real life	5	2025-02-19	new:주간통계	?NONDAILY,WEEKG
384	11707492556	app	2. Daily Habits - Habit Tracker - Habit List and Routine Tracker	4	2024-09-10	new:weekly review	?RPT
385	3654077349	app	2. Daily Habits - Habit Tracker - Habit List and Routine Tracker	4	2019-01-15	prior:?ALL,?PCT	?HAB
386	1534636069	app	2. Daily Habits - Habit Tracker - Habit List and Routine Tracker	3	2017-02-01	new:overall stat	QUIT
387	3939253986	app	20. Habit — Daily Tracker - Crush your goals like a boss	2	2019-03-29	prior:?CHART,?ALL,?QST	?TREND
388	6696938931	app	20. Habit — Daily Tracker - Crush your goals like a boss	4	2020-11-29	prior:?ALL,?CHART	?TREND
389	5590739132	app	20. Habit — Daily Tracker - Crush your goals like a boss	3	2020-02-28	prior:XCONF,?ALL,?CAL	?WEEKG
390	4636325597	app	20. Habit — Daily Tracker - Crush your goals like a boss	5	2019-08-18	new:weekly overview	?WEEKG
391	8099933983	app	20. Habit — Daily Tracker - Crush your goals like a boss	1	2021-12-06	new:since last week	NA
392	6253411061	app	20. Habit — Daily Tracker - Crush your goals like a boss	5	2020-07-29	prior:?ALL,?CHART	?TREND
393	6157219832	app	20. Habit — Daily Tracker - Crush your goals like a boss	5	2020-07-04	prior:?ALL	?HAB
394	6807541299	app	20. Habit — Daily Tracker - Crush your goals like a boss	5	2020-12-29	new:how many habits I	NA
395	5944217706	app	20. Habit — Daily Tracker - Crush your goals like a boss	4	2020-05-14	new:habit score	-NONDAILY
396	5942446102	app	20. Habit — Daily Tracker - Crush your goals like a boss	4	2020-05-14	prior:?ALL,?CAL	?WEEKG
397	4961143941	app	20. Habit — Daily Tracker - Crush your goals like a boss	4	2019-10-17	prior:?ALL,?PCT; new:overall percentage	?PCT,?DAYNM
398	5932758640	app	20. Habit — Daily Tracker - Crush your goals like a boss	5	2020-05-11	prior:?ALL	?DAYNM
399	5177857013	app	20. Habit — Daily Tracker - Crush your goals like a boss	5	2019-11-21	prior:?ALL,CHART	?TREND
400	6207955228	app	20. Habit — Daily Tracker - Crush your goals like a boss	4	2020-07-17	new:how many habits are	NA
401	5225420872	app	20. Habit — Daily Tracker - Crush your goals like a boss	4	2019-12-02	new:best habit	NA
402	4690039855	app	20. Habit — Daily Tracker - Crush your goals like a boss	2	2019-08-29	prior:XCONF,XNONDAILY,XTHIN,?ALL; new:overall percentage	-CONF,?PCT,?FSTRK
403	4290127005	app	20. Habit — Daily Tracker - Crush your goals like a boss	4	2019-06-09	new:week by week	?WEEKG
404	4275937331	app	20. Habit — Daily Tracker - Crush your goals like a boss	5	2019-06-07	new:combined view	?WEEKG
405	6078075306	app	20. Habit — Daily Tracker - Crush your goals like a boss	3	2020-06-15	prior:?ALL,?PCT,?DAYD	?DAYNM,?HAB
406	5765582469	app	20. Habit — Daily Tracker - Crush your goals like a boss	3	2020-04-05	prior:?ALL,XTHIN	?TREND
407	5220048406	app	20. Habit — Daily Tracker - Crush your goals like a boss	5	2019-12-01	prior:?ALL,?CHART	?TREND,?HAB
408	3955497937	app	20. Habit — Daily Tracker - Crush your goals like a boss	5	2019-04-01	prior:?ALL	?PCT
409	3926433247	app	20. Habit — Daily Tracker - Crush your goals like a boss	5	2019-03-25	prior:?ALL	?DAYNM
410	3688264932	app	20. Habit — Daily Tracker - Crush your goals like a boss	5	2019-01-24	prior:?ALL,?CHART,?PAT	?TREND,?HAB,?PREV
411	3744323576	app	20. Habit — Daily Tracker - Crush your goals like a boss	5	2019-02-07	new:best habit	NA
412	6949334514	app	20. Habit — Daily Tracker - Crush your goals like a boss	3	2021-02-03	prior:?ALL,?PCT; new:overall percentage	?PCT
413	5171332932	app	20. Habit — Daily Tracker - Crush your goals like a boss	5	2019-11-20	prior:?ALL,?CHART	?TREND
414	7515645285	app	20. Habit — Daily Tracker - Crush your goals like a boss	2	2021-06-28	prior:?ALL; new:overall stat	?PCT
415	7011641344	app	20. Habit — Daily Tracker - Crush your goals like a boss	1	2021-02-19	prior:?ALL,?CHART,XGATE; new:overall progress	?TREND
416	6919596892	app	20. Habit — Daily Tracker - Crush your goals like a boss	1	2021-01-27	new:overall percentage	-CONF,PCT
417	5404856752	app	20. Habit — Daily Tracker - Crush your goals like a boss	5	2020-01-15	prior:ALL,VIS,?DAYD; new:all habits on one	+HAB
418	4584654416	app	20. Habit — Daily Tracker - Crush your goals like a boss	5	2019-08-08	new:overall progress	+FORGIVE
419	4450355012	app	20. Habit — Daily Tracker - Crush your goals like a boss	5	2019-07-12	prior:ALL	+HAB
420	4142356133	app	20. Habit — Daily Tracker - Crush your goals like a boss	5	2019-05-13	new:total progress	+PCT,+FORGIVE
421	4139191273	app	20. Habit — Daily Tracker - Crush your goals like a boss	5	2019-05-12	new:most successful	NA
422	3962758108	app	20. Habit — Daily Tracker - Crush your goals like a boss	5	2019-04-03	prior:?ALL,?CAL; new:overall progress	?WEEKG
423	11510667614	app	23. Streaks - The habit-forming to-do list	4	2024-07-19	prior:?ALL; new:overall stat	?HAB
424	6125855876	app	23. Streaks - The habit-forming to-do list	4	2020-06-26	new:aggregate view	?TOT,?PCT
425	5473283924	app	23. Streaks - The habit-forming to-do list	5	2020-02-01	new:most missed	NA
426	3606167716	app	23. Streaks - The habit-forming to-do list	1	2019-01-03	prior:XTHIN,?ALL	?RPT
427	8112114156	app	23. Streaks - The habit-forming to-do list	3	2021-12-09	new:overall graph	?PART,TREND
428	12411024232	app	23. Streaks - The habit-forming to-do list	4	2025-03-12	prior:?ALL	GEN
429	10249897584	app	23. Streaks - The habit-forming to-do list	5	2023-08-12	prior:?PART,?DAYD,?ALL	?DAYNM,?PART
430	8164065134	app	23. Streaks - The habit-forming to-do list	4	2021-12-24	new:全部完成	?PART,-FULL
431	1518162248	app	23. Streaks - The habit-forming to-do list	5	2017-01-09	new:完美的一天	+FULL
432	4220929952	app	23. Streaks - The habit-forming to-do list	5	2019-05-27	new:Perfect Day	?FULL
433	10652308018	app	23. Streaks - The habit-forming to-do list	3	2023-12-03	prior:?ALL,?GRP	?CAT,?TREND
434	9175556459	app	23. Streaks - The habit-forming to-do list	5	2022-10-12	prior:?ALL,?CHART; new:overall completion	?TREND
435	12009036735	app	23. Streaks - The habit-forming to-do list	4	2024-11-30	new:weekly progress	?PCT,?PERIOD,?HAB
436	5402111307	app	23. Streaks - The habit-forming to-do list	3	2020-01-14	new:all habits on one	?WEEKG
437	3203535229	app	23. Streaks - The habit-forming to-do list	5	2018-09-18	new:weekly graph	NA
438	8246376208	app	23. Streaks - The habit-forming to-do list	1	2022-01-16	prior:XWRONG,ALL	-CONF
439	1536296772	app	23. Streaks - The habit-forming to-do list	5	2017-02-03	prior:ALL	+DAYNM
440	6163968636	app	23. Streaks - The habit-forming to-do list	4	2020-07-06	prior:?ALL,?CHART	?TREND
441	5637974973	app	23. Streaks - The habit-forming to-do list	5	2020-03-09	new:모두 완료	?TOT,?PART
442	11269262047	app	23. Streaks - The habit-forming to-do list	5	2024-05-15	prior:?ALL	NA
443	13222971835	app	23. Streaks - The habit-forming to-do list	4	2025-10-04	prior:?ALL,?RPT	?RPT,?DAYNM
444	14251019776	app	23. Streaks - The habit-forming to-do list	3	2026-07-01	prior:?ALL	?WEEKG
445	10709565816	app	23. Streaks - The habit-forming to-do list	3	2023-12-17	new:overall view	GEN
446	10653183559	app	23. Streaks - The habit-forming to-do list	3	2023-12-03	new:how many habits I	NA
447	10331864687	app	23. Streaks - The habit-forming to-do list	5	2023-09-04	prior:?WEEK,?ALL; new:best habit	?WEEKG
448	9038240865	app	23. Streaks - The habit-forming to-do list	5	2022-08-31	prior:?ALL	?DAYNM
449	8945437643	app	23. Streaks - The habit-forming to-do list	4	2022-08-04	prior:?WEEK,?ALL,?PCT; new:total completion	?PERIOD,?PCT
450	8687808187	app	23. Streaks - The habit-forming to-do list	5	2022-05-19	new:all the habits in one	?WEEKG
451	6552627871	app	23. Streaks - The habit-forming to-do list	5	2020-10-19	new:worst habit	NA
452	5348667492	app	23. Streaks - The habit-forming to-do list	3	2020-01-01	new:all habits together	?PCT,?TOT,?FSTRK
453	5320800014	app	23. Streaks - The habit-forming to-do list	5	2019-12-26	prior:XFIND,?ALL	?HAB
454	4310147936	app	23. Streaks - The habit-forming to-do list	2	2019-06-13	new:all habits on one	?WEEKG
455	3259096243	app	23. Streaks - The habit-forming to-do list	5	2018-10-03	prior:?ALL,?CAL	?DAYNM
456	2749205687	app	23. Streaks - The habit-forming to-do list	2	2018-06-22	new:week by week	?NONDAILY
457	1301970296	app	23. Streaks - The habit-forming to-do list	4	2015-12-17	prior:CAL,ALL	+DAYNM
458	1278801228	app	23. Streaks - The habit-forming to-do list	5	2015-10-29	new:overall performance	+HAB
459	1277240690	app	23. Streaks - The habit-forming to-do list	5	2015-10-26	prior:ALL	GEN
460	1223132627	app	23. Streaks - The habit-forming to-do list	4	2015-07-06	prior:?YEAR,?ALL,?BF	?TREND
461	3226175029	app	23. Streaks - The habit-forming to-do list	5	2018-09-24	new:complete day	NA
462	9365081299	app	24. Fabulous - Daily Habit Tracker - Morning Routines & ADHD Help	1	2022-12-06	new:Best habits	NA
463	7690164178	app	24. Fabulous - Daily Habit Tracker - Morning Routines & ADHD Help	4	2021-08-14	new:full day	NA
464	11711701504	app	24. Fabulous - Daily Habit Tracker - Morning Routines & ADHD Help	5	2024-09-11	prior:?ALL,?STAT	?RPT
465	6496568118	app	24. Fabulous - Daily Habit Tracker - Morning Routines & ADHD Help	5	2020-10-03	new:weekly report	+RPT
466	11356659667	app	24. Fabulous - Daily Habit Tracker - Morning Routines & ADHD Help	4	2024-06-08	prior:?ALL	?DAYNM
467	14404234567	app	24. Fabulous - Daily Habit Tracker - Morning Routines & ADHD Help	3	2026-08-08	new:overall progress	?TREND
468	14383763626	app	24. Fabulous - Daily Habit Tracker - Morning Routines & ADHD Help	2	2026-08-03	new:completed day	-CONF
469	13621765476	app	24. Fabulous - Daily Habit Tracker - Morning Routines & ADHD Help	5	2026-01-11	new:most successful	NA
470	13109910547	app	24. Fabulous - Daily Habit Tracker - Morning Routines & ADHD Help	5	2025-09-07	new:full day	NA
471	12148407954	app	24. Fabulous - Daily Habit Tracker - Morning Routines & ADHD Help	5	2025-01-05	new:most consistent	NA
472	11820742469	app	24. Fabulous - Daily Habit Tracker - Morning Routines & ADHD Help	2	2024-10-11	new:complete day	NA
473	10998045671	app	24. Fabulous - Daily Habit Tracker - Morning Routines & ADHD Help	1	2024-03-02	new:full day	NA
474	10795110702	app	24. Fabulous - Daily Habit Tracker - Morning Routines & ADHD Help	1	2024-01-07	new:overall graph	NA
475	10345576263	app	24. Fabulous - Daily Habit Tracker - Morning Routines & ADHD Help	5	2023-09-08	new:most consistent	NA
476	10125297722	app	24. Fabulous - Daily Habit Tracker - Morning Routines & ADHD Help	4	2023-07-10	new:overall success	NA
477	9952689059	app	24. Fabulous - Daily Habit Tracker - Morning Routines & ADHD Help	4	2023-05-22	new:least consistent	NA
478	9655513415	app	24. Fabulous - Daily Habit Tracker - Morning Routines & ADHD Help	4	2023-02-25	new:week-to-week	NA
479	8810103372	app	24. Fabulous - Daily Habit Tracker - Morning Routines & ADHD Help	5	2022-06-25	new:Perfect day	NA
480	8597999402	app	24. Fabulous - Daily Habit Tracker - Morning Routines & ADHD Help	3	2022-04-23	new:weekly chart	NA
481	8235936206	app	24. Fabulous - Daily Habit Tracker - Morning Routines & ADHD Help	3	2022-01-13	new:completed day	NA
482	8199928152	app	24. Fabulous - Daily Habit Tracker - Morning Routines & ADHD Help	5	2022-01-03	new:most consistent	NA
483	8090075836	app	24. Fabulous - Daily Habit Tracker - Morning Routines & ADHD Help	5	2021-12-03	new:most successful	NA
484	7555362399	app	24. Fabulous - Daily Habit Tracker - Morning Routines & ADHD Help	5	2021-07-09	new:all the habits in one	NA
485	7274159485	app	24. Fabulous - Daily Habit Tracker - Morning Routines & ADHD Help	4	2021-04-28	new:overall progress	NA
486	7064155333	app	24. Fabulous - Daily Habit Tracker - Morning Routines & ADHD Help	4	2021-03-04	new:most consistent	NA
487	6941970642	app	24. Fabulous - Daily Habit Tracker - Morning Routines & ADHD Help	5	2021-02-01	new:week to week	+PREV
488	6306462288	app	24. Fabulous - Daily Habit Tracker - Morning Routines & ADHD Help	5	2020-08-11	new:how many goals I	TOT
489	5236450335	app	24. Fabulous - Daily Habit Tracker - Morning Routines & ADHD Help	5	2019-12-05	new:most successful	NA
490	4512560248	app	24. Fabulous - Daily Habit Tracker - Morning Routines & ADHD Help	1	2019-07-25	new:most consistent	NA
491	4312145680	app	24. Fabulous - Daily Habit Tracker - Morning Routines & ADHD Help	5	2019-06-14	new:full days	NA
492	12404912935	app	25. Grit - Daily Habit Tracker - Routines & Goals ADHD Planner	5	2025-03-10	prior:GRP,ALL,PCT,CHART; new:Best habit	+PCT,+HAB,+CAT
493	13785834428	app	25. Grit - Daily Habit Tracker - Routines & Goals ADHD Planner	4	2026-02-25	prior:?WEEK,?ALL,XNONDAILY	?PCT,?NONDAILY
494	12570067207	app	25. Grit - Daily Habit Tracker - Routines & Goals ADHD Planner	5	2025-04-21	prior:PCT,ALL,VIS	+PCT,+HAB
495	12201042880	app	25. Grit - Daily Habit Tracker - Routines & Goals ADHD Planner	5	2025-01-18	new:weekly chart	+WEEKG
496	11435151688	app	26. Eden - Daily Routine Planner - Self care habit tracker, to do	2	2024-06-29	prior:XSHAME,ALL,XNONDAILY; new:on track	-FULL,SHAME,?PART
497	12599605564	app	26. Eden - Daily Routine Planner - Self care habit tracker, to do	3	2025-04-29	new:5/6 habits	-FULL,?PART
498	8807578550	app	26. Eden - Daily Routine Planner - Self care habit tracker, to do	3	2022-06-25	new:5/6 habits	-FULL,SHAME
499	12251741381	app	26. Eden - Daily Routine Planner - Self care habit tracker, to do	3	2025-01-31	prior:XWRONG,?PART,ALL	-FULL,?DAYNM,?PART
500	10359903977	app	26. Eden - Daily Routine Planner - Self care habit tracker, to do	1	2023-09-12	prior:XCLUTTER,ALL	SIMPLE,-PCT
501	9065775099	app	26. Eden - Daily Routine Planner - Self care habit tracker, to do	5	2022-09-09	prior:ALL,XSHAME; new:all habits are checked	+FULL
502	14317196415	app	26. Eden - Daily Routine Planner - Self care habit tracker, to do	4	2026-07-18	prior:?CHART,ALL	?HAB,?TREND
503	8918509405	app	27. Goal Streak - Habit Tracker - Build a growth mindset, daily	4	2022-07-27	prior:YEAR,?CAL,?ALL	?WEEKG
504	11762567349	app	27. Goal Streak - Habit Tracker - Build a growth mindset, daily	4	2024-09-25	new:week to week	+WEEKG
505	13628332072	app	29. Habit Tracker - Daily Goals - Motivation & Accountability	5	2026-01-13	new:Completed days	+FULL,+DAYNM
506	13143629702	app	29. Habit Tracker - Daily Goals - Motivation & Accountability	5	2025-09-16	prior:CHART,ALL	+TREND,+HAB
507	14297251498	app	29. Habit Tracker - Daily Goals - Motivation & Accountability	4	2026-07-13	prior:?YEAR,?ALL	?TREND
508	13625278409	app	29. Habit Tracker - Daily Goals - Motivation & Accountability	5	2026-01-12	new:overall performance	+HAB,+PCT
509	13460543209	app	29. Habit Tracker - Daily Goals - Motivation & Accountability	3	2025-11-30	new:weekly stat	?PERIOD
510	14232819461	app	3. Days Since - Quit Habit Tracker - Sober Streak Day Counter	5	2026-06-27	prior:ALL,QST	+QUIT
511	9208142426	app	3. Days Since - Quit Habit Tracker - Sober Streak Day Counter	5	2022-10-21	new:how many habits I	NA
512	7973140589	app	3. Days Since - Quit Habit Tracker - Sober Streak Day Counter	5	2021-10-31	prior:ALL,QST,STRK; new:on track	+QUIT,+HAB
513	12124527664	app	3. Days Since - Quit Habit Tracker - Sober Streak Day Counter	4	2024-12-30	new:clean days	NA
514	9543244861	app	3. Days Since - Quit Habit Tracker - Sober Streak Day Counter	5	2023-01-24	new:clean days	NA
515	14019925135	app	3. Days Since - Quit Habit Tracker - Sober Streak Day Counter	5	2026-05-02	prior:ALL,CAL,QST,LONG	+QUIT,+HAB
516	14018278274	app	3. Days Since - Quit Habit Tracker - Sober Streak Day Counter	5	2026-05-02	new:overall progress	NA
517	13419176867	app	3. Days Since - Quit Habit Tracker - Sober Streak Day Counter	5	2025-11-20	new:Best habit	NA
518	12768977570	app	3. Days Since - Quit Habit Tracker - Sober Streak Day Counter	5	2025-06-13	prior:ALL,QST	+QUIT
519	12750805709	app	3. Days Since - Quit Habit Tracker - Sober Streak Day Counter	5	2025-06-08	new:week by week	NA
520	12409758967	app	3. Days Since - Quit Habit Tracker - Sober Streak Day Counter	5	2025-03-11	prior:ALL,QST	+QUIT
521	12353135759	app	3. Days Since - Quit Habit Tracker - Sober Streak Day Counter	4	2025-02-25	prior:?ALL,?QST,?CHART	?HAB,?QUIT
522	12136003253	app	3. Days Since - Quit Habit Tracker - Sober Streak Day Counter	5	2025-01-02	new:clean days	+QUIT
523	11540412834	app	3. Days Since - Quit Habit Tracker - Sober Streak Day Counter	5	2024-07-27	new:perfect day	NA
524	10631470329	app	3. Days Since - Quit Habit Tracker - Sober Streak Day Counter	5	2023-11-27	new:ones need work	NA
525	9998026647	app	3. Days Since - Quit Habit Tracker - Sober Streak Day Counter	5	2023-06-04	prior:ALL,QST	+QUIT,+HAB
526	9962579018	app	3. Days Since - Quit Habit Tracker - Sober Streak Day Counter	5	2023-05-25	prior:ALL,QST	+QUIT,+HAB
527	9910724140	app	3. Days Since - Quit Habit Tracker - Sober Streak Day Counter	5	2023-05-10	new:clean days	NA
528	9511554988	app	3. Days Since - Quit Habit Tracker - Sober Streak Day Counter	5	2023-01-15	prior:ALL,QST	+QUIT,+HAB,+FORGIVE
529	9038865452	app	3. Days Since - Quit Habit Tracker - Sober Streak Day Counter	5	2022-08-31	new:overall progress	+QUIT
530	8984410014	app	3. Days Since - Quit Habit Tracker - Sober Streak Day Counter	5	2022-08-16	new:overall progress	QUIT
531	8863432952	app	3. Days Since - Quit Habit Tracker - Sober Streak Day Counter	4	2022-07-11	prior:?ALL,QST	?QUIT,?TOT,?TREND
532	8774684329	app	3. Days Since - Quit Habit Tracker - Sober Streak Day Counter	4	2022-06-15	new:worst habits	NA
533	8696815208	app	3. Days Since - Quit Habit Tracker - Sober Streak Day Counter	5	2022-05-22	prior:ALL,QST; new:on track	+QUIT,+HAB
534	8592423862	app	3. Days Since - Quit Habit Tracker - Sober Streak Day Counter	5	2022-04-21	prior:ALL,QST	+QUIT,+HAB
535	8404224165	app	3. Days Since - Quit Habit Tracker - Sober Streak Day Counter	5	2022-02-28	new:clean days	+QUIT
536	7961820972	app	3. Days Since - Quit Habit Tracker - Sober Streak Day Counter	5	2021-10-28	new:overall progress	+QUIT
537	13176696608	app	30. Habit Tracker - Simple&Powerful - Goal,task & Routine Planner	4	2025-09-24	prior:?LONG,?PCT,?ALL	?PCT,?DAYNM,-NONDAILY
538	9014504320	app	31. Do Habits - Get It Done - Daily Routine & Goal Planner	2	2022-08-25	new:weekly overview	+WEEKG
539	3743236584	app	31. Do Habits - Get It Done - Daily Routine & Goal Planner	3	2019-02-07	prior:?ALL,?STAT; new:dias perfeitos	?FULL
540	6032814643	app	31. Do Habits - Get It Done - Daily Routine & Goal Planner	4	2020-06-04	new:Weekly Summary	?RPT
541	9564670663	app	31. Do Habits - Get It Done - Daily Routine & Goal Planner	3	2023-01-30	new:overall view	GEN
542	9801295025	app	31. Do Habits - Get It Done - Daily Routine & Goal Planner	3	2023-04-08	prior:?WEEK,?ALL	?WEEKG,?RPT
543	3602946937	app	31. Do Habits - Get It Done - Daily Routine & Goal Planner	4	2019-01-02	prior:?ALL,?CHART	?TREND
544	3819794894	app	31. Do Habits - Get It Done - Daily Routine & Goal Planner	3	2019-02-27	prior:?PCT,?GRP,?ALL	?PCT,?CAT,?HAB
545	9126313490	app	31. Do Habits - Get It Done - Daily Routine & Goal Planner	1	2022-09-27	new:all my habits complete	-CONF
546	8272911256	app	31. Do Habits - Get It Done - Daily Routine & Goal Planner	5	2022-01-23	new:weekly progress	WEEKG
547	8228240144	app	31. Do Habits - Get It Done - Daily Routine & Goal Planner	1	2022-01-11	new:Since last week	NA
548	6876141444	app	31. Do Habits - Get It Done - Daily Routine & Goal Planner	4	2021-01-16	prior:?ALL,?PAT; new:all habits together	?TREND
549	3963640451	app	31. Do Habits - Get It Done - Daily Routine & Goal Planner	5	2019-04-03	prior:?ALL,?PAT	?RPT,?DAYNM,?PAT
550	4417871979	app	31. Do Habits - Get It Done - Daily Routine & Goal Planner	4	2019-07-06	prior:?ALL,?PCT	?DAYNM
551	2283332022	app	31. Do Habits - Get It Done - Daily Routine & Goal Planner	5	2018-03-08	new:weekly summary	+RPT,+HAB
552	10581441781	app	31. Do Habits - Get It Done - Daily Routine & Goal Planner	2	2023-11-13	new:overall chart	NA
553	10124841953	app	31. Do Habits - Get It Done - Daily Routine & Goal Planner	5	2023-07-10	new:Best habit	NA
554	7462593752	app	31. Do Habits - Get It Done - Daily Routine & Goal Planner	4	2021-06-14	new:vs last week	?TOT,?NONDAILY
555	6053003661	app	31. Do Habits - Get It Done - Daily Routine & Goal Planner	5	2020-06-09	new:week over week	?TOT,?PREV
556	5414901550	app	31. Do Habits - Get It Done - Daily Routine & Goal Planner	3	2020-01-17	prior:?ALL,?CHART; new:overall score	?TREND,?CAT
557	5407304809	app	31. Do Habits - Get It Done - Daily Routine & Goal Planner	4	2020-01-15	new:all tasks are complete	NA
558	5356982644	app	31. Do Habits - Get It Done - Daily Routine & Goal Planner	5	2020-01-03	new:weekly progress	+RPT
559	4586063685	app	31. Do Habits - Get It Done - Daily Routine & Goal Planner	5	2019-08-08	new:week by week	NA
560	4173454628	app	31. Do Habits - Get It Done - Daily Routine & Goal Planner	4	2019-05-19	prior:XTHIN,?ALL,?LONG; new:week-by-week	-CONF,?TREND
561	3690643768	app	31. Do Habits - Get It Done - Daily Routine & Goal Planner	4	2019-01-25	prior:?GRP,?ALL	?WEEKG
562	3121672110	app	31. Do Habits - Get It Done - Daily Routine & Goal Planner	5	2018-08-27	prior:?CAL,?ALL,QST	?WEEKG
563	2666690442	app	31. Do Habits - Get It Done - Daily Routine & Goal Planner	5	2018-06-09	new:weekly progress	NA
564	1585895715	app	31. Do Habits - Get It Done - Daily Routine & Goal Planner	4	2017-04-11	new:aggregate view	?PCT
565	1493272441	app	31. Do Habits - Get It Done - Daily Routine & Goal Planner	4	2016-11-30	new:how many habits I	?DAYNM
566	5860867779	app	33. Habitify - Habit Tracker - Daily Goals, Routine & Streaks	5	2020-04-25	prior:ALL	GEN
567	8197549712	app	33. Habitify - Habit Tracker - Daily Goals, Routine & Streaks	3	2022-01-03	new:0/3 habits	-CONF,DAYNM
568	5659139426	app	33. Habitify - Habit Tracker - Daily Goals, Routine & Streaks	1	2020-03-14	prior:XTHIN,?EXP,?ALL	?RPT
569	13572292515	app	33. Habitify - Habit Tracker - Daily Goals, Routine & Streaks	3	2025-12-30	new:average completion	-NONDAILY,-PCT,QUIT
570	12171506532	app	33. Habitify - Habit Tracker - Daily Goals, Routine & Streaks	4	2025-01-11	new:all habits complete	-CONF
571	5482725015	app	33. Habitify - Habit Tracker - Daily Goals, Routine & Streaks	5	2020-02-03	prior:STAT,ALL	+RPT
572	5462712336	app	33. Habitify - Habit Tracker - Daily Goals, Routine & Streaks	5	2020-01-29	new:weekly completion	+PCT,+PAT
573	3159218172	app	33. Habitify - Habit Tracker - Daily Goals, Routine & Streaks	4	2018-09-06	prior:?ALL,?PCT,XCONF	?PCT,?CONF
574	7386841861	app	33. Habitify - Habit Tracker - Daily Goals, Routine & Streaks	4	2021-05-25	new:habit score	?PCT,?NONDAILY
575	12143576336	app	33. Habitify - Habit Tracker - Daily Goals, Routine & Streaks	2	2025-01-04	new:weekly progress	?RPT
576	10854384133	app	33. Habitify - Habit Tracker - Daily Goals, Routine & Streaks	5	2024-01-23	new:perfect day	NA
577	6533185770	app	33. Habitify - Habit Tracker - Daily Goals, Routine & Streaks	5	2020-10-14	prior:ALL	+RPT
578	12450856108	app	33. Habitify - Habit Tracker - Daily Goals, Routine & Streaks	3	2025-03-22	new:weekly progress	?RPT
579	13169408185	app	33. Habitify - Habit Tracker - Daily Goals, Routine & Streaks	4	2025-09-22	new:weekly report	NA
580	10464675879	app	33. Habitify - Habit Tracker - Daily Goals, Routine & Streaks	5	2023-10-12	prior:?ALL,?WEEK	?DAYNM,?RPT
581	10052974525	app	33. Habitify - Habit Tracker - Daily Goals, Routine & Streaks	5	2023-06-20	prior:?ALL,?RPT	?PCT
582	4800161470	app	33. Habitify - Habit Tracker - Daily Goals, Routine & Streaks	5	2019-09-18	prior:CHART,ALL	+HAB
583	13291400972	app	33. Habitify - Habit Tracker - Daily Goals, Routine & Streaks	3	2025-10-20	new:total success	?TOT,-CONF
584	3357671151	app	33. Habitify - Habit Tracker - Daily Goals, Routine & Streaks	5	2018-10-29	prior:PCT,ALL	+PCT,+HAB
585	13574501337	app	33. Habitify - Habit Tracker - Daily Goals, Routine & Streaks	4	2025-12-30	prior:?ALL	?WEEKG
586	3474217246	app	33. Habitify - Habit Tracker - Daily Goals, Routine & Streaks	3	2018-11-29	new:all habits finished	NA
587	12995454579	app	33. Habitify - Habit Tracker - Daily Goals, Routine & Streaks	3	2025-08-09	prior:?ALL,XCLUTTER; new:all my habits in one	?WEEKG,SIMPLE
588	13502513407	app	33. Habitify - Habit Tracker - Daily Goals, Routine & Streaks	4	2025-12-11	prior:?YEAR,?STRK,?ALL	?HAB,-CONF
589	12815466155	app	33. Habitify - Habit Tracker - Daily Goals, Routine & Streaks	3	2025-06-25	prior:?WEEK,?ALL; new:weekly progress	?WEEKG
590	12241306422	app	33. Habitify - Habit Tracker - Daily Goals, Routine & Streaks	3	2025-01-28	new:weekly summary	?RPT,?HAB
591	10213121186	app	33. Habitify - Habit Tracker - Daily Goals, Routine & Streaks	5	2023-08-03	new:weekly overview	?RPT
592	8007504755	app	33. Habitify - Habit Tracker - Daily Goals, Routine & Streaks	5	2021-11-10	new:total minutes tracked	+TOT
593	7298433411	app	33. Habitify - Habit Tracker - Daily Goals, Routine & Streaks	4	2021-05-04	prior:?ALL,?STRK; new:overall view	?RPT,?FSTRK
594	6373708406	app	33. Habitify - Habit Tracker - Daily Goals, Routine & Streaks	2	2020-08-29	prior:XREMOVED,ALL,YEAR	-DAYNM,+DAYNM
595	6309310784	app	33. Habitify - Habit Tracker - Daily Goals, Routine & Streaks	3	2020-08-12	prior:?ALL	?HAB
596	6050368511	app	33. Habitify - Habit Tracker - Daily Goals, Routine & Streaks	3	2020-06-08	prior:STAT,ALL; new:total progress	+PCT,+DAYNM
597	3648965989	app	33. Habitify - Habit Tracker - Daily Goals, Routine & Streaks	4	2019-01-14	prior:?ALL,?CAL,EXP	?WEEKG
598	3392751941	app	33. Habitify - Habit Tracker - Daily Goals, Routine & Streaks	5	2018-11-08	prior:ALL,EXP	SIMPLE
599	3294014241	app	33. Habitify - Habit Tracker - Daily Goals, Routine & Streaks	4	2018-10-12	prior:?ALL,?CAL; new:Best habit	?WEEKG
600	2236969495	app	33. Habitify - Habit Tracker - Daily Goals, Routine & Streaks	3	2018-02-23	prior:?ALL	?WEEKG
601	2137481461	app	33. Habitify - Habit Tracker - Daily Goals, Routine & Streaks	4	2018-01-28	new:complete day	NA
602	1564934555	app	33. Habitify - Habit Tracker - Daily Goals, Routine & Streaks	4	2017-03-15	prior:ALL	GEN
603	1534629525	app	33. Habitify - Habit Tracker - Daily Goals, Routine & Streaks	3	2017-02-01	prior:STAT,ALL,?QST,?FORG	+PCT,+HAB
604	10894243423	app	34. Habit Tracker - Evoday - Daily Streaks Calendar & Goals	5	2024-02-02	new:general overview	+WEEKG
605	10760628732	app	34. Habit Tracker - Evoday - Daily Streaks Calendar & Goals	4	2023-12-29	prior:?ALL,?WEEK	?WEEKG
606	14088036663	app	34. Habit Tracker - Evoday - Daily Streaks Calendar & Goals	5	2026-05-21	prior:ALL	+WEEKG
607	13559189439	app	34. Habit Tracker - Evoday - Daily Streaks Calendar & Goals	4	2025-12-27	prior:?BF,?ALL,?CAL	WEEKG
608	10873303366	app	34. Habit Tracker - Evoday - Daily Streaks Calendar & Goals	5	2024-01-28	new:all my habits on one	+WEEKG
609	3149121910	app	34. Habit Tracker - Evoday - Daily Streaks Calendar & Goals	5	2018-09-03	prior:YEAR,ALL	+WEEKG
610	8784451516	app	36. (Not Boring) Habits - Science-backed habit tracker	1	2022-06-18	new:all my habits at once	NA
611	13948551648	app	36. (Not Boring) Habits - Science-backed habit tracker	5	2026-04-12	prior:?CAL,?ALL; new:aggregate view	?TREND
612	8182905997	app	36. (Not Boring) Habits - Science-backed habit tracker	2	2021-12-30	prior:XCONF,?ALL,?CAL	?WEEKG
613	10802677939	app	4. Me+ Lifestyle Routine - Daily Planner & Habit Tracker	1	2024-01-09	prior:ALL	DAYNM
614	10757437113	app	4. Me+ Lifestyle Routine - Daily Planner & Habit Tracker	3	2023-12-29	new:overall percentage	-TOT
615	10625466442	app	4. Me+ Lifestyle Routine - Daily Planner & Habit Tracker	4	2023-11-26	prior:ALL,PCT	+DAYNM
616	10243065758	app	4. Me+ Lifestyle Routine - Daily Planner & Habit Tracker	5	2023-08-10	new:perfect day	NA
617	12813137689	app	4. Me+ Lifestyle Routine - Daily Planner & Habit Tracker	3	2025-06-24	new:perfect week	SHAME
618	11906055325	app	4. Me+ Lifestyle Routine - Daily Planner & Habit Tracker	4	2024-11-03	new:week by week	WEEKG
619	11793813682	app	4. Me+ Lifestyle Routine - Daily Planner & Habit Tracker	5	2024-10-03	new:weekly stat	+HAB
620	10991770351	app	4. Me+ Lifestyle Routine - Daily Planner & Habit Tracker	5	2024-02-29	new:on track	NA
621	9790326353	app	4. Me+ Lifestyle Routine - Daily Planner & Habit Tracker	3	2023-04-05	new:completed days	NA
622	11580359210	app	41. Awesome Habits - Habit Tracker - Streaks, days since & goals	4	2024-08-06	new:5/7 habits	NA
623	11173751309	app	41. Awesome Habits - Habit Tracker - Streaks, days since & goals	5	2024-04-18	prior:ALL,PCT	+PCT
624	7229548903	app	41. Awesome Habits - Habit Tracker - Streaks, days since & goals	5	2021-04-16	new:average percentage	?PCT,?PREV
625	6917014182	app	41. Awesome Habits - Habit Tracker - Streaks, days since & goals	4	2021-01-26	new:total percentage	?DAYNM,?QUIT,?PCT
626	6521770373	app	41. Awesome Habits - Habit Tracker - Streaks, days since & goals	5	2020-10-10	new:global score	?PCT
627	14155111688	app	41. Awesome Habits - Habit Tracker - Streaks, days since & goals	5	2026-06-07	prior:CHART,PCT,ALL,EXP	+DAYNM,+TREND
628	13654436951	app	41. Awesome Habits - Habit Tracker - Streaks, days since & goals	4	2026-01-20	prior:?ALL,?YEAR; new:on track	?RPT
629	11900786735	app	41. Awesome Habits - Habit Tracker - Streaks, days since & goals	5	2024-11-01	new:total minutes spent	+TOT
630	11481149340	app	41. Awesome Habits - Habit Tracker - Streaks, days since & goals	5	2024-07-11	prior:PCT,PART,ALL	+PCT,+PART,+DAYNM
631	11332444396	app	41. Awesome Habits - Habit Tracker - Streaks, days since & goals	5	2024-06-01	new:100% days	+DAYNM,+FULL
632	9127587231	app	41. Awesome Habits - Habit Tracker - Streaks, days since & goals	5	2022-09-27	prior:?WEEK,?ALL	?WEEKG
633	4047899872	app	43. Habit Hub - Routine Tracker - Daily Todo, Goals & Schedule	5	2019-04-23	prior:PCT,ALL	+PCT,+FORGIVE
634	6521749449	app	43. Habit Hub - Routine Tracker - Daily Todo, Goals & Schedule	5	2020-10-10	prior:PCT,ALL; new:overall success	+PCT
635	6500757145	app	43. Habit Hub - Routine Tracker - Daily Todo, Goals & Schedule	5	2020-10-04	prior:ALL	GEN
636	1851706283	app	43. Habit Hub - Routine Tracker - Daily Todo, Goals & Schedule	3	2017-10-16	prior:XFIND,ALL; new:overall stat	GEN
637	12210567330	app	46. everyday - Habit Tracker - Daily Routine Checklist	5	2025-01-21	prior:ALL,YEAR	+WEEKG
638	7389541403	app	46. everyday - Habit Tracker - Daily Routine Checklist	5	2021-05-26	new:general overview	+WEEKG
639	11621928088	app	46. everyday - Habit Tracker - Daily Routine Checklist	5	2024-08-17	prior:ALL,VIS	+WEEKG
640	6966077170	app	46. everyday - Habit Tracker - Daily Routine Checklist	5	2021-02-07	prior:ALL	+WEEKG
641	10435039928	app	46. everyday - Habit Tracker - Daily Routine Checklist	3	2023-10-03	new:how many habits are	?DAYNM
642	12323464588	app	46. everyday - Habit Tracker - Daily Routine Checklist	5	2025-02-17	new:clean days	NA
643	12203778569	app	46. everyday - Habit Tracker - Daily Routine Checklist	5	2025-01-19	new:all my habits on one	+HAB,?WEEKG
644	11397647494	app	46. everyday - Habit Tracker - Daily Routine Checklist	5	2024-06-19	new:total completion	+FORGIVE,+PCT
645	10905456310	app	46. everyday - Habit Tracker - Daily Routine Checklist	5	2024-02-05	prior:ALL,WEEK	+WEEKG
646	10003083300	app	46. everyday - Habit Tracker - Daily Routine Checklist	5	2023-06-05	new:week by week	NA
647	9976175371	app	46. everyday - Habit Tracker - Daily Routine Checklist	5	2023-05-29	new:overall completion	?TREND
648	9952382181	app	46. everyday - Habit Tracker - Daily Routine Checklist	4	2023-05-22	prior:ALL,VIS; new:all my habits in one	+WEEKG
649	10373785885	app	47. Habit Streak Tracker - DotHabit - Daily Routine, Goals & Planner	5	2023-09-16	prior:?ALL,?CAL	?DAYNM,?HAB,?WEEKG
650	3096056216	app	48. Strides - Habit Tracker + Goals - Goal Planner & Daily Checklist	5	2018-08-21	prior:ALL	GEN
651	1558727691	app	48. Strides - Habit Tracker + Goals - Goal Planner & Daily Checklist	5	2017-03-06	new:Best habits	NA
652	1322879744	app	48. Strides - Habit Tracker + Goals - Goal Planner & Daily Checklist	5	2016-01-26	prior:ALL	GEN
653	9858167890	app	48. Strides - Habit Tracker + Goals - Goal Planner & Daily Checklist	5	2023-04-25	prior:?CAL,?ALL	?WEEKG
654	985621867	app	48. Strides - Habit Tracker + Goals - Goal Planner & Daily Checklist	4	2014-05-01	new:average success	+PCT
655	9339601872	app	48. Strides - Habit Tracker + Goals - Goal Planner & Daily Checklist	2	2022-11-28	prior:XWRONG,?ALL,?CHART	?HAB,?TREND
656	10212102204	app	48. Strides - Habit Tracker + Goals - Goal Planner & Daily Checklist	5	2023-08-02	new:best habit	NA
657	8388934373	app	48. Strides - Habit Tracker + Goals - Goal Planner & Daily Checklist	5	2022-02-23	new:best habit	+RPT
658	1250767367	app	48. Strides - Habit Tracker + Goals - Goal Planner & Daily Checklist	4	2015-08-30	prior:?ALL,?PCT; new:overall score	?PCT,?PERIOD
659	4162960750	app	48. Strides - Habit Tracker + Goals - Goal Planner & Daily Checklist	4	2019-05-17	prior:?YEAR,?ALL; new:overall view	?WEEKG
660	1466874900	app	48. Strides - Habit Tracker + Goals - Goal Planner & Daily Checklist	5	2016-10-15	prior:?ALL,?WEEK	?RPT,?HAB
661	11652177792	app	48. Strides - Habit Tracker + Goals - Goal Planner & Daily Checklist	3	2024-08-25	new:perfect day	+FULL
662	6681701422	app	48. Strides - Habit Tracker + Goals - Goal Planner & Daily Checklist	5	2020-11-24	new:perfect day	+FULL
663	4651410284	app	48. Strides - Habit Tracker + Goals - Goal Planner & Daily Checklist	4	2019-08-21	prior:?ALL	?HAB
664	10186468791	app	48. Strides - Habit Tracker + Goals - Goal Planner & Daily Checklist	2	2023-07-27	new:weekly graph	?RPT
665	3281826937	app	48. Strides - Habit Tracker + Goals - Goal Planner & Daily Checklist	3	2018-10-09	prior:XTHIN,?ALL	?RPT
666	12143126487	app	48. Strides - Habit Tracker + Goals - Goal Planner & Daily Checklist	5	2025-01-04	new:how many habits I	NA
667	13460719278	app	48. Strides - Habit Tracker + Goals - Goal Planner & Daily Checklist	5	2025-12-01	new:best habit	NA
668	9318692807	app	48. Strides - Habit Tracker + Goals - Goal Planner & Daily Checklist	5	2022-11-23	new:overall performance	+PCT
669	6933206636	app	48. Strides - Habit Tracker + Goals - Goal Planner & Daily Checklist	5	2021-01-30	new:perfect day	+FULL
670	6801607368	app	48. Strides - Habit Tracker + Goals - Goal Planner & Daily Checklist	5	2020-12-28	prior:ALL,PCT,WEEK,RPT; new:Best Habit	+PCT,+TREND,+PREV
671	6605918268	app	48. Strides - Habit Tracker + Goals - Goal Planner & Daily Checklist	1	2020-11-03	new:perfect day	-NONDAILY,-FULL
672	5445172097	app	48. Strides - Habit Tracker + Goals - Goal Planner & Daily Checklist	4	2020-01-25	prior:CAL,?ALL	?WEEKG,?HAB
673	2670818221	app	48. Strides - Habit Tracker + Goals - Goal Planner & Daily Checklist	3	2018-06-10	new:overall stat	-NONDAILY,-PCT
674	2060470145	app	48. Strides - Habit Tracker + Goals - Goal Planner & Daily Checklist	5	2018-01-05	new:overall percentage	+PCT,+HAB
675	2037993972	app	48. Strides - Habit Tracker + Goals - Goal Planner & Daily Checklist	5	2017-12-29	prior:ALL	GEN
676	1991673839	app	48. Strides - Habit Tracker + Goals - Goal Planner & Daily Checklist	5	2017-12-12	prior:ALL	GEN
677	1616337655	app	48. Strides - Habit Tracker + Goals - Goal Planner & Daily Checklist	3	2017-05-17	new:weekly progress	?RPT
678	1591156461	app	48. Strides - Habit Tracker + Goals - Goal Planner & Daily Checklist	5	2017-04-17	prior:?ALL,XFIND	?HAB
679	1547987648	app	48. Strides - Habit Tracker + Goals - Goal Planner & Daily Checklist	5	2017-02-19	prior:ALL	+HAB
680	1517622397	app	48. Strides - Habit Tracker + Goals - Goal Planner & Daily Checklist	5	2017-01-08	prior:ALL	GEN
681	1513515405	app	48. Strides - Habit Tracker + Goals - Goal Planner & Daily Checklist	5	2017-01-01	prior:GRP,ALL	+NONDAILY
682	1464016896	app	48. Strides - Habit Tracker + Goals - Goal Planner & Daily Checklist	5	2016-10-09	prior:ALL	GEN
683	1371109397	app	48. Strides - Habit Tracker + Goals - Goal Planner & Daily Checklist	5	2016-04-30	prior:ALL	GEN
684	1370866900	app	48. Strides - Habit Tracker + Goals - Goal Planner & Daily Checklist	5	2016-04-29	new:Best Habit	NA
685	1341267075	app	48. Strides - Habit Tracker + Goals - Goal Planner & Daily Checklist	5	2016-03-02	prior:ALL	NA
686	1334351122	app	48. Strides - Habit Tracker + Goals - Goal Planner & Daily Checklist	5	2016-02-17	prior:ALL	+RPT
687	1333849605	app	48. Strides - Habit Tracker + Goals - Goal Planner & Daily Checklist	5	2016-02-16	prior:ALL,TOT	+HAB
688	1300554578	app	48. Strides - Habit Tracker + Goals - Goal Planner & Daily Checklist	5	2015-12-14	prior:ALL,?CHART	+HAB,?TREND
689	1298693623	app	48. Strides - Habit Tracker + Goals - Goal Planner & Daily Checklist	5	2015-12-10	prior:?ALL,?WEEK,?PCT; new:week-by-week	?TREND,?PCT
690	1287132058	app	48. Strides - Habit Tracker + Goals - Goal Planner & Daily Checklist	5	2015-11-15	new:Best habit	NA
691	1274996122	app	48. Strides - Habit Tracker + Goals - Goal Planner & Daily Checklist	5	2015-10-21	prior:ALL	GEN
692	1107675233	app	48. Strides - Habit Tracker + Goals - Goal Planner & Daily Checklist	3	2014-12-04	prior:ALL,XCLUTTER	?HAB
693	1024490133	app	48. Strides - Habit Tracker + Goals - Goal Planner & Daily Checklist	4	2014-07-08	prior:ALL	NA
694	985507512	app	48. Strides - Habit Tracker + Goals - Goal Planner & Daily Checklist	3	2014-04-30	prior:?ALL	NA
695	977211688	app	48. Strides - Habit Tracker + Goals - Goal Planner & Daily Checklist	4	2014-04-15	new:overall progress	?TOT
696	12827132225	app	49. Life Reset - 66 Day Habit - Gamified Habit Tracker	1	2025-06-28	new:weekly recap	-CONF,RPT
697	12999503079	app	49. Life Reset - 66 Day Habit - Gamified Habit Tracker	3	2025-08-10	new:weekly review	NA
698	14216058151	app	49. Life Reset - 66 Day Habit - Gamified Habit Tracker	3	2026-06-23	new:all my tasks are checked	NA
699	12650120322	app	49. Life Reset - 66 Day Habit - Gamified Habit Tracker	4	2025-05-13	new:completed days	NA
700	12370361052	app	49. Life Reset - 66 Day Habit - Gamified Habit Tracker	1	2025-03-01	new:overall progress	-PCT,SHAME
701	12979205113	app	5. Routine Planner, Habit Tracker - Daily Time Management for ADHD	5	2025-08-05	new:most consistent	NA
702	5863034185	app	5. Routine Planner, Habit Tracker - Daily Time Management for ADHD	4	2020-04-25	prior:?ALL	?PCT
703	12167115102	app	5. Routine Planner, Habit Tracker - Daily Time Management for ADHD	5	2025-01-10	new:most successful	NA
704	6935182870	app	5. Routine Planner, Habit Tracker - Daily Time Management for ADHD	5	2021-01-31	new:주간리포트	?RPT
705	13587312115	app	5. Routine Planner, Habit Tracker - Daily Time Management for ADHD	5	2026-01-03	new:all my tasks done	NA
706	12106328509	app	5. Routine Planner, Habit Tracker - Daily Time Management for ADHD	5	2024-12-26	new:full day	NA
707	11671897887	app	5. Routine Planner, Habit Tracker - Daily Time Management for ADHD	5	2024-08-31	new:full day	NA
708	11233772767	app	5. Routine Planner, Habit Tracker - Daily Time Management for ADHD	5	2024-05-05	new:overall progress	NA
709	9697210699	app	5. Routine Planner, Habit Tracker - Daily Time Management for ADHD	5	2023-03-10	new:most successful	NA
710	8311812811	app	5. Routine Planner, Habit Tracker - Daily Time Management for ADHD	5	2022-02-02	new:full days	NA
711	14425139643	app	52. ShineDay - Habit Tracker - Micro Habits, ADHD & Focus	5	2026-08-14	prior:?ALL	?DAYNM,?PCT
712	13331915497	app	52. ShineDay - Habit Tracker - Micro Habits, ADHD & Focus	3	2025-10-30	prior:?ALL,?CAL	?WEEKG
713	12529249843	app	52. ShineDay - Habit Tracker - Micro Habits, ADHD & Focus	5	2025-04-11	new:每周总结	+RPT
714	12294662387	app	52. ShineDay - Habit Tracker - Micro Habits, ADHD & Focus	4	2025-02-10	new:全部完成	NA
715	9655957789	app	52. ShineDay - Habit Tracker - Micro Habits, ADHD & Focus	4	2023-02-26	new:全部完成	PART
716	9379605242	app	52. ShineDay - Habit Tracker - Micro Habits, ADHD & Focus	4	2022-12-10	prior:XNONDAILY,ALL	-NONDAILY,-FULL,+FULL
717	8479604524	app	52. ShineDay - Habit Tracker - Micro Habits, ADHD & Focus	5	2022-03-21	new:全部完成	+FULL
718	8158860072	app	52. ShineDay - Habit Tracker - Micro Habits, ADHD & Focus	4	2021-12-23	prior:?ALL,?WEEK,?CHART	?HAB,?PCT
719	8023430719	app	52. ShineDay - Habit Tracker - Micro Habits, ADHD & Focus	5	2021-11-14	new:每周报告	?RPT
720	7931638474	app	52. ShineDay - Habit Tracker - Micro Habits, ADHD & Focus	4	2021-10-19	prior:?BF,?ALL,?PAT	?WEEKG,?HAB
721	7815844521	app	52. ShineDay - Habit Tracker - Micro Habits, ADHD & Focus	5	2021-09-17	prior:?ALL	?PCT
722	7790020273	app	52. ShineDay - Habit Tracker - Micro Habits, ADHD & Focus	5	2021-09-10	new:全部完成	?PART
723	7737306278	app	52. ShineDay - Habit Tracker - Micro Habits, ADHD & Focus	1	2021-08-26	prior:?RPT,?ALL	?RPT
724	7716745093	app	52. ShineDay - Habit Tracker - Micro Habits, ADHD & Focus	5	2021-08-21	prior:?ALL,?WEEK,?CAL	?WEEKG
725	7452090109	app	52. ShineDay - Habit Tracker - Micro Habits, ADHD & Focus	5	2021-06-11	new:全部完成	FULL
726	7363353624	app	52. ShineDay - Habit Tracker - Micro Habits, ADHD & Focus	5	2021-05-20	prior:?ALL	?PCT
727	7150638386	app	52. ShineDay - Habit Tracker - Micro Habits, ADHD & Focus	4	2021-03-27	prior:?ALL,?CAL	?WEEKG
728	7052993822	app	52. ShineDay - Habit Tracker - Micro Habits, ADHD & Focus	4	2021-03-01	prior:?WEEK,?ALL	?WEEKG
729	6989055595	app	52. ShineDay - Habit Tracker - Micro Habits, ADHD & Focus	4	2021-02-13	new:全部完成	+FULL
730	6969060278	app	52. ShineDay - Habit Tracker - Micro Habits, ADHD & Focus	4	2021-02-08	prior:?ALL,?WEEK	?DAYNM,?TOT
731	6849060882	app	52. ShineDay - Habit Tracker - Micro Habits, ADHD & Focus	5	2021-01-09	new:全部完成	NA
732	6847162297	app	52. ShineDay - Habit Tracker - Micro Habits, ADHD & Focus	5	2021-01-09	prior:?ALL,?RPT	?RPT
733	6844018641	app	52. ShineDay - Habit Tracker - Micro Habits, ADHD & Focus	4	2021-01-08	prior:?ALL,?CHART	?TREND
734	6744060036	app	52. ShineDay - Habit Tracker - Micro Habits, ADHD & Focus	4	2020-12-12	new:全部完成	-FULL,?PART
735	6723715246	app	52. ShineDay - Habit Tracker - Micro Habits, ADHD & Focus	4	2020-12-06	new:每周总结	?RPT
736	6718137081	app	52. ShineDay - Habit Tracker - Micro Habits, ADHD & Focus	5	2020-12-05	new:全部完成	NA
737	6553294876	app	52. ShineDay - Habit Tracker - Micro Habits, ADHD & Focus	5	2020-10-20	prior:?ALL,?RPT	?RPT
738	6524533090	app	52. ShineDay - Habit Tracker - Micro Habits, ADHD & Focus	5	2020-10-11	prior:?ALL	?RPT
739	6019741480	app	52. ShineDay - Habit Tracker - Micro Habits, ADHD & Focus	5	2020-06-01	prior:ALL	+FULL,?TOT
740	5901107258	app	52. ShineDay - Habit Tracker - Micro Habits, ADHD & Focus	3	2020-05-04	prior:?ALL,?RPT	?HAB,?TOT
741	5815236607	app	52. ShineDay - Habit Tracker - Micro Habits, ADHD & Focus	4	2020-04-15	new:全部完成	NA
742	5630656539	app	52. ShineDay - Habit Tracker - Micro Habits, ADHD & Focus	5	2020-03-08	new:全部完成	?HAB
743	5580932692	app	52. ShineDay - Habit Tracker - Micro Habits, ADHD & Focus	4	2020-02-26	new:全部完成	NA
744	5156400179	app	52. ShineDay - Habit Tracker - Micro Habits, ADHD & Focus	5	2019-11-17	prior:?ALL	?PCT
745	4663467528	app	52. ShineDay - Habit Tracker - Micro Habits, ADHD & Focus	5	2019-08-24	new:全部完成	NONDAILY
746	3617366137	app	52. ShineDay - Habit Tracker - Micro Habits, ADHD & Focus	5	2019-01-06	new:每周报告	?RPT
747	3171718094	app	52. ShineDay - Habit Tracker - Micro Habits, ADHD & Focus	5	2018-09-09	prior:?ALL,?RPT,?PCT	?PCT,?TOT,?PERIOD
748	2949530245	app	52. ShineDay - Habit Tracker - Micro Habits, ADHD & Focus	4	2018-07-22	prior:?ALL,?GRP	?WEEKG,?CAT
749	2624198530	app	52. ShineDay - Habit Tracker - Micro Habits, ADHD & Focus	4	2018-06-01	prior:?ALL,?CAL,?CHART	?WEEKG,?TREND
750	2622238658	app	52. ShineDay - Habit Tracker - Micro Habits, ADHD & Focus	5	2018-05-31	prior:?ALL,?RPT,?CAL	?WEEKG,?RPT
751	2512143422	app	52. ShineDay - Habit Tracker - Micro Habits, ADHD & Focus	4	2018-05-06	new:全部完成	+FULL
752	2300743421	app	52. ShineDay - Habit Tracker - Micro Habits, ADHD & Focus	5	2018-03-13	prior:?TOT,?RPT,?ALL,?MILE	?FULL,?TOT
753	2270266140	app	52. ShineDay - Habit Tracker - Micro Habits, ADHD & Focus	4	2018-03-04	prior:?ALL,?TOT	?TOT
754	2091894670	app	52. ShineDay - Habit Tracker - Micro Habits, ADHD & Focus	4	2018-01-15	new:全部完成	FULL
755	4201959821	app	52. ShineDay - Habit Tracker - Micro Habits, ADHD & Focus	5	2019-05-24	prior:?ALL,?CHART	?TREND,?PREV
756	2494551620	app	52. ShineDay - Habit Tracker - Micro Habits, ADHD & Focus	5	2018-05-02	prior:?ALL,?PCT	?PCT,?PREV
757	11794874339	app	52. ShineDay - Habit Tracker - Micro Habits, ADHD & Focus	5	2024-10-04	new:Best Habit	NA
758	11705843228	app	52. ShineDay - Habit Tracker - Micro Habits, ADHD & Focus	4	2024-09-09	new:completed day	?DAYNM
759	7535793244	app	52. ShineDay - Habit Tracker - Micro Habits, ADHD & Focus	5	2021-07-03	prior:?ALL,?CHART	?RPT,?TREND
760	7088209334	app	52. ShineDay - Habit Tracker - Micro Habits, ADHD & Focus	5	2021-03-10	new:perfect day	+FULL
761	9876062679	app	53. HabitMinder • Habit Tracker - Daily Reminders & Routines	5	2023-04-30	new:how many habits I	NA
762	6412841425	app	53. HabitMinder • Habit Tracker - Daily Reminders & Routines	5	2020-09-09	prior:?ALL	?DAYNM
763	11116436056	app	53. HabitMinder • Habit Tracker - Daily Reminders & Routines	4	2024-04-03	new:overall view	NA
764	8253504398	app	53. HabitMinder • Habit Tracker - Daily Reminders & Routines	5	2022-01-18	new:overall view	NA
765	9544393489	app	53. HabitMinder • Habit Tracker - Daily Reminders & Routines	2	2023-01-25	new:completed days	-CONF,?TOT,-FULL
766	5163222476	app	53. HabitMinder • Habit Tracker - Daily Reminders & Routines	5	2019-11-18	new:most successful	NA
767	4178666389	app	53. HabitMinder • Habit Tracker - Daily Reminders & Routines	3	2019-05-20	new:Habits Needs Work	NA
768	3638140023	app	53. HabitMinder • Habit Tracker - Daily Reminders & Routines	4	2019-01-11	new:perfect day	-NONDAILY,-DAYNM
769	3594922582	app	53. HabitMinder • Habit Tracker - Daily Reminders & Routines	3	2018-12-31	new:total completion	-NONDAILY,-PCT
770	3395705944	app	53. HabitMinder • Habit Tracker - Daily Reminders & Routines	3	2018-11-08	new:weekly report	NA
771	8311227875	app	54. Avocation - Habit Tracker - Daily planner & ADHD organizer	3	2022-02-02	new:weekly review	?RPT,?PERIOD
772	8880380821	app	54. Avocation - Habit Tracker - Daily planner & ADHD organizer	3	2022-07-16	new:overall performance	NA
773	8900579113	app	54. Avocation - Habit Tracker - Daily planner & ADHD organizer	2	2022-07-22	new:overall progress	NA
774	8734420764	app	54. Avocation - Habit Tracker - Daily planner & ADHD organizer	4	2022-06-02	new:weekly progress	+WEEKG
775	4416741540	app	55. Habit-Bull - Daily Goal Planner - Best To Do List Streak Tracker	4	2019-07-06	prior:ALL,STAT	+HAB,+PCT
776	5357485025	app	55. Habit-Bull - Daily Goal Planner - Best To Do List Streak Tracker	5	2020-01-04	new:weekly view	+WEEKG,+NONDAILY
777	1524938082	app	55. Habit-Bull - Daily Goal Planner - Best To Do List Streak Tracker	4	2017-01-18	new:most successful	NA
778	3733050172	app	55. Habit-Bull - Daily Goal Planner - Best To Do List Streak Tracker	4	2019-02-04	new:weekly view	WEEKG
779	1901252511	app	55. Habit-Bull - Daily Goal Planner - Best To Do List Streak Tracker	4	2017-11-06	new:weekly view	WEEKG
780	2572400684	app	55. Habit-Bull - Daily Goal Planner - Best To Do List Streak Tracker	3	2018-05-20	prior:STAT,ALL,XBUG	+WEEKG
781	1430631367	app	55. Habit-Bull - Daily Goal Planner - Best To Do List Streak Tracker	3	2016-08-10	new:weekly score	NA
782	1296985275	app	55. Habit-Bull - Daily Goal Planner - Best To Do List Streak Tracker	4	2015-12-06	prior:?ALL	?HAB
783	1308492794	app	55. Habit-Bull - Daily Goal Planner - Best To Do List Streak Tracker	4	2015-12-30	prior:?ALL,?YEAR	?WEEKG
784	6384263054	app	55. Habit-Bull - Daily Goal Planner - Best To Do List Streak Tracker	5	2020-09-01	prior:ALL; new:all my habits at a glance	+WEEKG
785	5523298620	app	55. Habit-Bull - Daily Goal Planner - Best To Do List Streak Tracker	3	2020-02-13	new:weekly report	?NONDAILY
786	2462727208	app	55. Habit-Bull - Daily Goal Planner - Best To Do List Streak Tracker	5	2018-04-24	prior:WEEK,ALL	+WEEKG
787	1315057360	app	55. Habit-Bull - Daily Goal Planner - Best To Do List Streak Tracker	5	2016-01-11	new:weekly view	+WEEKG
788	1308688562	app	55. Habit-Bull - Daily Goal Planner - Best To Do List Streak Tracker	4	2015-12-30	prior:STRK,ALL,CAL	+HAB
789	1307504191	app	55. Habit-Bull - Daily Goal Planner - Best To Do List Streak Tracker	5	2015-12-28	new:most successful	NA
790	14400919999	app	56. Dots - Habit Tracker Widget - Daily Routine, Goal & Planner	5	2026-08-08	prior:?ALL,CAL	?WEEKG
791	12908286661	app	57. Habit Tracker - DayStamp - Daily Routine, Streak & Widget	3	2025-07-18	new:weekly overview	+WEEKG
792	6864758952	app	57. Habit Tracker - DayStamp - Daily Routine, Streak & Widget	5	2021-01-13	new:주간리포트	?RPT
793	5469950056	app	57. Habit Tracker - DayStamp - Daily Routine, Streak & Widget	4	2020-01-31	prior:?ALL,?RPT	?RPT,?TREND
794	7765160326	app	57. Habit Tracker - DayStamp - Daily Routine, Streak & Widget	3	2021-09-03	prior:?DAYD,?ALL,?RPT; new:weekly report	?RPT
795	13574542005	app	57. Habit Tracker - DayStamp - Daily Routine, Streak & Widget	4	2025-12-30	new:completed days	CONF
796	8193352845	app	57. Habit Tracker - DayStamp - Daily Routine, Streak & Widget	5	2022-01-01	new:weekly review	+WEEKG,+FORGIVE,+RPT
797	9068043672	app	59. Tappsk - ToDo & Habit Tracker - Task Manager & Daily schedule	5	2022-09-09	new:Best habit	NA
798	8195577511	app	59. Tappsk - ToDo & Habit Tracker - Task Manager & Daily schedule	1	2022-01-02	new:best habit	NA
799	13957608345	app	59. Tappsk - ToDo & Habit Tracker - Task Manager & Daily schedule	4	2026-04-14	prior:?ALL	?TREND,?HAB
800	13080691665	app	59. Tappsk - ToDo & Habit Tracker - Task Manager & Daily schedule	3	2025-08-31	prior:?ALL,XTHIN	?DAYNM,?PCT
801	9891757447	app	59. Tappsk - ToDo & Habit Tracker - Task Manager & Daily schedule	5	2023-05-04	prior:?ALL,?CHART	?PCT,?TREND,?FSTRK
802	8124693129	app	59. Tappsk - ToDo & Habit Tracker - Task Manager & Daily schedule	5	2021-12-13	new:идеальный день	NA
803	6315879317	app	59. Tappsk - ToDo & Habit Tracker - Task Manager & Daily schedule	3	2020-08-13	prior:?BF,?ALL,?PAT	?HAB
804	6130583358	app	59. Tappsk - ToDo & Habit Tracker - Task Manager & Daily schedule	5	2020-06-28	new:Итоги недели	?RPT
805	5229263466	app	59. Tappsk - ToDo & Habit Tracker - Task Manager & Daily schedule	5	2019-12-03	new:итоги недели	?RPT,?TREND
806	8316642110	app	59. Tappsk - ToDo & Habit Tracker - Task Manager & Daily schedule	4	2022-02-04	prior:?ALL	?WEEKG
807	12225130737	app	59. Tappsk - ToDo & Habit Tracker - Task Manager & Daily schedule	4	2025-01-24	new:full day	NA
808	5419250872	app	59. Tappsk - ToDo & Habit Tracker - Task Manager & Daily schedule	5	2020-01-18	new:full day	NA
809	11971799940	app	60. Mindway - Daily Routine Planner - Self Care & ADHD Habit Tracker	5	2024-11-20	new:complete day	NA
810	13453953092	app	62. Streaks – Daily Habit Tracker - Atomic Goals & Accountability	4	2025-11-29	prior:?ALL,?PART; new:overall stat	?PCT
811	8405311643	app	65. Rabit - Daily Routine Planner - Habit Tracker & ADHD Help	3	2022-02-28	prior:?ALL,XWRONG	?WEEKG
812	11641681635	app	65. Rabit - Daily Routine Planner - Habit Tracker & ADHD Help	5	2024-08-23	prior:?PCT,?FORG,?ALL; new:daily score	?DAYNM,?PCT,-FSTRK,?TREND
813	11686908710	app	67. Habio - Daily Habit Tracker - Routine planner & To do list	5	2024-09-04	prior:ALL	GEN
814	12303268609	app	68. Ultiself - Self-Improvement - Biohacker Routine Planner App	5	2025-02-12	new:weekly review	+RPT
815	14016799804	app	68. Ultiself - Self-Improvement - Biohacker Routine Planner App	5	2026-05-01	prior:STAT,ALL	GEN
816	14121250683	app	68. Ultiself - Self-Improvement - Biohacker Routine Planner App	5	2026-05-29	new:overall progress	GEN
817	13133890415	app	68. Ultiself - Self-Improvement - Biohacker Routine Planner App	5	2025-09-13	new:week by week	+PREV
818	10068079451	app	68. Ultiself - Self-Improvement - Biohacker Routine Planner App	1	2023-06-24	new:full day	NA
819	12271842942	app	7. Habit Tracker - HabitKit - Streaks & Accountability	5	2025-02-05	prior:YEAR,ALL; new:Best Habit	+WEEKG
820	12123891752	app	7. Habit Tracker - HabitKit - Streaks & Accountability	5	2024-12-30	prior:ALL,STAT	GEN
821	11455084509	app	7. Habit Tracker - HabitKit - Streaks & Accountability	5	2024-07-04	prior:ALL	GEN
822	11761381725	app	7. Habit Tracker - HabitKit - Streaks & Accountability	5	2024-09-25	new:habits need more attention	+HAB
823	9839422258	app	7. Habit Tracker - HabitKit - Streaks & Accountability	4	2023-04-19	new:all habits on one	?WEEKG
824	11762845723	app	7. Habit Tracker - HabitKit - Streaks & Accountability	5	2024-09-25	new:weekly view	+WEEKG
825	13308817559	app	7. Habit Tracker - HabitKit - Streaks & Accountability	5	2025-10-24	prior:ALL,LONG; new:Best habit	+WEEKG
826	13233931179	app	7. Habit Tracker - HabitKit - Streaks & Accountability	4	2025-10-07	prior:?ALL	?RPT
827	12149973548	app	7. Habit Tracker - HabitKit - Streaks & Accountability	4	2025-01-06	prior:YEAR,?ALL	NA
828	9475276997	app	7. Habit Tracker - HabitKit - Streaks & Accountability	5	2023-01-05	prior:YEAR,ALL; new:best habit	+WEEKG
829	9474887392	app	7. Habit Tracker - HabitKit - Streaks & Accountability	5	2023-01-05	prior:YEAR,ALL; new:best habit	+WEEKG
830	13959823858	app	7. Habit Tracker - HabitKit - Streaks & Accountability	5	2026-04-15	prior:?ALL	?DAYNM
831	1453443526	app	76. Way of Life - Habit Tracker - Build a better, stronger you	5	2016-09-21	new:worst habits	+QUIT,TOT
832	838585374	app	76. Way of Life - Habit Tracker - Build a better, stronger you	2	2013-07-18	prior:XNONDAILY,?ALL	-NONDAILY,?TREND
833	5545464862	app	76. Way of Life - Habit Tracker - Build a better, stronger you	5	2020-02-17	prior:PCT,ALL	+PCT,+HAB
834	1014557509	app	76. Way of Life - Habit Tracker - Build a better, stronger you	5	2014-06-21	new:perfect week	+WEEKG,QUIT
835	787572147	app	76. Way of Life - Habit Tracker - Build a better, stronger you	5	2013-04-13	prior:?ALL	?TREND
836	779435004	app	76. Way of Life - Habit Tracker - Build a better, stronger you	4	2013-03-31	prior:?ALL	?PCT,?TREND,?PREV
837	774601719	app	76. Way of Life - Habit Tracker - Build a better, stronger you	4	2013-03-23	prior:?PAT,?ALL	?TREND,?HAB
838	761743436	app	76. Way of Life - Habit Tracker - Build a better, stronger you	4	2013-03-02	prior:ALL	+HAB
839	1065171792	app	76. Way of Life - Habit Tracker - Build a better, stronger you	5	2014-09-16	new:total completion	NA
840	5467149849	app	76. Way of Life - Habit Tracker - Build a better, stronger you	5	2020-01-30	prior:?ALL	?PCT
841	442941722	app	76. Way of Life - Habit Tracker - Build a better, stronger you	3	2011-07-06	prior:?ALL,?CHART	?TREND
842	776491410	app	76. Way of Life - Habit Tracker - Build a better, stronger you	5	2013-03-26	prior:WEEK,ALL	+RPT
843	3971665882	app	76. Way of Life - Habit Tracker - Build a better, stronger you	5	2019-04-05	prior:ALL,STRK,?WEEK	+DAYNM,+TREND
844	1032260400	app	76. Way of Life - Habit Tracker - Build a better, stronger you	5	2014-07-21	new:overall progress	+TREND
845	786198822	app	76. Way of Life - Habit Tracker - Build a better, stronger you	4	2013-04-11	prior:?ALL,?PCT; new:weekly chart	?DAYNM,?PCT,?TREND
846	697510520	app	76. Way of Life - Habit Tracker - Build a better, stronger you	5	2012-11-25	prior:CAL,ALL	+WEEKG
847	546189441	app	76. Way of Life - Habit Tracker - Build a better, stronger you	4	2012-03-18	prior:?ALL	?TREND
848	489609022	app	76. Way of Life - Habit Tracker - Build a better, stronger you	5	2011-12-01	prior:?ALL	?TREND
849	673771239	app	76. Way of Life - Habit Tracker - Build a better, stronger you	4	2012-10-13	prior:?GRP,?ALL	?CAT,?DAYNM
850	597378487	app	76. Way of Life - Habit Tracker - Build a better, stronger you	4	2012-06-07	prior:?ALL,?RPT	?WEEKG
851	1320804146	app	76. Way of Life - Habit Tracker - Build a better, stronger you	5	2016-01-23	prior:ALL,STRK,MILE,CHART	+PCT
852	799601758	app	76. Way of Life - Habit Tracker - Build a better, stronger you	4	2013-05-05	prior:?ALL,?EXP	?DAYNM,?TREND,?RPT
853	718390142	app	76. Way of Life - Habit Tracker - Build a better, stronger you	5	2012-12-29	prior:ALL,STRK,STAT	+WEEKG
854	628504555	app	76. Way of Life - Habit Tracker - Build a better, stronger you	1	2012-07-24	prior:?CAL,?ALL,?STRK,?TOT	?HAB,?TOT
855	1601295718	app	76. Way of Life - Habit Tracker - Build a better, stronger you	4	2017-04-30	prior:STAT,?ALL	?HAB
856	1086567206	app	76. Way of Life - Habit Tracker - Build a better, stronger you	5	2014-10-26	prior:?ALL,?PCT	?DAYNM,?PCT
857	588114554	app	76. Way of Life - Habit Tracker - Build a better, stronger you	5	2012-05-22	prior:?ALL,?CHART	?DAYNM,?PCT,?TREND
858	851197971	app	76. Way of Life - Habit Tracker - Build a better, stronger you	2	2013-08-09	prior:?ALL; new:all my habits in one	?TREND
859	1387042440	app	76. Way of Life - Habit Tracker - Build a better, stronger you	5	2016-05-31	prior:ALL,STRK,STAT	+WEEKG
860	12866508311	app	76. Way of Life - Habit Tracker - Build a better, stronger you	4	2025-07-08	new:best habit	NA
861	5387293660	app	76. Way of Life - Habit Tracker - Build a better, stronger you	4	2020-01-11	prior:ALL	GEN
862	4621567875	app	76. Way of Life - Habit Tracker - Build a better, stronger you	5	2019-08-15	prior:ALL,WEEK,RPT; new:Best Habit	+WEEKG,+HAB
863	3987772607	app	76. Way of Life - Habit Tracker - Build a better, stronger you	5	2019-04-08	new:week to week	+PREV
864	3329186160	app	76. Way of Life - Habit Tracker - Build a better, stronger you	5	2018-10-22	prior:ALL,PAT	+DAYNM,+TREND
865	3319018942	app	76. Way of Life - Habit Tracker - Build a better, stronger you	5	2018-10-19	new:weekly review	NA
866	1606142162	app	76. Way of Life - Habit Tracker - Build a better, stronger you	5	2017-05-06	new:overall stat	+NONDAILY,+PCT
867	1476189460	app	76. Way of Life - Habit Tracker - Build a better, stronger you	5	2016-10-31	prior:ALL,DAYD	+HAB
868	1451843722	app	76. Way of Life - Habit Tracker - Build a better, stronger you	5	2016-09-18	new:week to week	+RPT
869	1400394945	app	76. Way of Life - Habit Tracker - Build a better, stronger you	5	2016-06-26	new:how many habits I	?DAYNM
870	1391746549	app	76. Way of Life - Habit Tracker - Build a better, stronger you	5	2016-06-09	prior:ALL,FORG	NA
871	1349119521	app	76. Way of Life - Habit Tracker - Build a better, stronger you	5	2016-03-17	new:weekly view	+WEEKG,+TREND
872	1341572559	app	76. Way of Life - Habit Tracker - Build a better, stronger you	5	2016-03-02	new:global progress	+WEEKG
873	1271314835	app	76. Way of Life - Habit Tracker - Build a better, stronger you	5	2015-10-14	prior:ALL; new:overall progress	+PCT
874	1268059782	app	76. Way of Life - Habit Tracker - Build a better, stronger you	5	2015-10-07	new:week to week	+PREV
875	1143882535	app	76. Way of Life - Habit Tracker - Build a better, stronger you	4	2015-02-08	new:week by week	+PREV
876	925057163	app	76. Way of Life - Habit Tracker - Build a better, stronger you	5	2014-01-14	new:total completion	?NONDAILY,?TOT
877	902935265	app	76. Way of Life - Habit Tracker - Build a better, stronger you	5	2013-12-01	prior:?ALL,?PCT,EXP	?PCT,?DAYNM
878	886056598	app	76. Way of Life - Habit Tracker - Build a better, stronger you	3	2013-10-22	prior:?ALL,?PCT; new:overall percentage	?PCT,?TREND
879	808069130	app	76. Way of Life - Habit Tracker - Build a better, stronger you	5	2013-05-21	prior:?ALL	?TREND
880	765080325	app	76. Way of Life - Habit Tracker - Build a better, stronger you	5	2013-03-07	prior:?ALL,?CHART	?TREND
881	723329204	app	76. Way of Life - Habit Tracker - Build a better, stronger you	4	2013-01-05	prior:FORG,?ALL,XNONDAILY	?TREND,?PREV,?NONDAILY
882	713539403	app	76. Way of Life - Habit Tracker - Build a better, stronger you	3	2012-12-22	prior:?ALL,?PART	?TREND
883	708826522	app	76. Way of Life - Habit Tracker - Build a better, stronger you	4	2012-12-15	prior:?ALL,CHART; new:on track	?TREND
884	679120950	app	76. Way of Life - Habit Tracker - Build a better, stronger you	5	2012-10-23	new:all habits on one	+WEEKG
885	600144002	app	76. Way of Life - Habit Tracker - Build a better, stronger you	4	2012-06-11	new:total percentage	-NONDAILY,PCT
886	523446682	app	76. Way of Life - Habit Tracker - Build a better, stronger you	5	2012-02-05	prior:ALL	GEN
887	453081285	app	76. Way of Life - Habit Tracker - Build a better, stronger you	4	2011-08-14	prior:?ALL	?DAYNM,?QUIT,-NONDAILY
888	442485690	app	76. Way of Life - Habit Tracker - Build a better, stronger you	5	2011-07-05	prior:ALL,WEEK	+WEEKG,+NONDAILY
889	13839542276	app	77. Habit Tracker - Streak-Free - Streaks & Habits	4	2026-03-12	prior:CHART,?ALL	?RPT
890	12529237684	app	77. Habit Tracker - Streak-Free - Streaks & Habits	5	2025-04-11	prior:?ALL	?TREND,?HAB
891	13357878863	app	8. Onrise - Habit Tracker & Focus - Build habits, focus & journal	4	2025-11-05	prior:?ALL,?TOT	?HAB,?TOT
892	11761511083	app	8. Onrise - Habit Tracker & Focus - Build habits, focus & journal	3	2024-09-25	new:completed days	?NONDAILY
893	12998935222	app	8. Onrise - Habit Tracker & Focus - Build habits, focus & journal	5	2025-08-10	new:weekly progress	?RPT
894	13848402408	app	8. Onrise - Habit Tracker & Focus - Build habits, focus & journal	4	2026-03-14	prior:?ALL,?CHART	?TREND
895	12380782408	app	8. Onrise - Habit Tracker & Focus - Build habits, focus & journal	5	2025-03-04	prior:?ALL	?TREND
896	9889043005	app	8. Onrise - Habit Tracker & Focus - Build habits, focus & journal	5	2023-05-03	prior:?ALL	?RPT
897	13724827992	app	8. Onrise - Habit Tracker & Focus - Build habits, focus & journal	5	2026-02-07	new:weekly view	?WEEKG
898	3959081412	app	85. Habitica - Gamified Taskmanager - Stay motivated and organized	4	2019-04-02	new:overall score	-CONF
899	14104530134	app	85. Habitica - Gamified Taskmanager - Stay motivated and organized	4	2026-05-25	prior:?CHART,?ALL	?DAYNM,?TREND,?PREV,QUIT
900	13805012573	app	85. Habitica - Gamified Taskmanager - Stay motivated and organized	4	2026-03-02	prior:?ALL	?RPT
901	13253924421	app	85. Habitica - Gamified Taskmanager - Stay motivated and organized	5	2025-10-11	new:best habit	NA
902	4787934609	app	85. Habitica - Gamified Taskmanager - Stay motivated and organized	5	2019-09-16	new:week to week	NA
903	6602639029	app	86. Today Habit tracker - For to-dos, routines & goals	4	2020-11-02	prior:ALL	+DAYNM
904	5716396175	app	86. Today Habit tracker - For to-dos, routines & goals	4	2020-03-26	prior:?ALL; new:all of my habits at once	?WEEKG,-NONDAILY
905	6640728077	app	86. Today Habit tracker - For to-dos, routines & goals	5	2020-11-13	prior:?ALL,?PAT	?PAT,?HAB
906	7315695928	app	86. Today Habit tracker - For to-dos, routines & goals	5	2021-05-09	prior:XFIND,?ALL; new:all my habits at once	+WEEKG
907	14293434159	app	86. Today Habit tracker - For to-dos, routines & goals	2	2026-07-12	prior:XCLUTTER,?ALL; new:all my habits at once	?WEEKG
908	1958850118	app	86. Today Habit tracker - For to-dos, routines & goals	4	2017-11-30	prior:?ALL	?PCT
909	7645092267	app	86. Today Habit tracker - For to-dos, routines & goals	5	2021-08-02	new:total completion	NA
910	5845545429	app	86. Today Habit tracker - For to-dos, routines & goals	4	2020-04-21	prior:?ALL,?PAT	?TREND
911	3483332973	app	86. Today Habit tracker - For to-dos, routines & goals	4	2018-12-02	prior:?ALL,?MILE; new:all of my habits on one	?DAYNM,?FULL,?FSTRK
912	2039547562	app	86. Today Habit tracker - For to-dos, routines & goals	1	2017-12-30	new:all habits at once	NA
913	1542707018	app	86. Today Habit tracker - For to-dos, routines & goals	4	2017-02-12	new:global stat	-NONDAILY,?PCT
914	1403659983	app	86. Today Habit tracker - For to-dos, routines & goals	5	2016-07-01	prior:?ALL	?PCT
915	1351577209	app	86. Today Habit tracker - For to-dos, routines & goals	4	2016-03-22	prior:?ALL,XNONDAILY; new:overall stat	?RPT
916	1345984550	app	86. Today Habit tracker - For to-dos, routines & goals	5	2016-03-11	new:best habit	NA
917	6867290877	app	88. GetHabit - Easy Habit Tracker - Habits Tracker for a BetterMe	2	2021-01-14	new:weekly rate	NA
918	12271582469	app	9. Dear Me - Daily Routine Tracker - Self Care & ADHD Habit Planner	5	2025-02-04	new:dia perfeito	FULL
919	13580713380	app	9. Dear Me - Daily Routine Tracker - Self Care & ADHD Habit Planner	1	2026-01-01	new:all habits were completed	FSTRK,?HAB
920	13691453399	app	90. Quit Bad Habits & Addiction - Sobriety Counter & Tracker	5	2026-01-30	new:clean day	+QUIT
921	9fea813b-ded7-430c-b6bf-fc1154edab80	play	1. Habit Builder	5	2024-01-04	prior:YEAR,?CONF,?ALL,?CHART	?DAYNM,?PCT,?TREND,CONF
922	91596639-34a2-4811-8e33-f1a5c6135e31	play	10. Habit Tracker - Habit Diary	5	2026-06-24	new:overall performance	GEN
923	fb3a5559-04b2-4329-bf09-63fe8694cd98	play	10. Habit Tracker - Habit Diary	5	2026-04-27	new:best habits	NA
924	3317c6c4-ede6-4afe-897c-fc52a3f0615e	play	10. Habit Tracker - Habit Diary	4	2025-02-18	new:overall performance	NA
925	c995937b-8e56-4169-9028-dfaceca10d08	play	10. Habit Tracker - Habit Diary	5	2024-06-28	new:average completion	+PCT
926	d00b7fc7-75a8-4e54-a9e7-15ed481ee466	play	10. Habit Tracker - Habit Diary	4	2024-01-04	new:how many habits I	SIMPLE,FULL
927	fb71ef42-927c-4165-aa13-858e8ddef066	play	10. Habit Tracker - Habit Diary	4	2023-10-30	new:overall performance	NA
928	f086a8b8-18f4-4990-a6d3-9131461148fe	play	10. Habit Tracker - Habit Diary	5	2023-08-23	new:all habits are checked	NA
929	c5ed6fa7-0ef2-449c-9e2e-5b698b0da87d	play	10. Habit Tracker - Habit Diary	4	2023-01-12	new:perfect day	FSTRK,?HAB
930	ba6b1860-0991-4b2b-afa8-c071ed4422bc	play	10. Habit Tracker - Habit Diary	4	2022-08-15	prior:?ALL,XNONDAILY	NA
931	95606ae0-99aa-4356-8b4c-eeb82870cb66	play	10. Habit Tracker - Habit Diary	5	2022-04-11	prior:?ALL,?CHART	?DAYNM
932	441bf872-c0e7-43f1-b165-b1e7afc1a692	play	10. Habit Tracker - Habit Diary	5	2022-01-12	prior:?ALL,?RPT	?WEEKG
933	8ee03338-e097-4f2f-8b1a-0b8c9f9628ba	play	10. Habit Tracker - Habit Diary	1	2021-09-21	new:perfect day	FULL
934	4febac1d-3cfb-482e-8fb2-72a3eb8807a8	play	10. Habit Tracker - Habit Diary	5	2024-12-28	prior:?ALL,?CHART	?TREND,?TOT
935	6d6cf9db-3dfd-40dc-8fe5-a96d6c051c81	play	10. Habit Tracker - Habit Diary	4	2024-11-17	prior:?ALL,XCONF	?TREND,-FULL
936	5318535f-4b02-4924-b515-275277a537eb	play	10. Habit Tracker - Habit Diary	5	2024-06-04	new:días perfectos	+FULL,+FSTRK
937	11a5185d-e0bb-422d-bb6e-a39b5a575e2b	play	10. Habit Tracker - Habit Diary	2	2024-05-27	new:días perfectos	FSTRK
938	c6ffc6a9-5ea0-4328-9ef7-b72623230517	play	10. Habit Tracker - Habit Diary	5	2024-01-17	new:dias perfectos	+FSTRK
939	5e8b7019-9918-4d26-9fee-54d9f949aba3	play	10. Habit Tracker - Habit Diary	5	2023-08-04	new:Día Perfecto	+FULL
940	aeee3efd-6453-4837-b3c5-055747bfb686	play	10. Habit Tracker - Habit Diary	4	2023-08-02	new:semana perfecta	+FULL,+NONDAILY
941	8a0b158f-9395-4db3-9719-28d835c214da	play	10. Habit Tracker - Habit Diary	4	2022-06-25	prior:?WEEK,?ALL	?WEEKG
942	077ed227-fc7e-4a3c-b699-c69f16094db7	play	10. Habit Tracker - Habit Diary	5	2022-04-18	new:día perfecto	NA
943	8071f710-9182-4560-9576-f0dfd8892705	play	10. Habit Tracker - Habit Diary	5	2022-05-30	prior:PCT,ALL; new:perfect day	+PCT,+FULL
944	715eaca2-4ed0-4ac9-8ae8-7451d7b9fe5e	play	10. Habit Tracker - Habit Diary	4	2024-05-19	prior:?ALL,?CHART	?TREND,?HAB
945	bcaf553c-89e2-4908-b5a6-057f5bc1eb1d	play	103. Levla - Habit Tracker RPG	5	2026-08-11	new:best habit	NA
946	6964da27-b92b-4bb3-82a0-3996651487b0	play	103. Levla - Habit Tracker RPG	5	2026-06-30	new:best habit	NA
947	40d01ac1-176e-49c7-af3e-b87c9c412710	play	105. Avocation Goal & Habit Tracker	5	2021-07-12	new:Wochenübersicht	NA
948	5b2e5fac-0ef0-43cd-914b-3810fed5337a	play	105. Avocation Goal & Habit Tracker	4	2020-08-19	new:weekly view	?HAB
949	fee29325-d343-400b-bb91-79fa600d6045	play	11. Dear Me - Daily Routine Tracker	3	2025-10-07	new:weekly stat	?RPT
950	e6e64aec-0c78-41dc-a4c4-055ae4ad8e7b	play	11. Dear Me - Daily Routine Tracker	3	2025-07-23	prior:?ALL,XTHIN	?TREND
951	4264cdf1-acf2-4de6-bfbc-a5ae7aefcac5	play	11. Dear Me - Daily Routine Tracker	5	2024-12-12	new:dia perfeito	NA
952	fcbff3ec-351f-4c6e-bd31-606c278acacb	play	11. Dear Me - Daily Routine Tracker	5	2025-02-17	new:Mükemmel gün	NA
953	2e6c6ae0-2ff8-40a7-bd73-bf64f5251869	play	110. Habit Tracker Unlimited	4	2020-08-30	new:average performance	?DAYNM
954	934e0b37-130b-453a-9ded-518d5119796e	play	114. Habit Tracker - HabitSwipe	5	2025-08-28	prior:STRK,ALL,YEAR; new:habit score	+PCT
955	934a27bb-4b9e-4fad-92c2-effd245a53e4	play	117. Tiimo - Daily To Do List	3	2026-06-26	new:total time spent	NA
956	8d64d9b4-2c65-4530-867d-39b28daa845c	play	12. Fabulous Daily Routine Planner	5	2021-06-30	new:Wochenübersicht	+RPT
957	92cdf313-7515-4796-abe6-0da59af5baf8	play	12. Fabulous Daily Routine Planner	5	2016-09-07	prior:RPT,CAL,ALL	+RPT,+DAYNM
958	8599cbb6-8e17-41f3-b3c6-6ba115102136	play	12. Fabulous Daily Routine Planner	3	2016-08-14	new:weekly report	-RPT,HONEST
959	e88c7466-3a97-445c-afcd-96a1c7d02dcc	play	12. Fabulous Daily Routine Planner	5	2016-01-07	new:weekly review	+RPT,?HAB
960	fe163fc1-1a4e-4620-a57e-73340db58652	play	12. Fabulous Daily Routine Planner	5	2026-06-19	new:most consistent	NA
961	5ea48600-a898-4dbd-a885-968956d9ac9a	play	12. Fabulous Daily Routine Planner	4	2026-05-11	new:completed days	?FORGIVE
962	e468dcc4-6e66-47fd-93d8-db8617ac8686	play	12. Fabulous Daily Routine Planner	1	2026-03-12	new:Best habit	NA
963	4377fabf-3c1b-481c-8f1f-0aab38dca49e	play	12. Fabulous Daily Routine Planner	1	2025-10-15	new:worst habit	NA
964	f8a3b827-cd0a-4d45-83de-67471a38ecdb	play	12. Fabulous Daily Routine Planner	2	2024-10-10	new:week-to-week	NA
965	e5dfd4cb-859b-41e7-92ab-b1aadf84c91f	play	12. Fabulous Daily Routine Planner	5	2024-07-19	new:most consistent	NA
966	e166f263-153e-4687-956c-a2bc001b4c10	play	12. Fabulous Daily Routine Planner	3	2024-03-09	new:full day	NA
967	31c334b2-90a8-44e5-a136-47dce2a0d820	play	12. Fabulous Daily Routine Planner	5	2023-02-02	new:all my habits in one	+FORGIVE
968	c4ba58c2-208b-4497-b150-138c96ad15ec	play	12. Fabulous Daily Routine Planner	5	2022-09-02	new:most consistent	NA
969	a8aeec66-b58f-48da-ba20-fc216cfd225d	play	12. Fabulous Daily Routine Planner	5	2022-07-18	new:most consistent	NA
970	ada8a1df-ae4f-4b9f-9fa9-96618f2eeb67	play	12. Fabulous Daily Routine Planner	4	2022-07-10	new:completed day	NA
971	a47e0725-1c79-4461-9356-044eaa77ccd1	play	12. Fabulous Daily Routine Planner	5	2022-05-18	new:average score	NA
972	ba42525c-94b2-4b31-b526-8833ffcdb84c	play	12. Fabulous Daily Routine Planner	1	2022-05-04	new:weekly rate	NA
973	9cc98547-c100-49bd-9073-90ee55c49a2a	play	12. Fabulous Daily Routine Planner	2	2022-03-23	prior:?ALL,?CHART	?TREND
974	b1210ab8-3b92-444e-b060-ff91b057fb5a	play	12. Fabulous Daily Routine Planner	5	2022-02-10	new:most successful	NA
975	2742bdf9-a8e9-406e-8587-a6c586c44bd1	play	12. Fabulous Daily Routine Planner	5	2022-01-23	new:most consistent	NA
976	ee878c0a-17bf-406d-8084-151555569b0c	play	12. Fabulous Daily Routine Planner	3	2021-10-25	new:full day	NA
977	9c68b748-ed70-4b07-b047-c999445236d3	play	12. Fabulous Daily Routine Planner	5	2021-08-27	new:full day	NA
978	78a860f6-5a55-4881-a082-388f7b31da5e	play	12. Fabulous Daily Routine Planner	5	2021-08-25	new:perfect day	NA
979	28691929-fecb-47a0-b4fc-3e308d1d5ec6	play	12. Fabulous Daily Routine Planner	1	2021-04-28	new:since last week	NA
980	5e5b4753-724f-4253-9ef4-9a821ae16135	play	12. Fabulous Daily Routine Planner	4	2021-04-20	new:completed day	NA
981	5cc80a6f-e52d-4be3-aca3-b45c8d4d19c5	play	12. Fabulous Daily Routine Planner	4	2021-03-31	new:general overview	NA
982	c4420784-175e-4fcb-b230-a9d24b3c8161	play	12. Fabulous Daily Routine Planner	5	2021-02-22	new:worst habits	NA
983	8d9c45af-b136-4921-b263-cd5b8f23299d	play	12. Fabulous Daily Routine Planner	1	2021-02-03	new:full day	NA
984	86e0d665-64ee-4e50-800f-941015296007	play	12. Fabulous Daily Routine Planner	5	2021-01-28	new:full days	NA
985	c8513383-3f5f-46f7-98b1-c811d637ea3c	play	12. Fabulous Daily Routine Planner	5	2021-01-06	new:how many goals I	NA
986	2bd65319-f4d8-41d2-86c5-8835c3941c56	play	12. Fabulous Daily Routine Planner	5	2021-01-04	new:all of my habits at once	NA
987	790eee4a-bb09-4351-bfba-3e732d6778de	play	12. Fabulous Daily Routine Planner	5	2020-11-29	new:week by week	NA
988	9baf431a-a1f1-4212-8384-1d6428f7b1f8	play	12. Fabulous Daily Routine Planner	5	2020-10-14	new:perfect day	NA
989	750cb9f7-cf1e-43eb-9ad2-2ce5b3728508	play	12. Fabulous Daily Routine Planner	5	2020-09-14	new:most successful	NA
990	7495c0a0-0156-4556-b72e-b4ab82ea0b16	play	12. Fabulous Daily Routine Planner	5	2020-08-26	new:perfect day	NA
991	2e520a6c-bc0a-4e52-b5a5-7ecf581f3b51	play	12. Fabulous Daily Routine Planner	3	2020-05-14	new:how many habits I	NA
992	c65d833d-47d4-449b-a818-5173b4d79a47	play	12. Fabulous Daily Routine Planner	1	2019-12-16	new:full day	NA
993	7103756b-1935-4e7a-95ba-76a41e01316c	play	12. Fabulous Daily Routine Planner	3	2019-11-26	new:full day	NA
994	b866659c-ebb8-4dfc-893f-da268c3ffd5b	play	12. Fabulous Daily Routine Planner	1	2019-05-29	new:full day	NA
995	ac8bbb83-546c-4d5a-a103-271896fb51c1	play	12. Fabulous Daily Routine Planner	1	2019-04-25	new:overall score	NA
996	32b8d16a-7c46-45ce-8cd0-b92d49dda39b	play	12. Fabulous Daily Routine Planner	1	2024-09-14	new:completed days	NA
997	623703a5-f6d2-485f-a8b2-766e8deb19d6	play	12. Fabulous Daily Routine Planner	4	2018-11-18	new:how many habits i	+DAYNM
998	700979c5-4d33-4657-9a17-7cb411f9e705	play	12. Fabulous Daily Routine Planner	4	2022-10-31	new:overall view	NA
999	4774f79d-3df6-45ee-8926-ef14e85b2589	play	123. Rise - Habit List	4	2025-03-27	new:total time spent	?TOT
1000	662a434f-f9a7-4336-b8f1-76466ba1f156	play	123. Rise - Habit List	5	2024-08-16	new:5/6 habits	NA
1001	4cb747f6-9c5a-4a0d-969e-c8640eae5663	play	123. Rise - Habit List	5	2023-09-09	prior:?ALL,?CHART	?TREND
1002	88ffa03a-9b63-431b-9a22-329123964719	play	124. Habit Streak Tracker - DotHabit	5	2019-02-04	prior:?ALL,?CAL	?WEEKG
1003	925600a9-07df-4fa3-a963-ed13602cc45a	play	124. Habit Streak Tracker - DotHabit	4	2020-04-14	prior:?ALL,?CAL	?WEEKG
1004	8da09afd-230b-440c-b73a-6a9e9b792e90	play	124. Habit Streak Tracker - DotHabit	4	2020-09-10	prior:?ALL,?CHART	?TREND
1005	55be86a8-adbd-4d6b-9858-ae6cac183326	play	124. Habit Streak Tracker - DotHabit	5	2020-05-21	new:weekly stat	?RPT
1006	b2a97294-52a2-4b26-9e63-741b0af23e85	play	125. 21 Days Challenge	4	2024-09-16	new:completed day	NA
1007	b1d2b182-7508-4fe7-9900-396618434cde	play	125. 21 Days Challenge	2	2023-03-20	new:Completed days	NA
1008	7cb87184-2497-43ae-b495-e9070f62e49e	play	125. 21 Days Challenge	5	2021-02-14	new:full days	NA
1009	5d30ef7a-6719-42a9-829d-d6a6f03bb090	play	125. 21 Days Challenge	5	2020-10-11	new:perfect day	NA
1010	dce6d428-a63a-49e4-ae11-3646ffee9e86	play	125. 21 Days Challenge	4	2020-08-27	new:since last week	NA
1011	805e46f9-68bf-4497-87cb-dc8538b6e988	play	130. Way of Life - habit tracker	5	2023-05-13	prior:ALL; new:overall score	+PCT
1012	e6dd0f05-b8f1-43c7-ba9f-07664000c97a	play	130. Way of Life - habit tracker	5	2020-03-27	new:weekly view	?PCT
1013	818f583a-06a2-48e8-bd6a-1238d4985d91	play	133. Respawn - Routines & Habits	5	2024-09-26	new:overall performance	NA
1014	3d6924fb-1aae-4d24-904b-19d2520c543f	play	133. Respawn - Routines & Habits	4	2023-03-12	prior:?CHART,ALL,PCT; new:overall progress	?TREND,?PREV
1015	0ef7ff17-0917-4080-8dab-265417ca50d0	play	14. Habit Pixel - Streak Tracker	5	2025-11-04	prior:ALL	+WEEKG
1016	8c5f78aa-be1e-4ea1-98da-a26ff66501f6	play	14. Habit Pixel - Streak Tracker	5	2025-08-02	prior:ALL; new:all my habits at a glance	+WEEKG
1017	266b75e6-586a-4ccd-acd9-408de1dd2a94	play	14. Habit Pixel - Streak Tracker	5	2025-12-19	prior:?ALL	?PCT
1018	31201f7d-496c-4078-92d4-afd26bf3bab7	play	15. Habit Tracker - HabitGenius	5	2025-11-24	new:best habit	NA
1019	18b2c898-f99d-4421-88c4-3eded7bf8d49	play	15. Habit Tracker - HabitGenius	5	2025-09-04	new:best habit	NA
1020	da7c971a-2598-4aec-8d5d-8a1545210cc7	play	15. Habit Tracker - HabitGenius	5	2025-03-22	new:Best habit	NA
1021	6eede507-81b0-4634-8765-c91a42bc069f	play	15. Habit Tracker - HabitGenius	5	2025-02-21	new:Best habit	NA
1022	d7b866a0-a3f7-42c0-93b1-0bd63854c5ea	play	15. Habit Tracker - HabitGenius	5	2025-01-11	new:Best habit	NA
1023	7b4168cc-dd55-4ec6-b2da-578af3c71dbc	play	15. Habit Tracker - HabitGenius	5	2024-10-26	new:Best habit	NA
1024	6b5b69c6-f268-4429-821e-524a5dd0d5e5	play	18. Habit Tracker - Habit Radar	4	2025-07-08	prior:ALL; new:overall view	+RPT
1025	a89b3e29-80fe-4356-be03-ef3d58989721	play	18. Habit Tracker - Habit Radar	5	2025-07-01	prior:ALL; new:overall view	+RPT
1026	1594ecf9-375a-43c0-9a4d-b7f7ce0d443e	play	18. Habit Tracker - Habit Radar	4	2025-06-24	new:weekly view	+WEEKG
1027	d116bb97-347c-4253-a50a-5d18fca4dde8	play	18. Habit Tracker - Habit Radar	5	2025-05-07	new:best habit	NA
1028	b01b7efe-81ed-4daf-a0dd-62957dee1bd9	play	19. TheFor - Habit Tracker	5	2026-01-02	new:overall progress	+PCT,CONF
1029	895edc5a-1ca6-46a0-b2c1-364dccd20a93	play	19. TheFor - Habit Tracker	5	2025-01-17	new:overall progress	+HAB
1030	76395b5b-cd85-47ba-a8c9-15c0091a0303	play	19. TheFor - Habit Tracker	4	2024-12-26	new:all my habits in one	NA
1031	d9f47220-1ca5-443b-a977-b0ef18b8416b	play	19. TheFor - Habit Tracker	4	2024-03-18	new:all the habits together	NA
1032	0a07cc54-1ce9-4923-b771-569b0eda85b3	play	19. TheFor - Habit Tracker	5	2024-02-08	new:weekly view	+WEEKG
1033	1863c7b9-21b8-4e05-8848-6fb120a0027c	play	19. TheFor - Habit Tracker	4	2024-02-02	new:overall view	GEN
1034	4dd7ebcd-ce73-45d4-89a1-2d1dcd179fe4	play	19. TheFor - Habit Tracker	4	2023-09-15	new:overall stat	?HAB
1035	6d7c2d99-ba03-465a-9f5e-95fc495da4b8	play	2. HabitNow Daily Routine Planner	5	2023-03-14	prior:?ALL,?WEEK,?RPT	?TREND
1036	d9e4a09c-2999-4b89-9fb2-773a7ad5ae62	play	2. HabitNow Daily Routine Planner	4	2026-07-06	prior:?ALL,?PCT	?DAYNM
1037	c8413306-b0da-4655-9bc5-4174425a12c3	play	2. HabitNow Daily Routine Planner	5	2021-05-05	prior:?ALL	?TREND,?PCT
1038	448d19f0-12f9-4bc8-90d2-2da190c90225	play	2. HabitNow Daily Routine Planner	4	2020-07-07	prior:?ALL	?WEEKG
1039	560b6db5-ce06-4495-b1e3-13afd8cfded6	play	2. HabitNow Daily Routine Planner	5	2026-02-06	prior:?ALL	+DAYNM
1040	181bd3e5-5e93-4f90-9b7a-a2af8df7f1e1	play	2. HabitNow Daily Routine Planner	5	2025-08-25	prior:ALL,XCLUTTER	SIMPLE
1041	2acc7a68-95be-4dc3-927f-102a413ef04f	play	2. HabitNow Daily Routine Planner	4	2023-11-04	prior:?ALL,?GRP,XFIND	?WEEKG
1042	7ad3cdba-4097-4c3f-9531-62588923b6e3	play	2. HabitNow Daily Routine Planner	5	2022-02-11	prior:ALL,STAT	GEN
1043	8de189d2-29b6-4bba-8ef5-b8e9fedddd4f	play	2. HabitNow Daily Routine Planner	5	2022-01-06	prior:?ALL	?PCT
1044	c98f116b-bf05-418e-a8e8-2973c3c1598c	play	2. HabitNow Daily Routine Planner	3	2021-05-03	prior:?ALL	?PCT
1045	a2b8b9b8-d6c1-4835-918e-2ede68953c63	play	2. HabitNow Daily Routine Planner	5	2019-10-30	prior:?ALL	?PCT
1046	10b3547a-37ee-42a9-9f15-1665f8b9a251	play	2. HabitNow Daily Routine Planner	3	2026-08-16	prior:?ALL,XFIND	?HAB
1047	c923a5f0-b291-41bd-a873-1ab545dbb08f	play	2. HabitNow Daily Routine Planner	4	2026-06-18	prior:XGATE,ALL; new:overall progress	+TREND,+HAB
1048	1eed715e-4c2e-4dcc-b025-f9b795892b0e	play	2. HabitNow Daily Routine Planner	5	2026-06-08	new:habit score	NA
1049	b6de5039-4121-4a1c-910e-f3061e076d7a	play	2. HabitNow Daily Routine Planner	3	2026-04-14	prior:?ALL,?YEAR	?DAYNM
1050	a22e56df-05f6-43aa-9fca-fc2f6e91e97b	play	2. HabitNow Daily Routine Planner	4	2026-03-26	prior:?ALL,?PCT; new:all habits in one	?WEEKG,?PCT
1051	376896c0-e5e3-4be5-b17d-4334e2eed1e0	play	2. HabitNow Daily Routine Planner	5	2026-02-23	prior:?ALL,?PCT	?DAYNM
1052	994bd795-72d4-4a66-ab51-76c083192eca	play	2. HabitNow Daily Routine Planner	4	2026-02-19	prior:?ALL; new:Best habit	?DAYNM,?TREND
1053	db850abe-1f53-4788-829a-0611a8a7a2d9	play	2. HabitNow Daily Routine Planner	5	2026-02-19	prior:?ALL	?TREND
1054	477d591e-f5e2-4f5b-a13b-7eb141f6b28a	play	2. HabitNow Daily Routine Planner	5	2026-02-05	prior:?ALL,?PCT	?PCT
1055	ea8ab024-909f-448f-b5bb-15958b132134	play	2. HabitNow Daily Routine Planner	3	2026-01-28	new:best habit	NA
1056	008ea410-1061-460c-a1e9-2619461513a6	play	2. HabitNow Daily Routine Planner	5	2026-01-25	new:best habits	NA
1057	09aec9a5-4a06-401f-92c4-0b1fa0d453a3	play	2. HabitNow Daily Routine Planner	3	2026-01-15	prior:?ALL	?HAB
1058	c6781a94-f4d9-4b0a-aae3-c7032348a975	play	2. HabitNow Daily Routine Planner	4	2026-01-06	prior:?ALL	?PCT
1059	2bd2c82d-4dfe-4031-a9d3-4afe0dcd31c2	play	2. HabitNow Daily Routine Planner	5	2025-12-29	prior:?ALL	?TREND
1060	a973b62a-face-4075-baf9-3e6ff1db63be	play	2. HabitNow Daily Routine Planner	5	2025-12-13	prior:?ALL,?WEEK	?HAB
1061	b6f83d6b-a7f5-4813-b0a9-1e3530d26af9	play	2. HabitNow Daily Routine Planner	4	2025-12-11	prior:?ALL,?PCT	?DAYNM,?TREND
1062	ee6deb54-b60a-4810-b407-992177715a74	play	2. HabitNow Daily Routine Planner	5	2025-11-28	prior:?ALL	NA
1063	d75c0ae5-ce64-49de-89e5-e5640ed7f1bb	play	2. HabitNow Daily Routine Planner	2	2025-09-18	prior:?ALL,?MILE; new:Overall Score	?PCT
1064	3bcdbb64-b37e-4560-8558-cf9b425ea123	play	2. HabitNow Daily Routine Planner	4	2025-09-11	prior:?ALL	?PCT
1065	fab106a2-face-4b04-ae0e-c572ad1a2d19	play	2. HabitNow Daily Routine Planner	4	2025-08-14	prior:?ALL,?STRK	?FSTRK
1066	92107bf1-277f-4c79-9479-2740627b2e17	play	2. HabitNow Daily Routine Planner	5	2025-07-24	new:Best habits	NA
1067	ec4b9ff6-61b7-44db-9e60-357633a98ea4	play	2. HabitNow Daily Routine Planner	5	2025-07-11	prior:?PAT,?ALL; new:combined stat	?TREND,?PAT
1068	da15f0a6-f6af-494b-b347-28a73d2c6654	play	2. HabitNow Daily Routine Planner	1	2025-06-19	new:habit score	?PCT
1069	c227001a-2895-49bc-b15e-2d5c68716a44	play	2. HabitNow Daily Routine Planner	4	2025-05-29	prior:?ALL,?PCT,?CAL	?DAYNM
1070	ed8c9201-91c2-4d4a-ae77-17b31ed339cb	play	2. HabitNow Daily Routine Planner	5	2025-05-26	prior:?ALL,?EXP	?RPT
1071	4531d959-ddfe-4ca1-bb8f-3f215b2b9f66	play	2. HabitNow Daily Routine Planner	4	2025-05-16	prior:?ALL,?CAL,?PAT	?WEEKG
1072	a5005f17-1a81-4cae-b86c-dca235e9c669	play	2. HabitNow Daily Routine Planner	3	2025-05-06	prior:FORG,?ALL,?WEEK; new:weekly view	?WEEKG
1073	5f0384a2-feb8-4625-a2a5-70a35a256c91	play	2. HabitNow Daily Routine Planner	4	2025-04-18	new:overall progress	?CAT
1074	c6e27839-b6fc-4648-a58b-615d05671e26	play	2. HabitNow Daily Routine Planner	5	2025-03-06	prior:?ALL,?CAL	?DAYNM
1075	baac5c31-7705-43c8-81fe-4e30cb2b00b1	play	2. HabitNow Daily Routine Planner	5	2025-02-04	new:completed days	NA
1076	a30ebe04-d81e-4820-b64a-b90e8ac9ff59	play	2. HabitNow Daily Routine Planner	5	2025-01-21	prior:?ALL,?YEAR; new:general overview	?TREND
1077	13fa8c44-5889-4fdf-a2e8-8daf9a0efd7f	play	2. HabitNow Daily Routine Planner	4	2025-01-01	prior:?ALL	?PCT
1078	d861fc22-27ea-41e3-8aa7-142061e2b53d	play	2. HabitNow Daily Routine Planner	3	2024-12-24	prior:?ALL,?PCT; new:global stat	?PCT,?PREV
1079	4008139d-5e87-455d-b797-f34ab10b7202	play	2. HabitNow Daily Routine Planner	1	2024-12-21	prior:XTHIN,?ALL; new:overall performance	?PCT
1080	ead6336e-4dc8-4098-be4e-d6b66b2ef1b7	play	2. HabitNow Daily Routine Planner	3	2024-11-30	prior:?ALL,?TOT	?TOT
1081	2dacd22c-1625-485a-8145-ba501d04c2db	play	2. HabitNow Daily Routine Planner	5	2024-10-16	new:how many habits I	?DAYNM
1082	a6de32da-8c6e-4dc5-9ae9-ea3280611a13	play	2. HabitNow Daily Routine Planner	4	2024-08-30	prior:?ALL,?RPT	?TREND
1083	da2224ec-1d10-4293-980a-096c3aa0ba70	play	2. HabitNow Daily Routine Planner	5	2024-08-24	prior:?ALL,XLOST; new:all habits together	?TREND
1084	2e99d645-12bb-493d-9ff6-24ca354b7825	play	2. HabitNow Daily Routine Planner	4	2024-07-29	prior:?ALL	?HAB
1085	d74a3753-0863-43e1-9816-8d0267316fe2	play	2. HabitNow Daily Routine Planner	5	2024-07-13	new:overall rate	?PERIOD
1086	213abd0d-38bc-4e33-9446-cde1c7610a8f	play	2. HabitNow Daily Routine Planner	5	2024-07-03	new:complete day	NA
1087	e8ec534c-381b-4f6c-b5bd-fce43064c0ec	play	2. HabitNow Daily Routine Planner	2	2024-07-01	prior:?ALL,?CHART	?TREND
1088	9734a1fc-498f-4464-a79a-32c5d2ee28dc	play	2. HabitNow Daily Routine Planner	4	2024-06-27	new:weekly summary	?RPT
1089	7479059e-7575-42bc-bee9-aac00ccc7065	play	2. HabitNow Daily Routine Planner	5	2024-06-17	prior:?ALL,?GRP	?CAT
1090	beb9ef08-3794-450d-a503-f8c70265a9c7	play	2. HabitNow Daily Routine Planner	5	2024-04-19	new:all my habits done	+HAB,+NONDAILY
1091	61e262e5-8014-479d-bffe-89fad8a2221e	play	2. HabitNow Daily Routine Planner	4	2024-04-10	new:completed day	?DAYNM,?TOT
1092	28a03ce5-4e56-430c-be1b-29ab629bb184	play	2. HabitNow Daily Routine Planner	5	2024-02-28	prior:?ALL	?RPT
1093	90ce93c2-5430-4b34-96c5-a9981bada04f	play	2. HabitNow Daily Routine Planner	4	2024-02-23	prior:?ALL; new:overall score	?PCT
1094	91952d39-7b69-4680-af18-0f91f26623b1	play	2. HabitNow Daily Routine Planner	5	2024-02-07	new:all my habits in one	NA
1095	8abaadc5-5eb5-4642-96c3-6b09de3833d9	play	2. HabitNow Daily Routine Planner	4	2024-01-13	new:since last week	NA
1096	4289afb7-50cb-4dcb-86c0-c361b51d430c	play	2. HabitNow Daily Routine Planner	3	2024-01-05	prior:?ALL; new:overall stat	?PCT,?HAB
1097	7a63fc59-987b-4e4d-bef6-980dd81151a0	play	2. HabitNow Daily Routine Planner	5	2024-01-04	prior:?ALL,?CAL	?WEEKG
1098	441fcfba-7301-48e9-a037-8db4d0af36cf	play	2. HabitNow Daily Routine Planner	4	2024-01-02	prior:XFIND,?ALL	?HAB
1099	34be5ca4-5777-41d9-a970-9218eac06eb1	play	2. HabitNow Daily Routine Planner	5	2023-12-28	prior:?ALL	?WEEKG
1100	9f5a146a-9596-4287-9265-a01083e19f7a	play	2. HabitNow Daily Routine Planner	4	2023-12-09	prior:?ALL; new:habit score	?PCT
1101	2622560b-331d-484c-95e2-38164951e723	play	2. HabitNow Daily Routine Planner	3	2023-10-22	prior:?ALL,XFIND	?PCT,?HAB
1102	004e6503-6ca4-47c2-9d29-778fa5fa561d	play	2. HabitNow Daily Routine Planner	4	2023-10-15	new:week-to-week	?WEEKG
1103	23ae0089-d82b-4246-ae90-eea4baf07fea	play	2. HabitNow Daily Routine Planner	4	2023-10-07	prior:?ALL; new:all habits on one	?HAB
1104	7e42b892-35c8-47d3-8db9-58a8a2df00f4	play	2. HabitNow Daily Routine Planner	4	2023-10-04	prior:?ALL,XLOST	?RPT
1105	225228a5-d053-44ad-933d-aba9952ce2fc	play	2. HabitNow Daily Routine Planner	2	2023-09-16	prior:?ALL,XFIND	?TREND,?HAB
1106	221e4dc8-d0d1-4e9a-8d1f-3e884aaa34f0	play	2. HabitNow Daily Routine Planner	5	2023-09-11	prior:?ALL,?PAT; new:one need improvement	?HAB
1107	db5e8582-7bd2-419e-9847-6571373c2a0c	play	2. HabitNow Daily Routine Planner	5	2023-08-29	new:Best habit	NA
1108	2d8c59c0-3b3c-476f-bd43-203d25999058	play	2. HabitNow Daily Routine Planner	5	2023-08-15	new:best habit	NA
1109	8502b10c-b560-4c64-aea5-e053bbaa442d	play	2. HabitNow Daily Routine Planner	5	2023-07-08	prior:?ALL; new:all the habits combined	?DAYNM
1110	e1b753e0-416f-4660-98fa-fe84bae338fa	play	2. HabitNow Daily Routine Planner	4	2023-05-22	new:perfect day	?FULL,?FSTRK
1111	e1be2450-6a5e-43fc-b7f7-68d5136a5d7e	play	2. HabitNow Daily Routine Planner	5	2023-05-11	new:overall overview	?RPT
1112	82224478-a7b7-4475-bdf4-f20bd67982a5	play	2. HabitNow Daily Routine Planner	4	2023-05-07	prior:?ALL,?PCT; new:habit score	?DAYNM,?PCT
1113	ad6cab73-701a-4efb-a53f-bbb26e574d07	play	2. HabitNow Daily Routine Planner	5	2023-04-16	prior:?ALL	?WEEKG,?HAB
1114	34c78831-a54d-4af3-a5d5-7fad86ec4e74	play	2. HabitNow Daily Routine Planner	4	2023-04-05	prior:?ALL,?PCT	?PCT
1115	15199101-e283-4507-b97f-32443b7bacbe	play	2. HabitNow Daily Routine Planner	5	2023-03-22	new:best habit	NA
1116	546dfe31-14e1-48aa-9274-0bde11d926cd	play	2. HabitNow Daily Routine Planner	3	2023-03-10	prior:?ALL; new:overall score	?HAB,?PCT
1117	350afaff-a669-4e21-abdb-93a9a6579bbf	play	2. HabitNow Daily Routine Planner	3	2023-03-07	prior:?ALL,?PAT; new:week over week	?PREV
1118	bfb4ccf5-a0c2-457c-9058-dfe8a38b03ed	play	2. HabitNow Daily Routine Planner	4	2023-02-15	prior:?ALL,?PAT; new:combined chart	?HAB
1119	a485a6b4-7144-4355-b661-e6bedb3d8955	play	2. HabitNow Daily Routine Planner	5	2023-01-06	new:Best habit	NA
1120	99c7a73d-5a8d-48f9-8a11-69746f525fa2	play	2. HabitNow Daily Routine Planner	4	2023-01-04	prior:?ALL,?CAL,?LONG	?WEEKG,?TREND
1121	ec580dc1-a5e6-41b8-862b-8790451eb0b7	play	2. HabitNow Daily Routine Planner	4	2022-12-31	prior:?ALL,?RPT	?RPT
1122	4061c438-3cf9-4dc1-bef7-380a05e55f3e	play	2. HabitNow Daily Routine Planner	5	2022-12-25	prior:?ALL	?PCT
1123	66a0ba47-a8ff-4bbf-9a3d-d90b37328463	play	2. HabitNow Daily Routine Planner	4	2022-10-24	prior:?ALL,?TOT	?TREND,?TOT
1124	6ad3b25a-2b61-4848-9c90-398f63a97f4e	play	2. HabitNow Daily Routine Planner	4	2022-10-02	prior:?ALL,?TOT,?CHART	?DAYNM,?TREND
1125	131f4112-62f6-45e5-be00-4ecd52046282	play	2. HabitNow Daily Routine Planner	4	2022-07-31	prior:?ALL,?PAT	?HAB
1126	3e0b5ae2-cf51-4280-8803-fcda678efca1	play	2. HabitNow Daily Routine Planner	4	2022-07-30	prior:XFIND,?ALL	?HAB
1127	63c493c9-498f-48e5-a444-c1fa5f1a425d	play	2. HabitNow Daily Routine Planner	1	2022-07-03	new:how many habits i	NA
1128	816a847f-6ed9-4358-8d8c-95465b89ccae	play	2. HabitNow Daily Routine Planner	4	2022-06-12	prior:?ALL,?PAT	?HAB
1129	65c12637-d551-4224-bea4-d74ab9c9b42d	play	2. HabitNow Daily Routine Planner	4	2022-06-07	prior:?ALL,?GRP; new:overall success	?DAYNM,?CAT
1130	462356a2-5d27-4b09-90c1-7a42bd5d2061	play	2. HabitNow Daily Routine Planner	5	2022-03-07	prior:?ALL	?RPT
1131	79d2a669-aeec-44ce-8c85-d3e28e3866d8	play	2. HabitNow Daily Routine Planner	5	2022-03-06	prior:?ALL; new:global stat	?PCT
1132	84fc4f7d-b92e-4e46-bc1d-6ed3a5f1c32d	play	2. HabitNow Daily Routine Planner	5	2022-02-20	new:weekly view	?WEEKG
1133	55ee9e8b-4c4d-4cbb-bbae-176b6a61893e	play	2. HabitNow Daily Routine Planner	5	2022-02-19	new:Weekly view	NA
1134	78967cf7-6a8d-4cf7-9ebd-44a9220ba9f5	play	2. HabitNow Daily Routine Planner	3	2022-01-20	new:weekly progress	?RPT
1135	5c2a2eff-fa23-4cb6-94f2-4825d61bfcb6	play	2. HabitNow Daily Routine Planner	5	2022-01-07	prior:?ALL	?RPT
1136	7d32aa38-fe91-49bd-9663-80bba43adddc	play	2. HabitNow Daily Routine Planner	5	2022-01-03	prior:?ALL	NA
1137	285eec96-9395-453d-821f-a8ff45b6856f	play	2. HabitNow Daily Routine Planner	5	2021-12-25	new:best habit	NA
1138	e044f24e-b7a4-449d-94ff-c9cd025963cd	play	2. HabitNow Daily Routine Planner	5	2021-12-22	new:weekly total	?TOT,?PREV
1139	08646f50-6a6a-4358-a8b2-3c38c3643277	play	2. HabitNow Daily Routine Planner	5	2021-12-16	new:weekly progress	NONDAILY
1140	f0ea477e-d5dd-4d16-9145-6e1b93f0c7ea	play	2. HabitNow Daily Routine Planner	3	2021-10-27	new:overall progress	?PART
1141	a2096426-8ae0-489d-8dd1-2d186705ea9f	play	2. HabitNow Daily Routine Planner	5	2021-10-23	new:all my tasks done	NA
1142	dc40e861-9f92-4f2e-a92e-71bbf04d3c03	play	2. HabitNow Daily Routine Planner	3	2021-10-10	prior:?ALL	?TREND
1143	1e9b4e9d-a8af-4b38-9f64-352f3a57b205	play	2. HabitNow Daily Routine Planner	4	2021-09-22	prior:?ALL,?CAL,?DAYD	?HAB,?FULL
1144	c0767d5b-2c01-4dd6-aa36-a87de5dc779e	play	2. HabitNow Daily Routine Planner	5	2021-09-19	prior:ALL	+RPT
1145	04b2dc3e-7a67-4241-85d5-8c374ad06b9a	play	2. HabitNow Daily Routine Planner	3	2021-05-09	prior:?ALL,PCT	?HAB
1146	5986b40d-07f3-4b59-a4e5-5d8a05804047	play	2. HabitNow Daily Routine Planner	3	2021-05-03	prior:?ALL	?HAB
1147	08e018db-1ccf-4e65-b08c-cb301776c054	play	2. HabitNow Daily Routine Planner	5	2021-02-04	prior:?ALL,?LONG,?TOT; new:habit score	?HAB,?PCT
1148	eea5f874-1e8b-4986-9441-3d91e02cd911	play	2. HabitNow Daily Routine Planner	4	2021-01-21	prior:?ALL,?WEEK	?WEEKG
1149	924fdcb9-64c8-44ee-a9b0-fbd6ce5b3e19	play	2. HabitNow Daily Routine Planner	4	2021-01-18	prior:?ALL,?CAL; new:completed days	?FULL,?WEEKG
1150	ec9495e4-647d-4bcf-a72b-f958eadee5c4	play	2. HabitNow Daily Routine Planner	5	2021-01-18	prior:?ALL,?PAT	?HAB
1151	07cabbe8-6187-4fff-a68e-c2b550cf91c9	play	2. HabitNow Daily Routine Planner	5	2021-01-12	prior:?ALL,?PCT; new:overall score	?PCT
1152	e5e7dcfa-c5dc-4f61-ac58-0e839234b99a	play	2. HabitNow Daily Routine Planner	5	2021-01-05	prior:?ALL,?WEEK; new:weekly dashboard	?RPT,?WEEKG
1153	b8f8084d-77bf-4023-8174-96df3c96ce34	play	2. HabitNow Daily Routine Planner	5	2021-01-01	new:all habits combined	?PCT
1154	e2fef552-3544-49a9-befd-2b74d506210f	play	2. HabitNow Daily Routine Planner	5	2020-12-19	new:all my tasks done	NA
1155	d1d51e20-7dfb-4bea-82e6-504106128b59	play	2. HabitNow Daily Routine Planner	5	2020-12-16	new:habit score	+PCT
1156	5f859344-d082-4af9-8a15-d1713f702e6d	play	2. HabitNow Daily Routine Planner	4	2020-12-14	prior:?ALL,?PCT; new:overall score	?DAYNM,?PART,?PCT
1157	53d05a77-686c-4e45-b4f1-c3682066bd3e	play	2. HabitNow Daily Routine Planner	4	2020-08-26	prior:?ALL,?WEEK	?WEEKG,?NONDAILY
1158	a34d4b87-aae6-4ff6-b458-8529374266e8	play	2. HabitNow Daily Routine Planner	5	2020-08-25	prior:?ALL,?RPT; new:all habits done	?RPT
1159	58cb8bf8-1b1b-4465-a965-28b16aa0f8b2	play	2. HabitNow Daily Routine Planner	4	2020-06-22	prior:?ALL,?EXP	?TREND
1160	5dbacb86-09a2-45ab-9643-7045019222e7	play	2. HabitNow Daily Routine Planner	4	2020-06-18	prior:?ALL	?DAYNM
1161	292d8b44-4d8b-4111-8d2c-26bf175ebbca	play	2. HabitNow Daily Routine Planner	4	2020-05-26	prior:?ALL; new:overall stat	?PCT
1162	8db21312-0e30-48ac-b872-44aaa8a039c4	play	2. HabitNow Daily Routine Planner	4	2020-05-10	prior:?CHART,?ALL	?DAYNM,?TREND
1163	8750dec8-83f0-474f-948a-f914b55791e4	play	2. HabitNow Daily Routine Planner	4	2020-05-08	new:weekly progress	?WEEKG
1164	ff7a5f87-f7f4-461f-a238-64616c014bd3	play	2. HabitNow Daily Routine Planner	4	2020-04-09	prior:?ALL; new:best habit	?HAB
1165	8d8db019-f800-4bcc-a964-3c6731a2a1c7	play	2. HabitNow Daily Routine Planner	4	2020-04-06	prior:?ALL,?CAL	?FULL,?FSTRK
1166	c20d74fb-b18f-4e15-9078-cb12b703d4d6	play	2. HabitNow Daily Routine Planner	4	2020-03-28	prior:?ALL,?CHART; new:weekly progress	?DAYNM,?TREND
1167	f9c1575a-fa5a-4413-a6e2-e6d9e0232554	play	2. HabitNow Daily Routine Planner	5	2020-03-14	new:overall success	+HAB
1168	473fe7f9-44a2-41d3-ae16-4fd038dba409	play	2. HabitNow Daily Routine Planner	4	2026-01-22	prior:?CAL,?ALL	?WEEKG
1169	2ccba989-3401-4382-9f52-3c6e4e83e90b	play	2. HabitNow Daily Routine Planner	4	2025-12-30	prior:?ALL,?CAL	?PCT
1170	d2af2da7-52d3-4d9c-9dca-3f88e54b04bc	play	2. HabitNow Daily Routine Planner	3	2025-07-02	prior:?ALL	?RPT
1171	c77daf27-2251-4964-86da-b003cbf74e12	play	2. HabitNow Daily Routine Planner	4	2025-04-11	prior:?ALL	+DAYNM
1172	29a003d7-6422-4658-94a9-6508df4b50ac	play	2. HabitNow Daily Routine Planner	4	2024-09-06	prior:?ALL	?TREND
1173	0e882071-def0-462f-b809-b9600f86bbe5	play	2. HabitNow Daily Routine Planner	5	2024-09-05	prior:?ALL	?TREND
1174	9a0c8afc-4e14-404a-ac61-f315ea39ec47	play	2. HabitNow Daily Routine Planner	5	2024-06-08	prior:?PART,?ALL	?PCT
1175	7de4363d-b0a8-42ff-bad9-83dbf1264c84	play	2. HabitNow Daily Routine Planner	3	2024-02-04	prior:XTHIN,XFIND,?ALL	?PCT
1176	4cf56213-9a63-4607-a5bf-f474fa05a192	play	2. HabitNow Daily Routine Planner	4	2024-01-28	prior:?ALL,?PCT	?PCT
1177	f75258eb-5061-48bd-909a-c7428fc05fa1	play	2. HabitNow Daily Routine Planner	4	2024-01-01	prior:?ALL	?PCT
1178	24afdd4c-b1ec-4b08-90cc-254b87239d1f	play	2. HabitNow Daily Routine Planner	4	2023-10-03	prior:XWRONG,?GRP,?ALL	?PCT,?CAT
1179	b67235fe-3094-447a-a333-08953bdd05f6	play	2. HabitNow Daily Routine Planner	5	2023-01-03	prior:?ALL	?PCT
1180	e6834259-23ad-481e-bf31-196e38b16a51	play	2. HabitNow Daily Routine Planner	4	2022-08-16	prior:?ALL	?PCT,?DAYNM
1181	d0ab1f56-dd46-4797-906e-61e57d723c53	play	2. HabitNow Daily Routine Planner	5	2022-01-10	prior:?ALL	?PCT
1182	90c5090d-864a-4383-8621-a90863d57e7e	play	2. HabitNow Daily Routine Planner	5	2022-01-03	prior:?ALL,?MILE	?PCT,?FSTRK
1183	14cde26a-4063-4f70-aee0-20cade39aa70	play	2. HabitNow Daily Routine Planner	4	2021-06-12	prior:?ALL	?TREND
1184	9209004c-abda-42c5-af13-6bb89325522d	play	2. HabitNow Daily Routine Planner	4	2021-03-09	new:all habits in one	?WEEKG
1185	973b5ffe-db4d-4e30-b55f-7e5715f26bc0	play	2. HabitNow Daily Routine Planner	5	2021-01-27	prior:?ALL	?TREND
1186	b91388f6-4872-46a8-aabd-5f2645ec6e28	play	2. HabitNow Daily Routine Planner	5	2020-11-30	prior:?ALL,?PAT	?TREND,?HAB
1187	00ba955b-9a17-4061-b62d-b4c05eff54ac	play	2. HabitNow Daily Routine Planner	4	2020-11-19	prior:?ALL	?TREND
1188	3941a41e-202a-4f4b-b089-50000f0c487a	play	2. HabitNow Daily Routine Planner	5	2020-06-10	prior:?ALL,?PAT	?PCT,?HAB
1189	5fa0799b-1aad-48dc-a087-647f91c29264	play	2. HabitNow Daily Routine Planner	4	2020-06-03	prior:?ALL,?PCT	?TREND,?PCT
1190	faee3d47-251b-4c4f-994d-abeef69699a1	play	2. HabitNow Daily Routine Planner	5	2020-01-23	prior:?ALL	?PCT
1191	22c16de6-8be8-47a4-8da0-d49e643e22ba	play	2. HabitNow Daily Routine Planner	4	2019-12-12	prior:?ALL,?RPT	?RPT
1192	cdd8dad5-8d2e-4e1a-b7ae-62d59f87a960	play	2. HabitNow Daily Routine Planner	5	2023-11-29	new:Best habit	NA
1193	bec63abd-e5a6-4936-9d6d-574eb0aa626d	play	2. HabitNow Daily Routine Planner	4	2024-09-21	new:general success	?PCT
1194	7dcb4e26-2d5d-4127-a895-a9ce9b48ce9e	play	2. HabitNow Daily Routine Planner	4	2024-02-06	prior:?ALL	?PCT
1195	f5b3d45f-63a3-4638-82f1-70a22a3d8a2c	play	2. HabitNow Daily Routine Planner	5	2021-01-01	prior:?ALL; new:global performance	?DAYNM
1196	4f121790-692f-4361-bd58-1c41a10d03d2	play	2. HabitNow Daily Routine Planner	4	2020-06-17	new:general score	?PCT
1197	22245a4c-2e3a-4790-adc1-c2c61c71b7bc	play	2. HabitNow Daily Routine Planner	5	2024-01-12	new:on track	NA
1198	b27077b9-1b13-4100-af12-4e3921292582	play	2. HabitNow Daily Routine Planner	3	2024-05-25	prior:?ALL,?PCT	?DAYNM
1199	c0385e9e-01a4-4401-9de3-f6e0a7d19360	play	2. HabitNow Daily Routine Planner	5	2024-03-10	new:all habits together	NA
1200	99e6b4b9-ff0e-4ad5-adbf-5d9205eaf68e	play	2. HabitNow Daily Routine Planner	4	2023-11-14	prior:?ALL,?RPT	?RPT
1201	0bfb8f24-27c9-4f4d-9eb4-f065059da68a	play	2. HabitNow Daily Routine Planner	4	2021-10-01	prior:?ALL	?HAB
1202	5ff3b276-2e7c-459a-a173-b6dbc4c6136f	play	2. HabitNow Daily Routine Planner	5	2021-08-18	prior:?ALL,?RPT	?RPT
1203	28c9c5dd-bde0-4c88-9132-3d074004edae	play	2. HabitNow Daily Routine Planner	4	2026-02-04	prior:XFIND,?ALL	?DAYNM
1204	8195196b-300c-4e7e-879d-72d907061da4	play	2. HabitNow Daily Routine Planner	5	2023-01-17	new:total chart	?TOT,?TREND
1205	2a16dffa-ed50-4744-af24-9f231f6a607d	play	2. HabitNow Daily Routine Planner	5	2024-01-04	prior:?ALL	?PCT
1206	6177dc67-d2c0-492c-ae64-d58e5a64a8da	play	2. HabitNow Daily Routine Planner	5	2022-01-24	prior:?PCT,?ALL	?DAYNM
1207	37a63a43-4adc-4d3c-855b-cc0ac723ae8f	play	2. HabitNow Daily Routine Planner	5	2022-01-05	prior:?ALL,?PCT	?PCT,?PERIOD
1208	d1fb6a31-09e1-4478-827d-8428bfb6b0df	play	2. HabitNow Daily Routine Planner	4	2025-10-26	new:total score	?PCT,+FORGIVE
1209	307cef2e-2567-4181-86ec-e4f40d810b57	play	2. HabitNow Daily Routine Planner	5	2021-05-15	prior:?ALL	?TREND
1210	00673505-12b0-43f2-9f8e-0899c3944323	play	2. HabitNow Daily Routine Planner	5	2026-08-06	prior:?ALL	?TREND
1211	b95a0c7e-515c-4678-bdc9-41ba6c81356b	play	2. HabitNow Daily Routine Planner	5	2026-05-08	prior:?ALL	?RPT
1212	d53ece49-0c14-4c10-8fb4-8ba609b3827c	play	2. HabitNow Daily Routine Planner	3	2026-01-17	prior:?ALL,?GRP,?TOT	?TOT,?CAT
1213	d0ae823a-ac5f-4152-a8e7-d0c1d42118f2	play	2. HabitNow Daily Routine Planner	5	2025-11-29	prior:?ALL	?TREND
1214	aa33bc95-fcc1-4934-920b-799c97538ed6	play	2. HabitNow Daily Routine Planner	4	2025-11-20	new:overall completion	?HAB
1215	75591c49-49db-4889-83ba-dd19f2d0b91c	play	2. HabitNow Daily Routine Planner	5	2025-10-22	prior:?ALL,?PAT	?TREND,?HAB
1216	6714d401-3032-4a95-a22e-cbf3a953c30f	play	2. HabitNow Daily Routine Planner	5	2025-09-30	prior:?ALL,?GRP	?HAB,?CAT
1217	2e6be5a7-0f3e-4f4f-88d2-adb5d4680e2a	play	2. HabitNow Daily Routine Planner	3	2025-07-22	prior:?ALL	?PCT
1218	038b0c6a-0068-45a2-9163-9ebddee24759	play	2. HabitNow Daily Routine Planner	4	2025-06-17	prior:?ALL,?RPT	?WEEKG
1219	27644c5a-1923-4bd5-a02d-6b352aaf0eb1	play	2. HabitNow Daily Routine Planner	5	2024-09-09	prior:?ALL,RPT	?PCT
1220	062740c4-bf01-4b30-a36e-d72c3f919bcc	play	2. HabitNow Daily Routine Planner	4	2024-01-23	prior:?ALL,?PCT,?CAL	?DAYNM
1221	fadae92a-bb8a-4736-a637-3be5bd3095c4	play	2. HabitNow Daily Routine Planner	4	2023-08-02	prior:?ALL,?LONG	?PCT
1222	81ad571e-dde9-48c4-92d4-67b4fd5bf15a	play	2. HabitNow Daily Routine Planner	5	2023-06-09	prior:?ALL	?TREND
1223	574d5ba5-6e2e-411e-8c3c-9325cc845e2f	play	2. HabitNow Daily Routine Planner	5	2023-02-17	prior:?RPT,?PAT,?ALL; new:weekly report	?RPT,?PREV,?DAYNM
1224	127bcaa8-ae26-4148-bd30-cd1b13565242	play	2. HabitNow Daily Routine Planner	5	2023-01-19	prior:?ALL	?TREND
1225	055bd640-7b3e-41c3-946a-6cad9c56f8fc	play	2. HabitNow Daily Routine Planner	5	2023-01-12	prior:?ALL	?TREND,?PREV
1226	ca25f012-0a8c-4738-b6ef-5e70ab7879bb	play	2. HabitNow Daily Routine Planner	4	2022-12-27	prior:?ALL	?PCT
1227	72e156e3-4362-4976-a995-97e69212e731	play	2. HabitNow Daily Routine Planner	4	2022-12-05	prior:?ALL	?TREND
1228	97838436-6917-48b5-9da3-1a7c0f3c208f	play	2. HabitNow Daily Routine Planner	5	2022-09-23	prior:?ALL,?RPT	?RPT
1229	24a42ea5-6a4d-4f59-9648-99f84dfab7b6	play	2. HabitNow Daily Routine Planner	4	2022-06-21	prior:?ALL,?CAL,?PART	?DAYNM,?PCT
1230	0ea37811-0b1e-43b4-917d-3a46fa76dc72	play	2. HabitNow Daily Routine Planner	3	2022-02-25	prior:?ALL	?PCT
1231	b3db699b-07a8-4e55-b7b8-636d1670076e	play	2. HabitNow Daily Routine Planner	5	2022-01-27	prior:?ALL,?CAL	?WEEKG
1232	6a4145ce-a1da-4c28-a614-e2e10d67f035	play	2. HabitNow Daily Routine Planner	5	2021-10-26	prior:?ALL	?PCT
1233	afbbbf68-abd9-49e8-bb94-474edc8a4e65	play	2. HabitNow Daily Routine Planner	4	2021-08-23	prior:?ALL	?TREND
1234	d725af06-65d5-43ea-a4c8-c7e28e6381cd	play	2. HabitNow Daily Routine Planner	4	2021-07-29	prior:?ALL,?GRP,?TOT; new:overall stat	?PCT,?TOT,?CAT
1235	f068718f-e60e-44fc-bc49-c389c6056e30	play	2. HabitNow Daily Routine Planner	5	2023-01-02	prior:?ALL	?PCT
1236	9bc81286-08aa-4321-b51e-7bd311850801	play	2. HabitNow Daily Routine Planner	5	2021-11-28	new:best habit	NA
1237	64238d02-3a55-4934-bc40-34c1ffbc64e9	play	2. HabitNow Daily Routine Planner	5	2025-04-06	prior:?ALL,?RPT	?RPT
1238	f9c812b9-d8fb-4353-8012-d4357e12c526	play	2. HabitNow Daily Routine Planner	5	2025-12-13	prior:?ALL,?STRK; new:habit score	?PCT,?FSTRK
1239	c507ead7-60ad-4601-bf78-e7a18996aa1e	play	20. MyRoutine - Routine Habit Goal	5	2025-07-26	prior:WEEK,ALL,RPT; new:weekly progress	+WEEKG,+RPT
1240	f328972b-6e9e-4ab8-b2d5-f35529cbc704	play	20. MyRoutine - Routine Habit Goal	5	2023-01-07	prior:?GRP,?ALL,?RPT,?YEAR,?PAT	?TOT,?CAT
1241	243c75ad-17f9-42ea-a7f8-890b67e148ed	play	20. MyRoutine - Routine Habit Goal	5	2022-11-15	prior:?PCT,?ALL	?DAYNM,?PCT
1242	9f0b05ba-a32e-4341-8d5e-7fd8bf5bbd07	play	22. Disciplined - Habit Tracker	4	2024-12-09	prior:?ALL,?PCT; new:Overall Graph	?PCT
1243	b1d04075-a39c-44a7-8074-fb2c2a96a1e6	play	22. Disciplined - Habit Tracker	4	2025-07-25	new:overall stat	-PCT
1244	a34bad18-5dc7-4971-abdf-96d3b07fb7dc	play	22. Disciplined - Habit Tracker	5	2024-06-10	prior:?ALL,?WEEK; new:weekly view	?HAB,?WEEKG
1245	4428f2c5-fb97-4e72-b35a-7ed7254213ee	play	22. Disciplined - Habit Tracker	5	2024-12-11	prior:TOT,STAT,ALL	+TOT,+PCT
1246	884fd856-2bca-4a7b-ae0f-2f65eb182c38	play	22. Disciplined - Habit Tracker	4	2024-06-01	prior:?STRK,?PCT,?ALL	?HAB
1247	a80b0e05-3651-4d5a-bf7c-d8368b0f842f	play	24. Habit Tracker	4	2017-02-08	prior:STAT,ALL	+RPT
1248	074b9e99-2679-4d2b-acdb-23742c20ecbf	play	24. Habit Tracker	4	2017-02-08	new:weekly overview	?NONDAILY,?WEEKG
1249	eaba8796-02d2-4c65-b9a0-49367da404e8	play	24. Habit Tracker	5	2016-02-05	prior:?ALL,PCT; new:overall percentage	?PCT
1250	34654c8a-c836-4b72-a43a-f726b8f6e876	play	24. Habit Tracker	5	2016-01-18	prior:WEEK,ALL,STAT; new:Weekly view	+WEEKG,+PCT
1251	95b106fe-00ab-4fd0-979b-cc999ca2eddc	play	24. Habit Tracker	4	2014-06-15	new:overall stat	?HAB
1252	5a5692a6-e380-4a2f-9dbf-9e7515929100	play	24. Habit Tracker	5	2025-07-28	prior:ALL; new:all my habits in one	GEN
1253	54760228-af4a-4422-8131-ba4c12884e9f	play	24. Habit Tracker	1	2025-05-29	new:weekly view	NA
1254	9598c10b-a714-42e6-94ff-3449772f04ec	play	24. Habit Tracker	5	2023-06-15	prior:ALL,PCT; new:all habits together	+PCT
1255	d003e7ce-86d6-40f1-b8d9-9eda39cac557	play	24. Habit Tracker	5	2023-02-20	new:full days	+FULL
1256	00734e71-453b-427f-986f-5b857804c66a	play	24. Habit Tracker	5	2022-05-24	new:weekly progress	+WEEKG
1257	42bc80fd-6900-4342-8314-a3889f70e4de	play	24. Habit Tracker	4	2022-02-01	new:weekly view	NA
1258	a822db55-a9e5-4f3d-93f7-f8f120d5a929	play	24. Habit Tracker	3	2021-05-25	new:weekly view	WEEKG
1259	051607de-1ae0-44ea-94b0-71b1b1a37a4d	play	24. Habit Tracker	5	2021-02-19	new:overall percentage	+PCT,+FORGIVE
1260	83a077dc-1175-4280-8983-ac7cb330d5bd	play	24. Habit Tracker	3	2020-06-11	new:Overall percentage	-PCT,SHAME
1261	22cc2971-5539-4a0d-88dd-601447931fb4	play	24. Habit Tracker	5	2020-05-07	prior:ALL,PCT; new:overall success	+PCT
1262	cf84bc59-a1a9-4c3a-b465-e9b2a5a4277b	play	24. Habit Tracker	2	2020-03-20	new:weekly view	NA
1263	88f9f70c-c5a4-48ef-bbab-0369b52243ff	play	24. Habit Tracker	3	2020-02-18	prior:XWRONG,ALL; new:best habit	-CONF,-TREND
1264	3554d326-ff9c-43d9-a9ee-a6f2427e2da7	play	24. Habit Tracker	4	2019-12-06	new:weekly view	+WEEKG
1265	8e50318c-d161-443f-9a6d-7efcc70efa83	play	24. Habit Tracker	4	2019-11-14	new:weekly view	+WEEKG
1266	02bd8dc3-4ca8-4c02-a048-3cca63bec8d0	play	24. Habit Tracker	5	2019-10-16	prior:ALL,PCT; new:overall percentage	+PCT
1267	1a3c5939-ce90-47a6-bf5e-4a6fe923ac43	play	24. Habit Tracker	5	2019-09-05	prior:ALL,STAT	GEN
1268	28b21912-aeb1-4447-b391-9ccbd1537d5a	play	24. Habit Tracker	5	2019-07-10	new:average progress	+PCT
1269	9a25a14f-09ab-410c-a55a-3a4be393e8b6	play	24. Habit Tracker	4	2019-03-13	new:weekly view	NA
1270	bec522ce-7872-4d81-81b3-f0b668f88e8a	play	24. Habit Tracker	5	2019-01-04	prior:ALL,STAT	+PCT,+HAB
1271	2a78b724-69b3-4f83-98ad-a01669a73622	play	24. Habit Tracker	5	2018-12-02	prior:ALL	GEN
1272	1691e328-79be-4f24-9a56-853881acf0ce	play	24. Habit Tracker	4	2018-10-14	new:weekly review	+RPT
1273	ea50713d-c57f-49df-b349-edb945e9812e	play	24. Habit Tracker	5	2018-09-16	new:overall progress	NA
1274	8bbc108d-4962-4c64-b348-463377350a4d	play	24. Habit Tracker	5	2018-09-13	prior:ALL; new:habit score	+PCT
1275	c708260e-04a8-47d6-982c-84d2604d9c4b	play	24. Habit Tracker	2	2018-05-21	new:weekly view	NA
1276	7e0a2dc3-d473-4b6b-bf30-aa55449b6833	play	24. Habit Tracker	4	2018-05-01	prior:ALL	GEN
1277	bbf79c0b-2e35-4473-96cb-7862f95e3d62	play	24. Habit Tracker	4	2018-03-17	prior:ALL,STAT; new:overall progress	+PCT
1278	3f8019de-ca10-4750-938c-53c7ac2ec0c7	play	24. Habit Tracker	5	2017-12-05	prior:PCT,ALL; new:weekly view	+PCT,+WEEKG
1279	f27434f7-1630-4733-af16-0d562095c8bf	play	24. Habit Tracker	5	2017-10-12	new:overall performance	GEN
1280	13fadee3-56a4-4510-8274-223324d60f2d	play	24. Habit Tracker	5	2017-08-06	prior:WEEK,ALL; new:weekly view	+WEEKG
1281	123fa86e-38e4-4667-b115-c1baef17d8dd	play	24. Habit Tracker	4	2017-01-24	new:Weekly view	NA
1282	17b06624-12b5-4455-93b8-a79f405b50c3	play	24. Habit Tracker	4	2017-01-13	prior:ALL,STAT	+PCT,+HAB
1283	07459cbd-150f-4a0b-84ba-ceebdc299ef6	play	24. Habit Tracker	4	2016-11-30	new:daily score	?DAYNM,?TOT
1284	25ddebfd-6ae7-4d85-b4db-404312f894a4	play	24. Habit Tracker	4	2016-11-09	new:weekly view	NA
1285	b68904b7-b288-48eb-9206-1fa6310c6e45	play	24. Habit Tracker	4	2016-11-05	prior:ALL,?ALL; new:overall completion	?PCT,WEIGHT
1286	45b15190-f248-413c-8f08-4933e142c47c	play	24. Habit Tracker	5	2016-10-26	prior:WEEK,ALL,PCT	+WEEKG,+PCT
1287	1a04850f-4a0d-40b3-95a2-4a8f0b7a4e42	play	24. Habit Tracker	5	2016-09-09	new:total time spent	NA
1288	01c80f4d-6862-428b-9e92-d39aaebbd10b	play	24. Habit Tracker	4	2016-07-22	prior:ALL,STAT	+PCT,+HAB
1289	d286e652-e29d-4b2c-88fa-c4b064ecd05b	play	24. Habit Tracker	5	2016-06-30	new:least consistent	NA
1290	7e5e7788-e435-424d-a2ca-598cca670bf2	play	24. Habit Tracker	5	2016-04-05	prior:?ALL; new:all my habits together	?WEEKG
1291	8906b865-1ba3-4c3a-b907-36557fbd46c5	play	24. Habit Tracker	4	2016-03-10	new:weekly view	NA
1292	dd9ba4db-35ec-4fc0-9e81-dc0abc524fe1	play	24. Habit Tracker	4	2016-01-09	prior:ALL,STAT	+WEEKG
1293	f716bac3-11c8-4c56-ba51-c247581a19d7	play	24. Habit Tracker	5	2015-12-21	new:most successful	NA
1294	61d0584a-5c8d-4c05-8d90-95a251398922	play	24. Habit Tracker	5	2015-12-12	new:all habits at once	?WEEKG
1295	90aa3f26-574f-401d-8697-c80123f190c1	play	24. Habit Tracker	5	2015-11-17	new:weekly overview	+WEEKG,-NONDAILY
1296	07eb173d-3078-40d2-8119-3674c77d59a9	play	24. Habit Tracker	5	2015-11-10	prior:PCT,CAL,ALL	+PCT
1297	beea923e-4e54-4c77-9b3a-675d42824d8f	play	24. Habit Tracker	5	2015-11-05	new:Weekly view	NA
1298	6e034ffb-761f-4d1b-8d99-69e6aede544a	play	24. Habit Tracker	4	2015-10-22	prior:ALL,?ALL,XSHAME; new:weekly view	-FULL,SHAME,+PCT
1299	51a7598c-8175-46b0-adf5-eef70c9b77b9	play	24. Habit Tracker	5	2015-10-12	new:completed days	+NONDAILY
1300	15502830-66b2-4a06-986f-9644d757b071	play	24. Habit Tracker	5	2015-10-07	prior:?ALL,?CAL	?WEEKG
1301	01c3f680-e4ab-4add-9890-373733bd6bfb	play	24. Habit Tracker	5	2015-04-24	new:week to week	+WEEKG
1302	c6507e26-5401-4872-8353-4ae617ad0a0d	play	24. Habit Tracker	5	2015-03-25	prior:ALL,STAT	+RPT
1303	f48b8a81-c4e9-4ed6-8ec6-ebdb5c406dfe	play	24. Habit Tracker	5	2014-08-28	new:weekly view	+HAB
1304	27e9e77c-7a15-49d0-952d-6803dedf56b8	play	24. Habit Tracker	5	2014-07-30	new:weekly view	+WEEKG
1305	64e88d35-734c-42ce-8e1e-26ff6cad394c	play	24. Habit Tracker	5	2014-07-17	new:weekly view	+WEEKG,+NONDAILY
1306	a077c521-3f52-4148-b9d6-ae13f3ccdf95	play	24. Habit Tracker	3	2014-06-03	new:habit score	?CAT
1307	5b7bb5ce-0a73-4b5d-a6c1-979146153822	play	24. Habit Tracker	4	2017-10-24	new:Weekly view	NA
1308	eb9b92a5-6cf1-4101-b78d-1d2c080fad57	play	24. Habit Tracker	4	2022-06-15	new:weekly overview	WEEKG
1309	6d35c059-1e69-424e-b53c-e49a20b696b1	play	24. Habit Tracker	5	2019-02-24	prior:CAL,ALL	+HAB
1310	d3be026d-22c4-4b06-8e46-3b58a7ae4510	play	24. Habit Tracker	3	2016-02-20	new:weekly view	NA
1311	1dd4bd8b-5460-4ae5-89a7-2759d668b423	play	24. Habit Tracker	5	2015-04-21	prior:WEEK,ALL,STAT	+WEEKG
1312	c22df506-040b-4700-be19-dfea00a2f2e7	play	3. Loop Habit Tracker	4	2023-04-27	new:all habits in one	?CAT
1313	4890b404-1fce-46fe-b41c-03d34a13c44e	play	3. Loop Habit Tracker	5	2022-02-27	prior:?ALL,?PCT	?DAYNM
1314	10cc8ce9-b067-45ce-adc4-dca8f4304413	play	3. Loop Habit Tracker	5	2020-12-29	prior:?ALL	?PCT,?TREND
1315	ae3ca3e1-8bbd-41d8-8c67-83ff5a6fb7c6	play	3. Loop Habit Tracker	5	2021-10-18	prior:?ALL,?FORG	?PCT
1316	03221e24-ac1b-46c0-a5f4-900cb2aa73fd	play	3. Loop Habit Tracker	4	2021-01-25	prior:?ALL,?PAT; new:all habits in one	?TREND
1317	5841979c-0903-44be-b087-74e261efb031	play	3. Loop Habit Tracker	3	2020-03-10	prior:?FORG,?ALL	?TREND
1318	3ba719b4-b3c3-47fa-82e4-eac69b1d5cc9	play	3. Loop Habit Tracker	4	2018-08-31	prior:PCT,?ALL; new:overall view	?PCT
1319	77f981ba-6934-47c5-b05f-743e9328c2c6	play	3. Loop Habit Tracker	5	2018-06-08	prior:?ALL,?FORG	?TREND
1320	25a3fe70-2e13-4a1c-8054-ab8277bf6210	play	3. Loop Habit Tracker	5	2017-03-15	prior:?ALL	?HAB
1321	b65289f4-13e4-42ad-b509-ac331cecbf2b	play	3. Loop Habit Tracker	4	2016-08-16	prior:EXP,?FORG,?ALL,?CHART	?TREND,?PCT
1322	2670d179-0a93-4088-9cb6-da3be524ef01	play	3. Loop Habit Tracker	4	2026-09-01	prior:?CAL,?ALL	?RPT
1323	d14d0381-f153-4c34-8358-4441d4028f0f	play	3. Loop Habit Tracker	4	2026-08-13	new:all the habits together	?WEEKG
1324	c0176c6e-9e2c-4446-9edf-04da5998026c	play	3. Loop Habit Tracker	5	2026-08-10	prior:?ALL,?PCT	?DAYNM
1325	fe87139b-d79a-4437-965b-4cf02f806704	play	3. Loop Habit Tracker	5	2026-07-15	prior:?ALL,?RPT	?RPT
1326	ef477b42-640f-4126-b1fa-3960ba8763cd	play	3. Loop Habit Tracker	1	2026-07-06	prior:?ALL; new:all habits together	?TREND
1327	0ba1ea97-2b77-4953-8694-f12148515946	play	3. Loop Habit Tracker	4	2026-05-10	prior:?ALL,?WEEK	?WEEKG
1328	4391e094-31e0-41ba-9d90-bcf210c6c06c	play	3. Loop Habit Tracker	5	2026-05-10	prior:?ALL,?PCT; new:overall score	?PCT
1329	f5815e93-25d3-4334-b13f-f32d06172d0c	play	3. Loop Habit Tracker	4	2026-04-25	new:how many habits I	NA
1330	4ce44db7-8478-4ebd-be30-6b42c3a60988	play	3. Loop Habit Tracker	5	2026-04-19	prior:?ALL	?TREND
1331	49ddfaf2-02ae-41ca-a90b-5701ec3dba94	play	3. Loop Habit Tracker	5	2026-03-23	prior:?ALL; new:overall graph	?TREND
1332	fb4ac204-03ef-442e-b9ea-d8e67b32e0ba	play	3. Loop Habit Tracker	5	2026-02-28	prior:?ALL,?PCT	?DAYNM
1333	4739a951-93e7-44bd-b064-98f7dea97653	play	3. Loop Habit Tracker	5	2026-01-21	new:daily score	?DAYNM
1334	fac72170-df80-42e5-9471-66eccca6ec1c	play	3. Loop Habit Tracker	5	2026-01-05	prior:?ALL,?PAT	?TREND,?HAB
1335	02bf26f2-7c16-4b44-a274-ea8c8cbbec21	play	3. Loop Habit Tracker	4	2025-12-28	prior:?ALL,?RPT; new:total stat	?PCT
1336	e2c6a593-cc54-48c8-8021-a98459f5bac1	play	3. Loop Habit Tracker	5	2025-12-16	new:most consistent	NA
1337	76fc3a7b-23e2-4e57-93c0-262c4233448b	play	3. Loop Habit Tracker	4	2025-12-04	new:overall score	?NONDAILY,?HAB
1338	e38459a8-b7b5-40c1-9674-dc562f8e9df2	play	3. Loop Habit Tracker	3	2025-10-24	prior:?ALL	?TREND
1339	4ffa6cbf-cc00-427d-bbe6-cc348b39d81d	play	3. Loop Habit Tracker	4	2025-10-04	prior:?ALL; new:best habit	?PCT,?HAB
1340	69cf8c16-0da1-4096-9534-2dc64132df98	play	3. Loop Habit Tracker	5	2025-09-18	prior:?ALL	?TREND
1341	ea2ef0d4-aa6f-4b8d-897c-9dbf542cbf8d	play	3. Loop Habit Tracker	4	2025-09-04	prior:?ALL	?DAYNM,?PREV
1342	743a017e-c937-4b6e-bcec-ba44048f8bea	play	3. Loop Habit Tracker	5	2025-09-02	new:most consistent	NA
1343	f61b0feb-9110-4c65-b5c7-80621f600e77	play	3. Loop Habit Tracker	5	2025-07-16	new:completed days	?FSTRK
1344	11a88f99-bd52-4178-9eae-f3bf9dd84baf	play	3. Loop Habit Tracker	3	2025-07-15	new:week by week	?HAB
1345	07fa72d7-a2ec-4c3d-8f8d-2e17d563c7ee	play	3. Loop Habit Tracker	5	2025-07-10	new:daily score	?DAYNM
1346	940e6f2f-1da2-427e-954d-b47e3678e30e	play	3. Loop Habit Tracker	5	2025-06-26	new:habit score	+FORGIVE
1347	34211a90-a43a-4ce3-8511-67b4ab5c3e94	play	3. Loop Habit Tracker	5	2025-05-31	prior:?ALL	?TREND
1348	4bf779a7-0733-4bcf-a922-5ae6f8ecc715	play	3. Loop Habit Tracker	3	2025-05-31	prior:?ALL	?PCT,?TREND
1349	793ad5c3-9d49-4c33-87c3-88d036dcb248	play	3. Loop Habit Tracker	4	2025-05-15	new:all habits at once	?WEEKG
1350	e39f7c13-568a-41a1-861d-739a0d743401	play	3. Loop Habit Tracker	4	2025-05-03	prior:?ALL; new:all my habits together	?HAB
1351	c017cdb1-54b4-4509-ab93-f1a7c4a22f79	play	3. Loop Habit Tracker	5	2025-04-16	prior:?ALL,?GRP	?CAT
1352	dfe63b14-a6db-4e92-912d-27830b69369b	play	3. Loop Habit Tracker	3	2025-01-12	prior:?ALL	?TREND
1353	59844743-fccc-4579-9da4-0a9b0f464cf9	play	3. Loop Habit Tracker	5	2025-01-06	prior:?TOT,?ALL	?TOT,?HAB
1354	48f58e46-14fa-47f3-91c9-893b8b6765cb	play	3. Loop Habit Tracker	5	2025-01-02	prior:?PAT,?TOT,?ALL; new:overall stat	?HAB
1355	b47e6e1a-a4c6-4a69-8450-83e8df0e0408	play	3. Loop Habit Tracker	5	2024-12-30	new:how many habits are	?DAYNM
1356	54682067-5aae-45fb-81af-ca133bcee9be	play	3. Loop Habit Tracker	4	2024-12-29	new:all my habits at once	NA
1357	26fcd5d5-1516-44a5-8916-064c28441e3f	play	3. Loop Habit Tracker	3	2024-11-25	new:full day	?DAYNM
1358	899eee9c-9a7b-4d5a-b06b-b8afee61ec85	play	3. Loop Habit Tracker	5	2024-10-19	new:overall stat	NA
1359	351d22ec-a450-4215-aaf1-008290934c2f	play	3. Loop Habit Tracker	5	2024-09-21	prior:?ALL	?HAB
1360	2156701e-e66b-458d-b5e7-6590e8149566	play	3. Loop Habit Tracker	5	2024-09-15	prior:?ALL,?PCT; new:overall score	?PCT,?HAB
1361	e7a67a2f-844e-4c06-b19c-b20c787ff6c1	play	3. Loop Habit Tracker	4	2024-08-12	prior:?ALL,?CHART	?TREND
1362	f99cdc7e-5601-466c-b0f6-6ae1d3dc018e	play	3. Loop Habit Tracker	4	2024-08-01	new:overall stat	+PCT
1363	8a854ffa-fb0a-4af6-ac3c-7a0224f950a7	play	3. Loop Habit Tracker	5	2024-07-31	new:weekly summary	?RPT
1364	5f0a46e2-7a86-426f-97e2-4e6dfbadf67f	play	3. Loop Habit Tracker	4	2024-07-27	prior:?ALL,?PAT	?TREND,?PAT
1365	75010711-a3c5-4121-a2a6-65f27a1eaa8d	play	3. Loop Habit Tracker	5	2024-06-10	new:all habits at once	?WEEKG
1366	9bf7db0a-a3c4-412f-8d07-a10d46ba6955	play	3. Loop Habit Tracker	4	2024-05-24	prior:?ALL,?CAL; new:all habits together	?WEEKG
1367	809c80b1-9174-4130-85dd-bdfe0489cd86	play	3. Loop Habit Tracker	4	2024-04-16	new:day score	?PCT,?PERIOD
1368	8c5606d1-04a3-4154-b625-3356a62a1126	play	3. Loop Habit Tracker	4	2024-04-07	prior:?ALL,?LONG	?WEEKG
1369	3024941e-8c7e-4ca5-9cf8-deca5f06ced5	play	3. Loop Habit Tracker	3	2024-03-28	prior:?ALL,?PAT	?TREND,?HAB
1370	e62d7818-3cc1-41fd-8e7d-5824343d9e73	play	3. Loop Habit Tracker	5	2024-03-22	prior:?ALL,?PCT,?GRP	?DAYNM,?TREND,?CAT
1371	80b5b794-19c5-44d5-9268-610013566189	play	3. Loop Habit Tracker	5	2024-03-10	new:weekly report	?RPT
1372	751b78a8-c65c-4a38-8032-6f7eefb7ecd2	play	3. Loop Habit Tracker	5	2024-01-28	prior:?ALL; new:general overview	?HAB
1373	3da4ae9e-5a8d-4288-a8ba-c495bb5d6644	play	3. Loop Habit Tracker	4	2024-01-19	prior:?ALL,XFIND	?HAB
1374	138249f1-e276-475c-af71-a86b963395e6	play	3. Loop Habit Tracker	4	2024-01-04	prior:?YEAR,?ALL	?WEEKG
1375	36fff105-54cb-4af4-afb2-8e0f23f902d5	play	3. Loop Habit Tracker	3	2023-11-20	prior:?ALL	?PCT
1376	39d782e0-e05f-4340-bfa5-21efffd4c905	play	3. Loop Habit Tracker	5	2023-11-02	new:overall score	?PCT,?TOT
1377	fd77e2b4-d535-443b-af98-06b65a3d1822	play	3. Loop Habit Tracker	3	2023-10-14	prior:?ALL,?PCT,?RPT	?PCT,?DAYNM,?PERIOD
1378	fb613ec4-13e2-4a48-abc8-14708055c996	play	3. Loop Habit Tracker	4	2023-09-20	prior:XREMOVED,ALL	NA
1379	1262947e-4cef-40b3-a5d5-2632776f8d97	play	3. Loop Habit Tracker	5	2023-07-29	prior:?ALL,?PCT,XNONDAILY; new:overall score	?DAYNM
1380	064f1097-ace4-43c6-8d6e-e20b625a9156	play	3. Loop Habit Tracker	3	2023-07-07	prior:?ALL,?PAT; new:all my habits together	?TREND
1381	cfbd63cd-1459-4ec2-b234-ba9ec48705ae	play	3. Loop Habit Tracker	3	2023-06-19	new:Weekly progress	-CONF,NONDAILY
1382	6bc7dabc-d243-45f9-884c-2d38d3aa04e1	play	3. Loop Habit Tracker	5	2023-05-13	prior:?ALL	?WEEKG
1383	a1d5006d-bde9-47fc-9949-4e9d40951875	play	3. Loop Habit Tracker	5	2023-04-07	prior:?ALL,?GRP	?RPT,?CAT
1384	d0a7084a-174f-4fd8-bedf-a1099f986192	play	3. Loop Habit Tracker	5	2023-03-15	new:9 out of 10 habits	?DAYNM
1385	b47f6c7a-2d16-4997-b4d5-3b7ad667ab4e	play	3. Loop Habit Tracker	5	2023-02-23	prior:?ALL	?HAB
1386	5c572366-113b-4d6c-8143-c6afbafeb87a	play	3. Loop Habit Tracker	5	2023-02-23	prior:?QST,?ALL; new:overall score	?QUIT,?DAYNM
1387	af315e17-00bb-492a-8c76-d8d6f51ec43a	play	3. Loop Habit Tracker	3	2023-01-29	prior:?ALL	?WEEKG
1388	a6987c65-293c-4425-a419-cf79bb3bf1be	play	3. Loop Habit Tracker	5	2023-01-19	prior:?ALL; new:overall view	GEN
1389	f38d84b3-4a7a-4108-9e43-aa5f7f15a84d	play	3. Loop Habit Tracker	5	2023-01-19	prior:?TOT,?ALL; new:overall score	?PCT
1390	ded414bc-5f81-46f9-a8b7-ab6d4c1b424a	play	3. Loop Habit Tracker	4	2022-12-07	new:weekly total	QUIT,NONDAILY
1391	568ae8b2-c045-48b5-b62e-9365a023dee4	play	3. Loop Habit Tracker	3	2022-10-17	prior:?ALL	?TREND
1392	465ff056-1704-4322-afb9-ad19e005a873	play	3. Loop Habit Tracker	4	2022-10-08	prior:?ALL,XFIND	?TREND
1393	ae0bd58b-cb43-4fe5-8ff3-6f9692a09544	play	3. Loop Habit Tracker	3	2022-09-26	prior:?QST,?ALL; new:overall score	?PCT,?TREND,QUIT
1394	77236417-51ff-4f3c-8d42-012cace7dc57	play	3. Loop Habit Tracker	5	2022-09-08	new:overall progress	+TREND
1395	2cd43a04-d2e8-4cdf-a606-798fb5e62fe8	play	3. Loop Habit Tracker	5	2022-09-02	prior:ALL	+HAB
1396	bca6b522-2a04-40b8-805a-7843c3f707f9	play	3. Loop Habit Tracker	5	2022-08-25	new:Total progress	+PERIOD
1397	c1c90b2e-2a87-40c5-85ed-b75d0a5c2b37	play	3. Loop Habit Tracker	5	2022-08-19	new:overall progress	+TREND
1398	d12f4937-258a-44c6-b796-f841c9823313	play	3. Loop Habit Tracker	5	2022-07-20	new:overall stat	+PCT
1399	dfebc93b-17b7-4ced-9b80-c96fabbe56dd	play	3. Loop Habit Tracker	5	2022-07-18	prior:?ALL,?DAYD	?DAYNM
1400	f7455833-c6ab-4570-be5b-b3b22f7cc439	play	3. Loop Habit Tracker	5	2022-06-17	prior:?ALL	?TREND
1401	80656d81-b86c-45ac-995f-3579451f2b0e	play	3. Loop Habit Tracker	4	2022-05-17	new:how many habits I	?DAYNM
1402	62ea8777-4dd6-4bea-854e-f759d1bc9b49	play	3. Loop Habit Tracker	5	2022-03-24	prior:?ALL,XFIND	?HAB,?WEEKG
1403	67925ed7-9fe3-4008-bdc3-d634683fe0a8	play	3. Loop Habit Tracker	5	2022-02-24	prior:ALL,WEEK	+WEEKG,+FORGIVE
1404	8757f7e6-cdf4-44bc-983a-b95e063fcf61	play	3. Loop Habit Tracker	5	2022-02-12	new:all habits in one	?WEEKG
1405	6d5088ff-2c5d-4f1e-976a-f75964fcfbf9	play	3. Loop Habit Tracker	5	2022-02-01	prior:ALL	GEN
1406	c7172008-6844-4a70-8c73-4cb0b9428052	play	3. Loop Habit Tracker	5	2022-01-11	prior:?ALL,?RPT,?TOT,?GRP	?RPT,?TOT
1407	459efebb-9934-4c18-ba26-7ce8780b775d	play	3. Loop Habit Tracker	5	2021-12-08	prior:?ALL	?TREND
1408	b494f7ca-9349-4f92-835e-4446cb972791	play	3. Loop Habit Tracker	3	2021-10-15	new:weekly report	RPT
1409	e2514b80-d010-4f32-a012-f7820c1e0509	play	3. Loop Habit Tracker	4	2021-10-09	prior:FORG,?ALL,?WEEK	?PCT
1410	090da880-2df4-4980-b0e2-3c9d800bb0d1	play	3. Loop Habit Tracker	3	2021-10-05	prior:?ALL,?RPT; new:all habits at a glance	?RPT,?PCT
1411	8f658cc8-b367-48f7-b987-7c6d4a435d0d	play	3. Loop Habit Tracker	5	2021-08-11	prior:?ALL,?CAL; new:all habits on one	?HAB,?WEEKG
1412	304798ac-c22b-49d9-aee6-3176098c8887	play	3. Loop Habit Tracker	5	2021-07-13	prior:?ALL,?PCT	?DAYNM,?FULL
1413	25803bae-9bc3-43eb-b18b-298acfd4c208	play	3. Loop Habit Tracker	5	2021-07-02	prior:?ALL	?TREND
1414	970428f3-7ad4-4a61-9b83-3d0dc7f1e46a	play	3. Loop Habit Tracker	5	2021-06-26	prior:?ALL; new:habit score	?PCT
1415	ad1f390e-ff02-4508-a85a-727688bc2c5f	play	3. Loop Habit Tracker	5	2021-05-26	prior:?ALL	?HAB
1416	f51f043a-7f41-407f-86b4-70d0a2db97d8	play	3. Loop Habit Tracker	4	2021-05-21	new:all habits done	?HAB,?FULL
1417	12ee595e-3e1f-47ba-9278-d7f4a49d0cb5	play	3. Loop Habit Tracker	5	2021-04-29	prior:?ALL	?TREND
1418	bf25f298-31a3-43e0-a637-828791415025	play	3. Loop Habit Tracker	5	2021-04-20	prior:?ALL; new:all the habits in one	?TREND
1419	c2dd4642-827e-4fd9-8e46-0981169abbbb	play	3. Loop Habit Tracker	5	2021-04-18	prior:?ALL	?TREND
1420	6637736f-c42d-4534-b0c6-5b0479cb2471	play	3. Loop Habit Tracker	5	2021-03-26	prior:?ALL; new:best habit	?DAYNM,?TREND
1421	444f0dcf-c087-4f0a-ab32-473b917ad8c2	play	3. Loop Habit Tracker	2	2021-03-06	new:complete days	?FULL,?NONDAILY
1422	b5baeaf8-e6a5-4dcb-addf-b549183ebbbc	play	3. Loop Habit Tracker	5	2021-03-03	prior:?ALL	?TREND
1423	1f440e17-3beb-48f5-8f68-615a2cde8bc1	play	3. Loop Habit Tracker	4	2021-02-25	new:all habits in one	?WEEKG
1424	983dbb2b-75eb-49c2-b123-a77b9bdfcbb8	play	3. Loop Habit Tracker	5	2021-02-12	prior:?ALL,XFIND	?HAB,?TREND
1425	fbbbe5a3-30e6-4433-b52d-efbf8b2409ef	play	3. Loop Habit Tracker	4	2021-02-09	new:general score	?PCT
1426	1aa9aa42-e0e9-4a3d-8fd8-7e025fb23d4d	play	3. Loop Habit Tracker	5	2021-02-06	new:habit score	+FORGIVE,+NONDAILY
1427	73d6e1ba-42f2-4236-9a13-ad6049fc0f6c	play	3. Loop Habit Tracker	5	2021-02-01	prior:?ALL,?PCT	?DAYNM
1428	7560a485-5fd4-4d02-9b05-5bda9c5257e5	play	3. Loop Habit Tracker	5	2021-01-31	prior:?ALL,?CONF	?TREND
1429	cd806c4d-fb23-4cf6-8c29-c47668504a17	play	3. Loop Habit Tracker	4	2021-01-04	new:weekly view	?WEEKG
1430	7635ae71-5943-48b4-b545-51a516f9166f	play	3. Loop Habit Tracker	5	2020-12-27	new:Best habit	?WEEKG
1431	0024e688-4865-49df-890a-de0c271c0605	play	3. Loop Habit Tracker	5	2020-12-07	prior:?ALL,XNONDAILY	?TREND
1432	aa335114-bc0b-4251-b98c-cb911aca607e	play	3. Loop Habit Tracker	5	2020-11-29	prior:?ALL,?RPT	?TREND,?DAYNM
1433	e86f149b-bbdc-4711-ab02-257d495ce5d8	play	3. Loop Habit Tracker	5	2020-10-19	new:habit score	+PCT,CONF
1434	93577923-1417-4c29-9b6f-709dd4a503f1	play	3. Loop Habit Tracker	5	2020-08-25	prior:?ALL	?TREND
1435	dbb7a935-61ad-4aee-9a07-5d3486c78972	play	3. Loop Habit Tracker	5	2020-08-13	prior:CAL,ALL	+WEEKG
1436	e8b55fec-d00a-43e0-b825-c8c5aca70202	play	3. Loop Habit Tracker	4	2020-07-21	prior:?ALL,?RPT	?RPT
1437	4b46882f-eb13-4d7b-a521-429a40dfaf90	play	3. Loop Habit Tracker	4	2020-07-01	prior:?ALL	?TREND
1438	d954cedc-2503-416e-b77c-93b49e9e1170	play	3. Loop Habit Tracker	3	2020-06-14	prior:?ALL,?PCT,?CHART	?DAYNM,?TREND
1439	c1c398b4-9caa-4aa3-987d-5a3041d014d9	play	3. Loop Habit Tracker	4	2020-06-05	new:least consistent	?HAB
1440	c452cbd9-99c7-47c7-93f6-463a60e297e5	play	3. Loop Habit Tracker	5	2020-06-02	new:weakest habits	?HAB
1441	91b65e0d-f077-4c69-9d40-d68448dd9249	play	3. Loop Habit Tracker	2	2020-05-31	prior:?ALL; new:all habits together	?WEEKG
1442	939a5768-c873-4587-829c-fd5dff224a0d	play	3. Loop Habit Tracker	5	2020-05-31	prior:STAT,?ALL,?FORG	?HAB
1443	ac59fd4a-e6e2-4c33-9ab7-4cedecedd4e3	play	3. Loop Habit Tracker	4	2020-05-26	prior:?ALL,?PAT	?TREND
1444	d304cdb8-82e4-4af7-aa55-f2b5209ec359	play	3. Loop Habit Tracker	5	2020-05-25	prior:?ALL; new:combined graph	?TREND,?HAB
1445	d12d7db0-4435-464e-b016-71b98418d07b	play	3. Loop Habit Tracker	3	2020-05-25	prior:?ALL,?PCT	?DAYNM,?TREND
1446	c9ab88b5-2680-4843-8846-a2bda902be10	play	3. Loop Habit Tracker	5	2020-05-07	prior:?ALL	?TREND
1447	cb7db02c-e15e-42b5-965d-6055d7660285	play	3. Loop Habit Tracker	5	2020-04-28	new:every habits in one	?HAB,?PREV
1448	66798549-5aa8-4e43-b079-6777c260165f	play	3. Loop Habit Tracker	3	2020-04-07	prior:?ALL	?TREND
1449	fcd320ae-b616-460d-91a1-691f38e70973	play	3. Loop Habit Tracker	3	2020-03-27	prior:?ALL; new:all my habits together	?TREND
1450	a41393dd-fef4-4de2-a063-498880d82619	play	3. Loop Habit Tracker	1	2020-03-20	prior:?ALL,?PCT; new:all habits together	?HAB,?PCT
1451	54652316-fa0d-4f0e-b752-db76f01f0a81	play	3. Loop Habit Tracker	4	2020-03-04	new:all the habits together	?WEEKG
1452	187a7bcf-7713-43c8-91d6-445a6722166d	play	3. Loop Habit Tracker	4	2020-03-03	prior:?ALL,XNONDAILY	?HAB,?NONDAILY
1453	074a0b59-dce4-4f50-99cb-b39642d8714f	play	3. Loop Habit Tracker	5	2020-02-13	prior:?ALL,?PCT; new:total progress	?PCT
1454	59898e19-bf01-4e9e-9262-b4142f06941a	play	3. Loop Habit Tracker	3	2020-02-02	prior:?ALL,?LONG	?WEEKG,?TREND
1455	f0b7ece4-7dca-45b3-9e20-455fcff148ba	play	3. Loop Habit Tracker	5	2020-01-29	new:total score	?PCT
1456	aacc9b2a-f552-4351-9bf3-d9b64360a5b9	play	3. Loop Habit Tracker	3	2020-01-19	prior:?ALL,?WEEK,XCONF	?WEEKG
1457	3fb4c21a-de0e-47f9-9bc4-69aee4e1e9a1	play	3. Loop Habit Tracker	5	2020-01-15	prior:?ALL	?TREND
1458	9c69bf42-b6b2-487b-9a08-20511180db2a	play	3. Loop Habit Tracker	5	2020-01-02	prior:?ALL	?TREND
1459	223fcf89-2a0f-4045-9723-51b39d542e36	play	3. Loop Habit Tracker	5	2019-12-30	prior:?TOT,?ALL,?PCT	?DAYNM,?TREND
1460	e1486d0d-cb90-4db6-b4ec-1d958b1cce80	play	3. Loop Habit Tracker	5	2019-12-02	new:general overview	?TOT
1461	8509a893-b4db-4d14-8b16-258518c825dc	play	3. Loop Habit Tracker	5	2019-11-30	prior:?ALL,?PAT; new:weakest habits	?PCT,?HAB
1462	5c1feea1-0040-4a06-a3a8-538f982572e2	play	3. Loop Habit Tracker	4	2019-11-05	new:full day	?DAYNM
1463	c5a4d101-eddd-4f19-8cb4-5632fbd0bb9a	play	3. Loop Habit Tracker	5	2019-10-18	prior:?ALL	?TREND
1464	86d25d9d-57b6-4e5a-a1f6-2502d4d416dd	play	3. Loop Habit Tracker	5	2019-10-09	prior:?ALL	?TREND
1465	19223af3-79c2-48e5-9a2e-7702b77bb8d3	play	3. Loop Habit Tracker	5	2019-10-01	new:best habit	+FORGIVE
1466	2779a477-de43-42cd-99d3-02684f2660b4	play	3. Loop Habit Tracker	4	2019-09-25	prior:CHART,PAT,?ALL	?TREND
1467	4d76926c-425e-43d7-9f9e-6689a3cb865b	play	3. Loop Habit Tracker	5	2019-09-11	prior:?ALL	?HAB
1468	e5071755-9195-441c-a0ae-ca92d32bc792	play	3. Loop Habit Tracker	5	2019-08-15	prior:?ALL	?HAB
1469	6bb46297-eff3-4e52-a8e8-00a1e068a04a	play	3. Loop Habit Tracker	5	2019-08-07	prior:LONG,?ALL	?TREND
1470	58a7bfb1-a9f4-4010-a0e0-201b46494acd	play	3. Loop Habit Tracker	5	2019-07-30	prior:?ALL; new:overall view	?PCT
1471	ab50f4c8-8d6c-4f91-a1c8-b3b346f598b0	play	3. Loop Habit Tracker	5	2019-07-26	prior:?ALL; new:combined progress	?TREND
1472	0616c7af-5125-4066-a13b-121a26d9a4b8	play	3. Loop Habit Tracker	4	2019-07-26	prior:?ALL; new:all the habits on one	?TREND
1473	99d7d724-c7b5-477d-aa42-39a34d95a563	play	3. Loop Habit Tracker	5	2019-06-15	prior:?ALL	?TREND
1474	00f0ec50-8c79-4274-bea6-3ba6acdd6236	play	3. Loop Habit Tracker	5	2019-06-13	prior:STRK,ALL	+FULL
1475	cf311405-e1e8-4160-b89a-291dd11f4819	play	3. Loop Habit Tracker	4	2019-05-27	prior:?ALL,?PAT	?TREND
1476	1120f808-c189-403b-882b-1b7f5f59c15a	play	3. Loop Habit Tracker	5	2019-05-06	prior:?ALL; new:general stat	?PCT
1477	f3f07682-2ee2-4e59-b16f-df1dd6206842	play	3. Loop Habit Tracker	5	2019-04-26	new:combined view	?WEEKG
1478	ddacd6f0-db56-4494-b8c4-9e995eb676ec	play	3. Loop Habit Tracker	4	2019-04-06	prior:?ALL; new:overall graph	?TREND
1479	b63f0957-e15b-4198-8ec6-4435db689bbb	play	3. Loop Habit Tracker	5	2019-03-24	new:week to week	+NONDAILY
1480	a7297e7a-5c4e-4ed5-80d8-e3d4876c9668	play	3. Loop Habit Tracker	4	2019-03-18	prior:?CAL,?ALL	?WEEKG
1481	886ce399-1ae0-49c6-bd9b-ba71e3af822f	play	3. Loop Habit Tracker	4	2019-03-01	prior:?ALL,?RPT	?WEEKG
1482	bd04c154-bd3b-4bb1-a400-34a4231b9e42	play	3. Loop Habit Tracker	5	2019-02-22	prior:ALL,WEEK; new:all habits at a glance	+WEEKG
1483	006bdf57-6697-4808-bed9-6cd2bdabad6b	play	3. Loop Habit Tracker	5	2019-02-19	prior:?ALL	?TREND
1484	0f2aee72-0a50-4ec4-be17-e67574662a44	play	3. Loop Habit Tracker	5	2019-02-05	new:10/10 habits	?DAYNM,?TREND
1485	adc04273-4538-475b-b7c2-a2efdbc5fd44	play	3. Loop Habit Tracker	5	2019-02-02	prior:ALL; new:overall progress	+PCT
1486	a633257c-59fa-4aeb-b21b-516f9c405be5	play	3. Loop Habit Tracker	4	2019-01-22	new:how many goals I	?DAYNM
1487	d5e95c9c-7a9d-4bcb-91c1-252d60216340	play	3. Loop Habit Tracker	5	2019-01-04	prior:?ALL	?PCT
1488	08a30199-981c-4bcd-a679-18431d268dd7	play	3. Loop Habit Tracker	5	2019-01-01	new:habit score	NA
1489	ff016c77-ea84-4fcd-a332-9dee0dcfcca8	play	3. Loop Habit Tracker	5	2018-12-25	prior:?ALL,?RPT	?HAB,?RPT
1490	e372b998-079f-4c0b-89e3-0ff31d98421f	play	3. Loop Habit Tracker	4	2018-12-21	prior:?ALL	?PCT
1491	78a0e87c-feca-40e4-aa39-344aa33fb8a5	play	3. Loop Habit Tracker	5	2018-12-06	prior:?ALL,?RPT	?RPT
1492	e3cc3398-4b04-403c-bc4e-281175aa4de0	play	3. Loop Habit Tracker	4	2018-11-30	prior:?ALL,?PART	?WEEKG
1493	3b034e98-41f1-431d-be4c-8bdb506667fd	play	3. Loop Habit Tracker	3	2018-11-13	prior:?ALL; new:overall graph	?TREND
1494	bc322323-fa6e-42f9-a4a1-09eded60ed6d	play	3. Loop Habit Tracker	4	2018-11-04	prior:?ALL	?PCT
1495	6ed43afc-54d6-4d6e-a05a-f948e53a4d57	play	3. Loop Habit Tracker	3	2018-10-09	prior:?ALL,XFIND; new:overall graph	?TREND
1496	af9bcc52-7954-4182-957e-5327f58b9999	play	3. Loop Habit Tracker	4	2018-09-08	prior:?ALL,?RPT; new:all the habits combined	?PCT,?PERIOD
1497	5c58c258-dad7-44c4-9686-8eb6ca76826e	play	3. Loop Habit Tracker	4	2018-08-30	new:all habits at once	?WEEKG
1498	1cdee30f-b7ea-490e-aa86-c80ba1424018	play	3. Loop Habit Tracker	3	2018-08-21	prior:?ALL,XNONDAILY	?TREND,?NONDAILY
1499	ff8ee613-5529-464d-ba55-b235df00b906	play	3. Loop Habit Tracker	5	2018-07-24	new:habit score	+PCT
1500	73a5096d-7b60-40a3-a272-64c4a3a89411	play	3. Loop Habit Tracker	5	2018-06-21	prior:?ALL,?PCT	?PCT
1501	5eb7b6f3-e1d9-46bc-954a-a6284a47d034	play	3. Loop Habit Tracker	5	2018-05-13	prior:?ALL	?TREND
1502	b18b5355-4dfc-43fb-8df5-785ac2178c30	play	3. Loop Habit Tracker	4	2018-05-11	prior:?ALL	?TREND
1503	a5ffdf75-b676-4efb-ae9b-cb71de85dc2f	play	3. Loop Habit Tracker	5	2018-05-10	prior:?ALL	?TREND
1504	65123d04-4ed9-4343-b9ab-50d88ade2eaa	play	3. Loop Habit Tracker	5	2018-04-19	prior:?ALL	?TREND
1505	b3570476-c663-46b2-9410-30dbe9f3f211	play	3. Loop Habit Tracker	5	2018-03-15	prior:ALL	GEN
1506	0574e834-b8fa-4a60-8bea-3e330ed3ed52	play	3. Loop Habit Tracker	5	2018-02-08	new:habit score	+FORGIVE
1507	91d3baf7-0961-4fbf-92f3-ea77f70603a6	play	3. Loop Habit Tracker	5	2018-02-04	prior:?ALL,?PAT	?TREND,?PAT
1508	b97bff1b-ba76-4edd-8c34-3bcfdc930694	play	3. Loop Habit Tracker	5	2018-02-01	prior:ALL,STAT; new:best habit	+WEEKG
1509	918a23e8-e296-4dc4-bc15-d18418233fb2	play	3. Loop Habit Tracker	5	2018-01-19	prior:?ALL	?TREND
1510	cdf48fda-469e-4db8-97b5-4696462e37d2	play	3. Loop Habit Tracker	4	2018-01-18	prior:?ALL; new:overall progress	?PCT
1511	a36a8a62-e376-4072-a71c-dee45a9a2803	play	3. Loop Habit Tracker	2	2018-01-16	prior:?ALL; new:all habits in one	?TREND
1512	11d00e63-dba4-4a14-ba0f-38f4ae759d37	play	3. Loop Habit Tracker	5	2018-01-13	prior:?ALL,?RPT; new:overall progress	?RPT
1513	63ac5a37-3c28-419a-bd25-cdcee9e9e759	play	3. Loop Habit Tracker	4	2018-01-02	prior:?ALL,?PART	?TREND
1514	e2600cac-53d8-4927-b9d9-442d88a65a73	play	3. Loop Habit Tracker	5	2017-12-18	prior:?ALL	?TREND
1515	7822489b-356c-4975-8d94-e29d59e636e3	play	3. Loop Habit Tracker	5	2017-11-19	prior:?ALL	?HAB,?TREND
1516	13728ef6-9d53-4b7d-9278-032ed4af9867	play	3. Loop Habit Tracker	5	2017-11-05	new:weekly graph	+PERIOD
1517	34fff21a-ca35-4957-84ac-2cfe2b25c651	play	3. Loop Habit Tracker	3	2017-11-01	prior:?ALL	?TREND
1518	36a683b3-275f-4027-ab4b-cbcc0f41a19c	play	3. Loop Habit Tracker	5	2017-09-29	new:how many habits I	?DAYNM,?RPT
1519	9f85b509-b482-4f2b-ad73-3f2a79e85b75	play	3. Loop Habit Tracker	4	2017-09-19	new:all the habits together	?WEEKG
1520	7cc91873-25ed-44c6-9e95-0817cf3df188	play	3. Loop Habit Tracker	5	2017-09-15	prior:?ALL; new:all the habits at once	?WEEKG
1521	ffd07327-7756-448f-95d6-a30eca07f8a3	play	3. Loop Habit Tracker	3	2017-09-04	prior:?TOT,?ALL; new:overall graph	?TREND
1522	bdd01cf6-e76b-483c-b011-eee812d24c3f	play	3. Loop Habit Tracker	5	2017-08-08	prior:?ALL	?TREND
1523	cc3c2d9c-8c60-42fb-bce0-e954d180e585	play	3. Loop Habit Tracker	5	2017-07-29	prior:?ALL; new:all the habits together	?TREND
1524	a81c00fe-964c-41b3-a45d-56548823041f	play	3. Loop Habit Tracker	5	2017-06-21	prior:?ALL,?PCT; new:overall success	?DAYNM,?PREV
1525	1cd57f2f-3aba-4bbd-bda6-a2c36498c060	play	3. Loop Habit Tracker	4	2017-06-13	new:complete day	?DAYNM
1526	32df5cff-7c77-485d-8a1e-0cec4a695fe6	play	3. Loop Habit Tracker	4	2017-06-12	prior:?ALL	?TREND
1527	8abddd42-fc89-47ef-9629-51140b3d533e	play	3. Loop Habit Tracker	5	2017-05-27	prior:?ALL	?HAB
1528	f7a6c54a-0d67-42e1-855c-6a319669b643	play	3. Loop Habit Tracker	5	2017-05-17	prior:ALL,STAT; new:best habit	+WEEKG
1529	05142633-058a-4195-82c3-efc275c5280d	play	3. Loop Habit Tracker	4	2017-05-10	prior:?ALL	?TREND
1530	7f9e8cf0-211c-4324-8bca-23d8f0686c58	play	3. Loop Habit Tracker	4	2017-05-06	new:habit score	NA
1531	131ea9b3-fc2f-4b79-ace1-3594ad7cdae9	play	3. Loop Habit Tracker	5	2017-04-01	prior:?ALL,?PCT	?DAYNM
1532	680183a1-6218-462b-a92e-8f97981fe19c	play	3. Loop Habit Tracker	4	2017-03-25	prior:?ALL,?PCT	?DAYNM,?PCT
1533	2daf9423-540d-44d0-bd5c-13aac497856e	play	3. Loop Habit Tracker	3	2017-03-01	prior:?ALL; new:overall progress	?WEEKG
1534	cdc22c92-db61-43c7-8d60-190294ff68f3	play	3. Loop Habit Tracker	4	2017-02-14	prior:?ALL	?TREND
1535	295fc79c-4aa0-42c7-b00f-84d21e6e1623	play	3. Loop Habit Tracker	4	2017-01-30	new:general overview	?PCT
1536	62254b26-4e2e-4b36-928a-1e5cf66b69d9	play	3. Loop Habit Tracker	5	2017-01-21	prior:?ALL; new:daily score	?DAYNM
1537	11948e7d-465e-4df1-9bec-0dc12d473242	play	3. Loop Habit Tracker	4	2016-11-24	prior:?ALL,?PAT; new:overall view	?TREND
1538	e441038a-f991-4371-b480-0a244cb185c1	play	3. Loop Habit Tracker	4	2016-11-17	prior:?ALL	?TREND
1539	0f1157c7-2aac-4edf-9ac8-f47f0912152e	play	3. Loop Habit Tracker	4	2016-10-24	prior:?ALL,?PCT; new:habit score	?PCT
1540	4041f95a-49a1-4773-a621-0f96ad9fe105	play	3. Loop Habit Tracker	4	2016-10-22	prior:?ALL,?PCT; new:overall percentage	?PCT,?PERIOD
1541	b8b4a81e-7b6e-4a27-842c-96cc37ac0a9c	play	3. Loop Habit Tracker	4	2016-10-05	prior:?ALL; new:overall progress	?PCT
1542	7652e129-16b3-44f6-8fcb-48a6d2cc46d1	play	3. Loop Habit Tracker	5	2016-09-28	prior:?ALL; new:all habits together	?PCT
1543	bfed8bce-c9cf-45bc-b6cb-51377ac019a4	play	3. Loop Habit Tracker	5	2016-09-14	prior:?ALL; new:overall view	?PCT
1544	14cf6f48-84e6-492b-a2ce-7db2409331b3	play	3. Loop Habit Tracker	5	2016-09-10	new:ones need more attention	+HAB
1545	e5cc9c48-d097-49e8-bb47-9c2954d99e83	play	3. Loop Habit Tracker	4	2016-08-28	prior:?ALL	?WEEKG
1546	c17e65ab-e090-4bcd-b486-6abc8c1a9ff3	play	3. Loop Habit Tracker	5	2016-07-04	prior:STAT,ALL	+WEEKG
1547	bc9fc26d-f95e-47a4-ba4b-831eee7e78f7	play	3. Loop Habit Tracker	5	2016-06-07	prior:PCT,ALL; new:ones need improvement	+HAB,?HAB
1548	69f47aed-de00-4e90-b5d2-9ce2c208004b	play	3. Loop Habit Tracker	4	2016-06-06	prior:?ALL	?TREND
1549	e513dee5-6256-464b-aa4b-0399711172f0	play	3. Loop Habit Tracker	5	2016-06-02	new:weekly view	?WEEKG
1550	19470322-1303-4577-b0e4-181584ad77df	play	3. Loop Habit Tracker	5	2016-05-24	prior:?ALL,?STRK	?HAB
1551	f5d99dc5-ca98-4a93-99e5-329344907c90	play	3. Loop Habit Tracker	4	2016-05-11	new:total time spent	?TOT
1552	61f4f69b-9e97-4941-9621-20f09bdcbfdf	play	3. Loop Habit Tracker	3	2016-05-01	prior:?ALL,?PCT	?TREND,?PCT
1553	e63ed516-b613-44cd-aeb8-6e71e8b567de	play	3. Loop Habit Tracker	5	2016-04-20	prior:CHART,?ALL	?TREND
1554	edf84205-41f9-4c1f-967c-1ca3eb632dc5	play	3. Loop Habit Tracker	5	2016-04-03	prior:?ALL,?PCT	?PCT
1555	c6d75cbd-f6b5-4796-be8f-1b3a371c7598	play	3. Loop Habit Tracker	3	2025-02-23	prior:?ALL,?DAYD	?HAB,?RPT
1556	51e17fa8-9b9b-4b9d-b047-2b652c327e9e	play	3. Loop Habit Tracker	5	2024-10-29	prior:?ALL	?TREND
1557	273ea532-a238-470d-8ac4-a5d4552d973d	play	3. Loop Habit Tracker	5	2024-02-09	prior:?ALL	?TREND
1558	1cbef90b-c849-490d-a674-578707706642	play	3. Loop Habit Tracker	5	2024-01-18	prior:?ALL,?GRP	?PCT
1559	135a158b-7dc2-48c8-8450-9220ad306663	play	3. Loop Habit Tracker	4	2022-11-27	prior:?ALL	?TREND
1560	b4821ec3-9f55-4b5d-bdee-fdb213b92d03	play	3. Loop Habit Tracker	5	2022-04-14	prior:?ALL,?PAT	?TREND
1561	aed85f7d-4942-4d01-ab25-3ad8295d5087	play	3. Loop Habit Tracker	4	2020-09-28	prior:?ALL,?PCT	?DAYNM,?PERIOD
1562	ee427f6a-cfcc-468c-8768-65dc25f49a7e	play	3. Loop Habit Tracker	3	2019-12-12	prior:?ALL,?GRP	?PCT,?CAT
1563	380c17bd-42a0-4a4b-a11f-aeed769c7df0	play	3. Loop Habit Tracker	4	2019-12-05	prior:?ALL	?HAB
1564	4cfce3f8-6bd2-4264-a85d-6d5ab7c00274	play	3. Loop Habit Tracker	5	2019-11-09	prior:?RPT,?ALL	?RPT
1565	7ec6d14b-1559-450b-96bb-b05d5bb7f60a	play	3. Loop Habit Tracker	5	2019-08-06	prior:?ALL	?HAB,?TREND
1566	6b8dbd02-5946-4156-adae-fdbe05ffbf72	play	3. Loop Habit Tracker	5	2019-08-01	prior:ALL,EXP,CHART	+WEEKG
1567	833868ee-8cec-4c7f-a73b-72a42ad7f3b5	play	3. Loop Habit Tracker	4	2019-07-11	prior:?ALL,?PCT	?HAB
1568	2d6bf8f9-5f8f-40ce-ba24-474d0f32ff80	play	3. Loop Habit Tracker	4	2019-06-05	prior:?ALL	?HAB
1569	a5cf3269-8b90-4690-b150-0052c3724ede	play	3. Loop Habit Tracker	5	2017-01-16	prior:CHART,?ALL	?PCT
1570	5391c316-0896-4e47-80f6-0dcf26c1a0f0	play	3. Loop Habit Tracker	4	2016-12-09	prior:?ALL,?RPT	?HAB
1571	29bd8b4b-1963-452d-9616-10c9a6095166	play	3. Loop Habit Tracker	5	2017-04-19	prior:?ALL,?TOT	?TREND,?TOT
1572	b355f47f-9208-4348-adbd-ed64cebec060	play	3. Loop Habit Tracker	5	2024-06-24	prior:XLOST,?ALL	?TREND
1573	5eddadc7-2c71-476f-a575-c51bbfcd0793	play	3. Loop Habit Tracker	5	2024-05-31	new:ALL habits in One	?TREND
1574	ded2940d-01a1-4ca2-baa2-4efc2a2f2068	play	3. Loop Habit Tracker	5	2023-09-19	prior:?GRP,?ALL	?PCT,?CAT
1575	b4ccc9ff-2cd5-4931-be35-8e9369277f90	play	3. Loop Habit Tracker	4	2020-03-31	prior:XWRONG,XSHAME,?ALL,?RPT	?WEEKG
1576	f8e9e16d-9f39-4ee4-bcd9-effeb9cec54e	play	3. Loop Habit Tracker	5	2020-02-04	prior:?ALL,?PART	?RPT
1577	50430cbd-d401-4a88-b436-1e1597a850ee	play	3. Loop Habit Tracker	5	2019-11-20	prior:?ALL	?TREND
1578	c2e79ce5-2fb9-451d-a07e-243e5cd9e3a4	play	3. Loop Habit Tracker	4	2019-01-02	prior:?ALL; new:all the habits at once	?TREND
1579	4f931ebd-c967-4303-b2d4-0eb4a2cfc9d9	play	3. Loop Habit Tracker	4	2018-12-23	prior:?ALL,?WEEK,XWRONG	?RPT,?WEEKG
1580	13a0de1c-3137-4a7d-ab3e-e7d4f5a8055d	play	3. Loop Habit Tracker	4	2017-11-18	prior:?ALL,?PART	?TREND
1581	be00f050-d20d-407f-b9a1-4073a7d05139	play	3. Loop Habit Tracker	5	2017-03-25	prior:?ALL,?CAL	?PCT,?WEEKG
1582	470084e3-14b9-47f0-8e4c-2296b99c739e	play	3. Loop Habit Tracker	5	2016-10-12	prior:?ALL	?PCT
1583	10fa760f-b4ca-4824-9d57-c50791d781c5	play	3. Loop Habit Tracker	5	2016-09-07	prior:?ALL,?CHART	?TREND,?HAB
1584	de71ef1b-275c-42b8-89ed-050f21dca0b0	play	3. Loop Habit Tracker	5	2018-09-27	prior:?ALL,?PCT,?MILE; new:overall percentage	?PCT
1585	565df6f1-6ea5-4642-ada0-21b92f7ebe39	play	3. Loop Habit Tracker	5	2026-01-24	prior:?ALL,?CHART	?TREND
1586	923bb0fc-c034-41fd-9ddc-b6ad569a5210	play	3. Loop Habit Tracker	5	2024-12-25	prior:?ALL	?PCT
1587	d86f6b55-3a2b-4386-bfc6-25d780dd8944	play	3. Loop Habit Tracker	4	2023-10-11	prior:?ALL	?TREND
1588	d851df49-1596-4eca-8fe1-d6f9ec39cc91	play	3. Loop Habit Tracker	5	2021-04-11	prior:?ALL; new:all habits together	?TREND
1589	206ee866-c58d-4d5a-a6c2-cb522170afc4	play	3. Loop Habit Tracker	4	2022-01-14	prior:?ALL,?CHART	?HAB,?TREND
1590	af4d1097-a03d-43a5-b603-78b89e068460	play	3. Loop Habit Tracker	4	2016-12-27	prior:?ALL,?GRP	?DAYNM,?CAT
1591	d45daa2d-f4b9-48ac-a766-e332086ee175	play	3. Loop Habit Tracker	4	2023-08-04	prior:?ALL,?PCT,?RPT	?PCT,?PERIOD
1592	84103432-4134-48bc-acd1-6c09fc02b2f6	play	3. Loop Habit Tracker	5	2022-03-20	prior:?ALL	?HAB
1593	dfeaf0a9-d88a-4706-bb69-e5ffd5a6f668	play	3. Loop Habit Tracker	5	2020-07-01	prior:?ALL,?RPT	?WEEKG,?RPT
1594	492ad773-ae07-4808-8700-9b59804e8ca5	play	3. Loop Habit Tracker	2	2019-03-17	prior:XFIND,?ALL,XCONF; new:overall progress	?TREND,?NONDAILY
1595	78b51b7d-89f3-4db2-b745-204af6e20725	play	3. Loop Habit Tracker	5	2018-07-16	prior:?ALL	?TREND
1596	b922e18c-265a-40af-8c6d-730eda0ff8cf	play	3. Loop Habit Tracker	5	2018-05-03	prior:?ALL	?PCT
1597	d2ef7ffb-1b6f-4e2e-a021-01d73351210a	play	3. Loop Habit Tracker	5	2017-10-18	prior:?ALL	?TREND
1598	2902e669-4317-4b4a-98d9-9f6dd46cb61f	play	3. Loop Habit Tracker	5	2017-03-13	new:weekly view	?WEEKG
1599	fdbd7312-04d8-4b92-8496-ca36316128f9	play	3. Loop Habit Tracker	4	2017-02-10	prior:?ALL	?TREND
1600	18c8a5d8-48f4-498a-9520-48325c35e15a	play	3. Loop Habit Tracker	4	2023-04-17	prior:?ALL	?TREND,?WEEKG
1601	63f56e00-6ed5-459e-b2db-e9a1407eb2a2	play	3. Loop Habit Tracker	4	2022-11-18	prior:?ALL	?TREND
1602	37b6a969-7b7d-4fae-b296-1cf0aef4423c	play	3. Loop Habit Tracker	4	2019-11-16	prior:?ALL,XFIND	?TREND,?HAB
1603	386dd696-7562-4a2d-9ff7-ea052f22b63f	play	3. Loop Habit Tracker	5	2019-03-26	prior:?ALL	?TREND
1604	691b2273-bdf4-4cb7-9078-06bbfcd14dfb	play	3. Loop Habit Tracker	4	2018-11-21	prior:?ALL	?TREND,?HAB
1605	44c0c6d4-2af8-441a-a809-7fa08fa129cf	play	3. Loop Habit Tracker	5	2018-06-23	prior:?ALL,?GRP	?TREND
1606	26215460-671e-46ae-8477-41e8b00a4dca	play	3. Loop Habit Tracker	4	2017-03-12	prior:?ALL,?PART	?DAYNM,WEIGHT
1607	72da755b-43ff-4d59-acda-a44c454dc16f	play	3. Loop Habit Tracker	4	2024-08-23	prior:?ALL,?RPT	?RPT
1608	a9ed745d-63c9-4b80-91bd-52cfbaaba72a	play	3. Loop Habit Tracker	5	2024-02-15	prior:?ALL	?TREND
1609	e39db166-ae2d-4b85-9147-0b053dfe8afb	play	3. Loop Habit Tracker	5	2021-12-08	prior:?ALL	?PCT
1610	22e0f507-66dd-44fa-86b5-feb08fb247b3	play	3. Loop Habit Tracker	5	2020-05-26	prior:?ALL	?TREND
1611	8249aa6c-3789-4680-a1a4-eb429ef219f0	play	3. Loop Habit Tracker	4	2020-03-23	prior:?ALL,?CHART	?DAYNM,?TREND
1612	b0308d3d-1ade-4abf-b5f5-644106dd972f	play	3. Loop Habit Tracker	4	2018-01-22	prior:?ALL,?DAYD	?TREND
1613	9621840d-1d9e-47ea-aa95-a2c3012d8c3a	play	3. Loop Habit Tracker	4	2017-12-28	prior:?ALL	?HAB,?TREND
1614	aff82e59-adbb-4f1d-9966-0eb5fbd831c1	play	3. Loop Habit Tracker	4	2017-10-13	prior:?ALL	?TREND
1615	127b60ea-505e-4e03-ab29-9637061224ed	play	3. Loop Habit Tracker	5	2017-06-15	prior:?ALL	?PCT
1616	739681dd-36a9-4aa5-bd6b-b4ff381f9855	play	3. Loop Habit Tracker	5	2016-12-12	prior:?ALL	?TREND
1617	fa66befe-b9d8-4552-9366-a194c0f0e088	play	3. Loop Habit Tracker	5	2026-06-17	prior:?ALL	?DAYNM,?RPT
1618	e3c47c51-3563-4d1f-92a4-32cc59a86491	play	3. Loop Habit Tracker	4	2026-01-31	new:итоги недели	?RPT,?TOT,?NONDAILY
1619	1196487f-6213-42b2-941d-a06f16a55f75	play	3. Loop Habit Tracker	5	2025-08-24	prior:?ALL	?TREND
1620	42d39e3d-0be1-4a91-b1aa-1e28249b3f6f	play	3. Loop Habit Tracker	2	2025-08-20	prior:XFIND,?ALL,?GRP	?HAB
1621	2c844a75-441e-4bfc-9bd3-42d084252a1f	play	3. Loop Habit Tracker	4	2025-05-20	new:how many habits are	?DAYNM
1622	78ab9a52-6e59-4b47-ad20-81add4a3d79a	play	3. Loop Habit Tracker	5	2025-02-13	prior:ALL,STAT	+WEEKG
1623	73fa2c8e-65bd-4937-b388-94abed85b446	play	3. Loop Habit Tracker	4	2024-12-14	prior:?ALL	?TREND
1624	e85669c2-fbbe-47be-994e-f46641e36c50	play	3. Loop Habit Tracker	5	2024-09-26	prior:?ALL	?PCT,?HAB
1625	f9aa4227-c189-4278-87f7-8caa9f2a9b38	play	3. Loop Habit Tracker	4	2023-10-29	prior:?ALL,?PCT,?PAT; new:overall stat	?PCT,?PREV
1626	abe1fed8-6146-4d91-9932-8d02e08c38de	play	3. Loop Habit Tracker	4	2023-09-30	prior:?ALL,?CAL	?WEEKG
1627	87867b95-543e-493b-839b-59c9b2e7729b	play	3. Loop Habit Tracker	5	2023-05-31	prior:?ALL	?TREND
1628	792e5923-b665-4b92-bebc-343724738a38	play	3. Loop Habit Tracker	5	2023-02-21	prior:ALL,STAT	+WEEKG
1629	d5b83a22-49bf-4c95-b263-980cf99b3a7a	play	3. Loop Habit Tracker	4	2022-09-09	prior:?ALL,?PCT	?WEEKG,?PCT
1630	a6363b89-850a-47b6-af2e-f3899d547a44	play	3. Loop Habit Tracker	4	2021-04-07	prior:?ALL,?PCT	?PCT
1631	524d5290-8c35-4045-b7b7-9446a1ca6b84	play	3. Loop Habit Tracker	5	2021-04-05	prior:XCONF,?ALL,?LONG	?WEEKG
1632	a3e055a0-dcfb-4303-a259-82eddc5e461a	play	3. Loop Habit Tracker	5	2021-01-19	prior:?ALL,?LONG	?WEEKG
1633	7c5ac732-8448-4ce1-b91e-960a117c925b	play	3. Loop Habit Tracker	5	2021-01-16	prior:?GRP,?ALL	?HAB,?CAT
1634	f39da785-68cd-403c-accd-f3d42526c2f0	play	3. Loop Habit Tracker	5	2020-07-12	prior:?ALL	?TREND
1635	80ab1365-72bb-4943-851b-3f829d41e45c	play	3. Loop Habit Tracker	4	2020-06-14	prior:?ALL,?PAT	?DAYNM,?PAT
1636	7c0c7a54-aa40-4306-8944-5ae255168480	play	3. Loop Habit Tracker	4	2020-04-17	prior:?ALL	?WEEKG
1637	0ee61d12-47f7-4340-8a32-8bbad6586e47	play	3. Loop Habit Tracker	4	2020-03-05	prior:?ALL	?PCT
1638	3c367e1a-65d4-4f94-be19-5ef346a9b698	play	3. Loop Habit Tracker	4	2020-01-30	prior:?ALL,?TOT	?TOT
1639	23b84bbc-557b-4762-9aed-9a59a875cf84	play	3. Loop Habit Tracker	4	2020-01-26	prior:?ALL	?TREND
1640	702167f5-450e-4acc-b71f-67920f2ce235	play	3. Loop Habit Tracker	5	2019-12-19	prior:?GRP,?ALL,?PAT	?HAB
1641	0fbc1b44-b0b8-477f-8fb9-0df9c19f6b41	play	3. Loop Habit Tracker	5	2019-07-12	prior:XCONF,?ALL,?PART	?TREND
1642	a14eb64a-347c-417f-ac26-b53acf476f9f	play	3. Loop Habit Tracker	4	2019-05-16	prior:?ALL	?WEEKG
1643	560ac2fb-55ff-4e5e-af24-9c06c0283196	play	3. Loop Habit Tracker	5	2019-04-24	prior:?ALL	?RPT,?QUIT
1644	8291bf38-ffc4-440e-805a-2ee035a79b48	play	3. Loop Habit Tracker	4	2019-03-09	prior:?ALL	?TREND
1645	be8d7012-7f0b-4cd8-a9dc-bb138679979f	play	3. Loop Habit Tracker	5	2019-01-21	prior:?ALL	?TREND
1646	d4aac5d9-cb3c-4e6d-96fc-47c57a3a953d	play	3. Loop Habit Tracker	5	2018-11-13	prior:?ALL	?TREND
1647	df0643ff-bc9c-43e9-bc76-2175b261c3f1	play	3. Loop Habit Tracker	4	2018-08-11	prior:?ALL	?TREND
1648	14e1b95e-12a9-4357-85bf-0b4244f3ae9c	play	3. Loop Habit Tracker	4	2018-07-23	prior:?ALL,?RPT	?TREND
1649	ea5a28ac-35cf-4ffe-b26f-cc005890af17	play	3. Loop Habit Tracker	5	2018-05-23	prior:?ALL	?TREND
1650	640a370c-8236-462f-a118-7e65ba5ef3fb	play	3. Loop Habit Tracker	4	2018-02-04	prior:?ALL,?GRP	?DAYNM,?CAT
1651	00b96d59-b0b8-4dee-81df-d9b50eefca77	play	3. Loop Habit Tracker	5	2017-11-23	prior:?ALL	?TREND
1652	bf79e8ad-13d5-4825-8655-fa5699f0835e	play	3. Loop Habit Tracker	5	2017-10-28	prior:?ALL	?PCT
1653	2e9938e3-31a5-44e1-98e5-df3480aa2aa9	play	3. Loop Habit Tracker	5	2017-06-08	prior:?ALL,?PCT	?PCT,?TOT
1654	3202f3c5-d0a7-426b-86c0-2a4a4967674b	play	3. Loop Habit Tracker	5	2017-02-20	prior:?ALL	?TREND
1655	f05ccef6-4aa9-448d-aec1-7e35d950a21e	play	3. Loop Habit Tracker	4	2016-05-06	prior:?QST,?TOT,?ALL	?TREND,?QUIT
1656	0a7fb954-beb4-476a-8de5-bd0451f8a1ea	play	3. Loop Habit Tracker	5	2020-05-19	prior:ALL,LONG	+WEEKG
1657	9a9746fb-18fb-4838-bf3d-f83ba974cfc9	play	3. Loop Habit Tracker	4	2019-01-23	new:1 out of 3 Habits	NA
1658	b49a1c04-3b67-4085-8719-fe5be823993b	play	3. Loop Habit Tracker	5	2024-08-04	prior:?ALL	?PCT
1659	90df557f-0981-434d-8689-d5d5923bcf7e	play	3. Loop Habit Tracker	5	2018-12-23	prior:ALL	+WEEKG
1660	a2c57615-aa6b-45ad-bf5f-50a6707ece2d	play	3. Loop Habit Tracker	5	2023-09-19	prior:?ALL,?CAL	?WEEKG,?TREND
1661	6cff4a4c-09f1-4544-a336-087b6c32f28f	play	3. Loop Habit Tracker	5	2022-06-17	prior:?ALL,?PAT	?TREND,?PAT
1662	2b0c68c3-f85e-4429-9ae4-4ae88562ee0e	play	3. Loop Habit Tracker	5	2025-09-03	prior:?WEEK,?RPT,?ALL,?EXP,?CAL	?WEEKG,?RPT,?PERIOD
1663	9c73d0cf-03bd-42e7-8d66-72f2a201e052	play	3. Loop Habit Tracker	5	2025-03-11	prior:?ALL,?PAT	?PCT
1664	fce61594-751b-4463-8f1b-7331b61c0eee	play	3. Loop Habit Tracker	4	2023-09-25	prior:?ALL; new:Overall Stat	?PCT
1665	5da6768d-fd43-461a-b0a8-dac68c1f86e2	play	3. Loop Habit Tracker	5	2018-07-27	prior:?ALL,?PCT	?DAYNM,?TREND
1666	b5bfde34-578b-4b49-8949-1365ef8f4c5e	play	3. Loop Habit Tracker	4	2026-04-12	prior:?TOT,?ALL	?HAB
1667	9f2afaa6-6c28-43ee-8f25-c0e5664df203	play	3. Loop Habit Tracker	5	2019-11-21	prior:?ALL	?TREND
1668	f59bb1ea-aa8b-42fe-8559-bd6b787adfa6	play	3. Loop Habit Tracker	5	2016-04-24	prior:?ALL	?TREND
1669	c461b6a5-5ad0-4e89-82ff-652dd61aa80b	play	30. Habit Tracker - Routine & Goals	2	2024-09-21	new:average score	?PCT
1670	8b2d8fe4-d028-4b01-bacb-7603fe73adc5	play	30. Habit Tracker - Routine & Goals	4	2023-08-10	prior:?ALL,?GRP; new:overall percentage	?PCT,?CAT
1671	7fb5d690-2d09-4637-9092-5cd8a9b98d4c	play	30. Habit Tracker - Routine & Goals	5	2022-11-06	new:perfect day	?FULL,?FSTRK
1672	05426325-6b75-4bb7-9b79-df6dd216aad9	play	31. HelloHabit - Habit Tracker	5	2026-09-05	new:weekly progress	+WEEKG
1673	3314ebba-fbfc-41da-a8d0-a28ea7c9b859	play	31. HelloHabit - Habit Tracker	5	2024-12-17	prior:ALL	NA
1674	d66aee67-c5c5-40e0-a671-304b84383025	play	32. Daily Habits - AI Habit Tracker	5	2024-09-14	prior:ALL,PCT	+DAYNM
1675	b16c29e4-4e66-41cb-a0bf-5e1456e359b4	play	32. Daily Habits - AI Habit Tracker	5	2024-01-01	prior:ALL,PCT	+PCT,+DAYNM
1676	51078609-649f-4807-895d-312651ef455c	play	32. Daily Habits - AI Habit Tracker	5	2023-11-01	new:weekly summary	+RPT,?PERIOD
1677	ed8ab417-63ef-4af4-a4f9-7a9d0867af96	play	32. Daily Habits - AI Habit Tracker	5	2025-01-27	prior:ALL,PCT,?RPT	+DAYNM,+RPT
1678	97018833-2e77-44c9-b267-c81119131252	play	32. Daily Habits - AI Habit Tracker	5	2024-09-02	prior:ALL,PCT	+DAYNM
1679	5627bf6c-89bb-40f2-8a69-c11f64812bab	play	32. Daily Habits - AI Habit Tracker	5	2024-08-21	prior:ALL,PCT	+DAYNM
1680	16b9718f-5d17-49db-9da1-a731fe8d1258	play	32. Daily Habits - AI Habit Tracker	4	2023-09-23	prior:ALL,PCT,?RPT,?STAT	+PCT,?RPT
1681	0a0d7d90-c787-4e00-a3af-34c1471b86e4	play	32. Daily Habits - AI Habit Tracker	5	2023-09-06	prior:ALL,PCT	+PCT
1682	5b044d56-e460-41c0-95a0-01a7c13b309a	play	33. Productive - Habit tracker	5	2024-06-03	prior:?ALL	NA
1683	9317f37e-dc80-4975-a08e-3727d367ee1c	play	33. Productive - Habit tracker	5	2021-05-23	prior:?ALL,?TOT	?TOT,?HAB
1684	f2f90214-c972-4c03-9ba2-2f5903c4596b	play	33. Productive - Habit tracker	5	2020-05-19	prior:ALL	GEN
1685	8c1294c5-2a48-4e44-a1bb-a83f23378057	play	33. Productive - Habit tracker	5	2020-03-09	new:full days	FULL
1686	b02f789a-f73a-48f1-8b27-f650afd99fe0	play	35. Motivated - Habit Tracker	3	2025-08-17	prior:XCONF,XGATE,?ALL	?WEEKG,CONF
1687	74f5a754-6591-4cc6-aa83-cf4b01a3ebab	play	36. Fun Habit - Habit Tracker	4	2024-01-04	prior:?TOT,?ALL	?TOT
1688	8d7173ed-c152-4692-a20c-3060362fa3f9	play	37. Habitify - Habit Tracker	1	2026-08-03	prior:XREMOVED,XNONDAILY,ALL	-NONDAILY,-PCT,+PCT
1689	02b5a3d6-f65b-47d0-af9c-d3f284f2717e	play	37. Habitify - Habit Tracker	5	2026-03-11	prior:ALL,YEAR,STRK	+WEEKG
1690	9cefa7ff-ffe4-4c38-9770-b94a81d07329	play	37. Habitify - Habit Tracker	2	2024-02-04	new:perfect week	-NONDAILY,-RPT,HONEST
1691	7397d861-df54-498e-b6c4-0a1ffa040505	play	37. Habitify - Habit Tracker	3	2024-01-06	new:weekly view	?WEEKG
1692	23fab1a2-2491-4b8f-ba75-8c4fc6a228e5	play	37. Habitify - Habit Tracker	5	2022-06-19	prior:STRK,ALL,STAT	+PCT,+DAYNM
1693	e2753d09-4ebe-4261-aac4-9a3557ac03ab	play	37. Habitify - Habit Tracker	4	2022-06-13	prior:ALL; new:overall progress	+PCT
1694	65ee1981-d88b-4f4e-b131-05b4beba158b	play	37. Habitify - Habit Tracker	5	2022-03-02	new:total time spent	+TOT
1695	8d17605f-3695-4559-b06a-e18ecf030e1f	play	37. Habitify - Habit Tracker	1	2020-09-22	new:0/9 habits	-CONF,-PCT
1696	fa99c52e-7776-46e1-a427-9cb207f33fbc	play	37. Habitify - Habit Tracker	5	2019-12-07	prior:?ALL,?CAL	?WEEKG
1697	e9ecb87a-667d-41bc-ba70-2a26a6092ef7	play	37. Habitify - Habit Tracker	4	2026-05-26	prior:ALL	+RPT
1698	62592780-e40e-493f-91ba-35feb35d098f	play	37. Habitify - Habit Tracker	2	2026-01-06	new:dias perfeitos	-CONF,-FULL
1699	0f6507c6-7cc0-4d02-8928-d25305087b74	play	37. Habitify - Habit Tracker	3	2019-03-17	prior:XREMOVED,XCLUTTER,ALL; new:general progress	SIMPLE,-RPT
1700	f50c4aef-9979-40a6-ad93-b8f9e93fd94f	play	38. Roubit -Daily Life Routine Care	4	2023-05-06	new:all my tasks done	NA
1701	2298baa2-5026-4ffa-882b-44acad46904d	play	38. Roubit -Daily Life Routine Care	2	2023-03-04	new:weekly progress	RPT
1702	1c62af52-e82e-493e-a1bc-d1ed2621b4d1	play	38. Roubit -Daily Life Routine Care	5	2023-02-02	new:주간 리포트	RPT
1703	cbb409e8-3e2b-4169-8a14-f6112194d258	play	38. Roubit -Daily Life Routine Care	5	2023-01-02	new:주간 통계	+RPT
1704	c7853a3d-19e8-4ae0-8234-a8294e7a8487	play	38. Roubit -Daily Life Routine Care	5	2022-10-28	new:주간리포트	+RPT
1705	3c9041c3-404c-42f7-85a0-eb7899d683e1	play	38. Roubit -Daily Life Routine Care	5	2021-01-26	new:주간 리포트	-CONF,RPT
1706	e4fcf096-6354-42b5-98a9-8116e93c290d	play	4. Me+ Lifestyle Routine	3	2025-01-05	new:Wochenübersicht	?WEEKG
1707	df3c1637-7b1f-4e15-9ba6-e380e05e39e4	play	4. Me+ Lifestyle Routine	3	2025-08-14	new:full day	NA
1708	937e3b95-c2ec-46ca-9231-f9a4ea2c395a	play	4. Me+ Lifestyle Routine	4	2025-06-26	new:best habit	NA
1709	e9af1f55-18b2-4998-89c9-52216d870f82	play	4. Me+ Lifestyle Routine	5	2025-01-31	new:perfect day	FULL
1710	dfb41926-9633-4e23-b0a6-fab145ff159a	play	4. Me+ Lifestyle Routine	5	2024-12-10	new:full day	NA
1711	9bc9d6ba-d2cc-41bb-a657-18cc1b172141	play	4. Me+ Lifestyle Routine	5	2024-07-21	new:full day	NA
1712	5b0192ac-2628-4d28-a070-7b3f87665aae	play	4. Me+ Lifestyle Routine	1	2024-04-16	new:week to week	?WEEKG
1713	320fdc85-58a8-4baf-8b08-5e1ca027fdd1	play	4. Me+ Lifestyle Routine	2	2024-04-09	new:full day	NA
1714	ec3d4526-f284-469d-810f-759bb613db72	play	4. Me+ Lifestyle Routine	5	2024-04-04	new:most successful	NA
1715	f7a07b80-3c57-47a7-b15d-1365e15ffa05	play	4. Me+ Lifestyle Routine	5	2024-03-29	new:all my tasks done	NA
1716	840fe026-620f-4d1b-b63d-35e0240a55c8	play	4. Me+ Lifestyle Routine	5	2024-01-28	new:all of my tasks complete	FULL
1717	17135073-5252-441b-9ea2-f1999374c785	play	4. Me+ Lifestyle Routine	5	2024-01-17	new:weekly overview	?RPT,?HAB
1718	2bf2125f-f45d-45fd-bd50-4ff6e242c790	play	4. Me+ Lifestyle Routine	1	2023-08-21	new:full day	NA
1719	66913658-e829-4a89-bbdd-3b921da2977d	play	4. Me+ Lifestyle Routine	1	2023-08-13	new:full day	NA
1720	fe168397-221f-4a9d-a935-7d6451d75b74	play	4. Me+ Lifestyle Routine	4	2025-05-25	new:día perfecto	NA
1721	5008bd90-385f-4429-bddd-f4f09f825aa4	play	4. Me+ Lifestyle Routine	5	2024-01-21	new:día perfecto	NA
1722	1192ffd4-9c11-44a1-9b3c-79720f934bcb	play	41. Routineday Daily Habit Tracker	5	2026-01-30	prior:?ALL,XFIND	?PCT
1723	f9009c3a-c858-4ec5-b3ec-b3f2ff25ba50	play	44. Habit Tracker - TickOff	4	2026-03-27	new:habit score	-PCT,-NONDAILY
1724	e45dd246-4974-4496-8ff4-9063937bab5f	play	44. Habit Tracker - TickOff	4	2025-09-02	new:overall progress	NA
1725	4cb5f51f-7ce8-4d4b-926b-dfdbd1be907e	play	49. RoutineFlow - Routine for ADHD	5	2025-02-08	new:Total overview	NA
1726	cc372cbe-82d4-4720-b780-d58382036e4e	play	49. RoutineFlow - Routine for ADHD	5	2024-05-08	new:full day	NA
1727	77dce002-924b-48b6-aae2-0cf50d838e38	play	49. RoutineFlow - Routine for ADHD	1	2024-02-22	new:full day	NA
1728	e40b8619-eb5d-4c20-aca2-41bab7d63962	play	49. RoutineFlow - Routine for ADHD	4	2023-11-18	new:total time spent	?TOT
1729	bf1eba96-fc5c-4a2d-849e-e899b9093f2c	play	49. RoutineFlow - Routine for ADHD	4	2023-05-17	new:all tasks completed	NA
1730	8847df81-b6e8-418f-90f6-f4de77e7ca7b	play	49. RoutineFlow - Routine for ADHD	2	2022-12-19	new:full day	NA
1731	0bd45f85-1256-4331-b809-0a6c061fd73a	play	49. RoutineFlow - Routine for ADHD	4	2025-04-27	new:week to week	NA
1732	b2880169-aebb-445e-a972-e2e3aaf2dc2f	play	5. Routine Planner, Habit Tracker	5	2025-12-28	new:how many habits I	NA
1733	267238ea-344c-4268-8cc9-87549b214504	play	5. Routine Planner, Habit Tracker	5	2024-10-22	new:all my tasks done	NA
1734	cb0b7057-b35b-47d2-81fe-d5708f376e41	play	5. Routine Planner, Habit Tracker	5	2023-01-01	new:full day	NA
1735	07fbf4f1-145b-4bff-983c-43f39c58793a	play	5. Routine Planner, Habit Tracker	5	2022-08-14	new:all my tasks done	NA
1736	3570c16c-2ed0-44e1-810c-c7633ecd8068	play	5. Routine Planner, Habit Tracker	4	2020-08-20	new:weekly summary	?TOT,?HAB
1737	11f795ad-058b-427d-b892-3fdf35dfdd4a	play	5. Routine Planner, Habit Tracker	5	2022-01-10	prior:?ALL,?CAL,?PCT	?PCT,?PERIOD
1738	7ef34f1b-f59c-4cfd-8414-145d8eec7f4f	play	54. Habit Tracker Kit - HabitDone	4	2025-06-03	prior:ALL,?CHART,?LONG	?DAYNM,?TREND
1739	e2c1d1d3-21a3-4bba-87e7-3bd55914cfc3	play	54. Habit Tracker Kit - HabitDone	5	2024-06-20	prior:YEAR,ALL,PCT	+PCT,+DAYNM
1740	f37067d8-94d9-45b2-b632-6dab4dfe2751	play	55. HabitTick-Habit Tracker & Todo	1	2026-04-25	new:week by week	NA
1741	a9d88971-8910-4312-974d-31e8a015f185	play	55. HabitTick-Habit Tracker & Todo	4	2026-03-03	new:weekly dashboard	WEEKG
1742	c7a1f7f0-29c8-4c95-91c6-0d06215626fb	play	58. Habitide - Habit Streak Tracker	4	2025-04-12	new:weekly view	PART
1743	2125a2b3-f9d9-4f35-9514-b59f96cf09c5	play	61. Hizo - Habit Tracker & Todo	5	2026-03-13	new:perfect day	+FULL
1744	eae576fc-7a6d-48ab-ad80-d4defc352748	play	61. Hizo - Habit Tracker & Todo	5	2026-01-07	new:perfect day	+FULL,+FSTRK
1745	e6b5e94f-50f5-4184-af7f-6c7e2b23d61a	play	61. Hizo - Habit Tracker & Todo	5	2025-12-15	new:perfect day	+FULL
1746	91585650-e4bb-4a08-aa57-edd65efc59ec	play	61. Hizo - Habit Tracker & Todo	5	2024-01-12	new:perfect day	+FULL,+HAB,+TREND
1747	6ea20392-d98f-4458-93ca-343a83511a49	play	61. Hizo - Habit Tracker & Todo	5	2025-01-21	prior:ALL,PCT; new:día perfecto	+FULL,+DAYNM
1748	13ab9321-823e-47ab-ac8b-b5499d36c709	play	61. Hizo - Habit Tracker & Todo	5	2023-10-24	new:día perfecto	+FULL
1749	1ea5d10a-b419-462e-8d41-613837fef529	play	61. Hizo - Habit Tracker & Todo	5	2024-08-16	prior:ALL,PCT,CAL	+DAYNM
1750	c573b4bb-98d7-4a5a-ad64-0f8f193f2514	play	63. Habit Hunter - Gamified Routine	5	2023-01-04	prior:?ALL	?HAB
1751	17f4d3d9-0c5d-4062-94e2-539b4d4b1a5d	play	65. Goal & Habit Tracker Calendar	4	2026-09-04	prior:?PCT,?ALL	?DAYNM
1752	2d88bf06-3d62-4c9d-a5e5-ab183771cedc	play	65. Goal & Habit Tracker Calendar	4	2019-10-14	new:Wochenübersicht	?NONDAILY
1753	396b8d28-d368-4818-a1f9-5615c5d7c151	play	65. Goal & Habit Tracker Calendar	4	2019-01-19	new:Wochenübersicht	WEEKG
1754	66354b4e-775c-424c-976e-dd146dac64e1	play	65. Goal & Habit Tracker Calendar	5	2026-07-17	prior:WEEK,ALL,DAYD; new:weekly view	+WEEKG
1755	afed4b56-1db3-471d-b1d8-a56e1bf05e16	play	65. Goal & Habit Tracker Calendar	5	2026-02-05	new:since last week	-CONF,?CAT
1756	cdec6353-c013-4187-85fa-386c015c6118	play	65. Goal & Habit Tracker Calendar	5	2025-05-19	new:weekly view	+WEEKG,+HAB
1757	09b9ec8e-5aaa-4d61-98ed-394bc295bee1	play	65. Goal & Habit Tracker Calendar	5	2025-01-29	prior:WEEK,ALL	+WEEKG
1758	6142f3cc-0a94-4e4a-8e0b-b15c3f4dbd0e	play	65. Goal & Habit Tracker Calendar	2	2023-05-23	new:completed days	NA
1759	545db676-2da7-42ad-9d4d-2bff6b0556ce	play	65. Goal & Habit Tracker Calendar	5	2023-01-28	new:weekly view	+WEEKG
1760	a6ec7c58-d48c-4bff-9499-81f428873dd9	play	65. Goal & Habit Tracker Calendar	5	2021-12-08	new:weekly view	+WEEKG
1761	c8b96149-cc7e-4a0b-a976-8f8971d5ea8b	play	65. Goal & Habit Tracker Calendar	4	2021-08-04	new:weekly view	+WEEKG
1762	333eb9b0-0c75-475b-b1d2-aabdfc6bd5f5	play	65. Goal & Habit Tracker Calendar	5	2021-05-16	new:habit score	+HAB
1763	da0e4753-fba4-4657-bbe8-4b7adf3a6561	play	65. Goal & Habit Tracker Calendar	3	2020-06-08	new:completed days	NA
1764	398d4470-a544-4efb-b0ec-f07bfecb2b3f	play	65. Goal & Habit Tracker Calendar	5	2020-03-21	new:complete day	NA
1765	ef4ab7ca-c58c-46ac-97a3-d73788352b9d	play	65. Goal & Habit Tracker Calendar	5	2020-01-25	new:daily score	+DAYNM
1766	0055e6c8-6784-4032-aaaa-133f2f1e6f93	play	65. Goal & Habit Tracker Calendar	4	2019-11-26	new:overall progress	?TREND
1767	01f09436-588f-48ab-84d9-10df20660ffc	play	65. Goal & Habit Tracker Calendar	5	2019-08-04	prior:WEEK,ALL; new:weekly view	+WEEKG,+HAB
1768	d84ea992-4364-47de-a8cf-a64686117d93	play	65. Goal & Habit Tracker Calendar	4	2019-07-16	new:overall progress	?PCT,?TOT
1769	b5ece5a6-8b96-4fe6-a174-ddd2dc1d2a39	play	65. Goal & Habit Tracker Calendar	4	2019-05-27	new:all habits together	?WEEKG
1770	11b8c1d5-1a80-4c7a-8cee-e25236eebc79	play	65. Goal & Habit Tracker Calendar	4	2019-03-08	new:how many goals I	NA
1771	d81b020a-a460-4e7d-a763-c5873d2c6ff0	play	65. Goal & Habit Tracker Calendar	4	2019-02-10	prior:?ALL,?CHART; new:overall progress	?PCT
1772	acd02291-7cc7-4197-ab45-a32a728f5b43	play	65. Goal & Habit Tracker Calendar	4	2018-12-02	prior:?ALL	?PCT
1773	cac8a1c1-29cd-44b5-b9aa-17717c61018a	play	65. Goal & Habit Tracker Calendar	5	2018-08-06	new:on track	NA
1774	c239905b-26ed-4abd-b477-bef1c9b7653e	play	65. Goal & Habit Tracker Calendar	5	2018-07-10	new:on track	NA
1775	0c3c7628-3712-4ed5-8b75-270d2a76a45d	play	65. Goal & Habit Tracker Calendar	5	2018-06-07	new:most successful	NA
1776	444511f8-ccac-4a4b-8fde-36fedde612df	play	65. Goal & Habit Tracker Calendar	5	2018-02-13	new:weekly progress	+WEEKG
1777	291ff0b0-c761-4d29-830e-5a93f5783282	play	65. Goal & Habit Tracker Calendar	3	2018-01-18	new:weekly review	?PART,?RPT
1778	a6367fde-6340-4b2a-8541-02553d1dcef9	play	65. Goal & Habit Tracker Calendar	3	2018-01-01	new:total score	?RPT
1779	e1d2cf47-7d3e-45ef-a2c8-d9e2e95aade2	play	65. Goal & Habit Tracker Calendar	5	2017-12-27	new:how many goals I	+DAYNM,+TOT
1780	63036911-18e4-4326-a2fc-2ab884cef79e	play	65. Goal & Habit Tracker Calendar	5	2017-05-02	new:overall progress	+PCT
1781	fac8ebaa-d15d-4e84-949d-fdb9c6534b84	play	65. Goal & Habit Tracker Calendar	4	2017-01-10	prior:?RPT,?ALL,?CHART	?RPT,?TREND
1782	c9d97c32-82e8-449c-957c-9f29e9fea511	play	65. Goal & Habit Tracker Calendar	5	2016-11-24	prior:WEEK,ALL; new:on track	+WEEKG
1783	107cf87e-99f4-41cd-abce-e37a355120bb	play	65. Goal & Habit Tracker Calendar	5	2016-07-13	new:weekly view	?CAT,?NONDAILY
1784	178b2d79-7b7d-4939-b41f-93af4f18bc9c	play	65. Goal & Habit Tracker Calendar	5	2016-05-21	prior:ALL,CAL	+WEEKG
1785	5c960334-7da4-48aa-a46d-eb5b947863c9	play	65. Goal & Habit Tracker Calendar	4	2016-05-11	new:weekly view	+WEEKG
1786	f6d19f71-7c7c-4928-a918-3d6c7260f3c4	play	65. Goal & Habit Tracker Calendar	5	2016-02-19	new:weekly view	+WEEKG
1787	3f244f9a-c422-4f44-a4ea-d64dd7e6121c	play	65. Goal & Habit Tracker Calendar	5	2021-06-15	prior:?CAL,?YEAR,?ALL	?WEEKG
1788	fa5a0e97-9b92-4fbf-a140-39e4f9431724	play	65. Goal & Habit Tracker Calendar	5	2020-08-04	prior:CAL,?ALL	?PCT
1789	7987b397-7960-4bdf-a103-7bbbe1fea7fc	play	65. Goal & Habit Tracker Calendar	5	2017-01-02	new:most successful	+WEEKG
1790	48e2fd62-5684-484d-97c4-d28e1717eeaa	play	65. Goal & Habit Tracker Calendar	4	2022-02-14	prior:?CHART,?ALL	?TREND,?WEEKG
1791	f47ec483-ac7b-4890-9ee4-94243aa49c0c	play	65. Goal & Habit Tracker Calendar	5	2019-02-14	prior:WEEK,CAL,ALL	+WEEKG
1792	f85ab217-8cb6-4629-8619-8c0de9b5370e	play	65. Goal & Habit Tracker Calendar	4	2018-06-02	prior:?ALL,?CHART	?HAB
1793	9c3b40a2-986b-4842-9b88-11d4a0aa795b	play	65. Goal & Habit Tracker Calendar	4	2019-03-24	new:итоги недели	?RPT
1794	d87c0e9a-c617-4361-aad1-d736e34796fd	play	65. Goal & Habit Tracker Calendar	5	2022-12-16	prior:?PCT,?ALL	?PCT,?HAB
1795	6d8c9c5d-d085-416b-bf53-7077b78b8217	play	68. Habit Tracker - Habstick	5	2026-04-07	prior:ALL	+RPT
1796	3dd2814b-a68d-4691-b437-258c3406c403	play	68. Habit Tracker - Habstick	5	2026-03-06	new:completed days	NA
1797	a5b7d8ee-b0af-450b-acdc-ac1cdddda2f5	play	68. Habit Tracker - Habstick	4	2026-02-16	prior:?ALL	?PCT
1798	70be594a-3a83-413b-bdd5-ae520b7af7a1	play	68. Habit Tracker - Habstick	3	2025-12-08	prior:?ALL	?PCT
1799	4d9a6024-09df-4327-a6f1-27d72be57d3b	play	69. EZ Habit - simple habit tracker	4	2026-03-16	prior:?YEAR,?ALL; new:all habits combined	?PCT
1800	219fab6e-e9fe-414c-bed6-100475dfec75	play	69. EZ Habit - simple habit tracker	4	2023-01-23	new:all my habits on one	?WEEKG
1801	ef38a67d-2614-43ae-b7fe-8d9dcc4a58b4	play	69. EZ Habit - simple habit tracker	4	2022-08-26	new:weekly view	?PERIOD,?WEEKG
1802	fe6b7908-ca50-4c84-8c20-2f64e0ee3e9b	play	69. EZ Habit - simple habit tracker	5	2022-03-16	prior:?ALL,?CHART	?TREND
1803	b24edda0-ef46-4bd3-aaea-2fd996db4bad	play	69. EZ Habit - simple habit tracker	5	2022-01-17	new:most skipped	NA
1804	c44d6681-65ee-4113-9986-d2485ede09a3	play	69. EZ Habit - simple habit tracker	5	2021-09-05	prior:ALL,CAL	+WEEKG
1805	93ba61d2-272c-423e-9b81-ea2e42f0e158	play	69. EZ Habit - simple habit tracker	5	2021-07-26	new:completed day	NA
1806	0e2ebac9-c167-45fb-b5e0-60e16f6f7a3a	play	69. EZ Habit - simple habit tracker	4	2021-06-21	prior:?CHART,?ALL	?TREND
1807	8b3b5f97-381d-4dec-938c-5d5347f1f891	play	69. EZ Habit - simple habit tracker	4	2021-09-18	prior:?ALL; new:general stat	?PCT
1808	2e9bbb8b-cd9b-4a62-aa69-ae50965088da	play	69. EZ Habit - simple habit tracker	5	2022-01-21	prior:?ALL,?STRK	?DAYNM,?FSTRK
1809	86e0fe5c-41c5-4860-a13b-5a68acaedb3a	play	7. Habit Tracker - Habit Streak	5	2025-09-09	new:weekly progress	NA
1810	2bd8ebbf-b781-4a6f-b98d-3ec4ad062be6	play	70. everyday Habit Tracker	4	2023-11-18	new:weekly graph	NA
1811	ed968575-15a9-4e9c-86a1-e4649c160a8b	play	70. everyday Habit Tracker	3	2022-12-01	prior:?ALL,?PAT; new:combined stat	?HAB,?PREV
1812	1b14e6f7-01f4-4e24-9ef0-0c7b9d128059	play	70. everyday Habit Tracker	5	2022-04-14	prior:STAT,ALL	NA
1813	f4dca8bc-b603-4987-a86d-d6629ba16aa5	play	70. everyday Habit Tracker	4	2021-10-04	new:average completion	-NONDAILY,-PCT
1814	6fe5c941-4d75-43f1-859b-78fd973110d5	play	70. everyday Habit Tracker	5	2021-06-16	prior:XCONF,ALL	-CONF
1815	ec5f5ce2-6d3b-4b34-a011-65ae7ee48a63	play	70. everyday Habit Tracker	4	2020-11-02	prior:?ALL,?PCT	?DAYNM
1816	bfe8b1d2-a329-4de4-b3a7-ffde79291cee	play	8. Habitica - Gamify Your Tasks	4	2017-09-05	new:weekly view	?WEEKG
1817	58949ecd-a427-46ef-9cd0-c4b82e2b6262	play	8. Habitica - Gamify Your Tasks	4	2025-07-25	new:overall progress	?TREND
1818	08b14766-d588-466f-a7c1-1cc5937d2f87	play	8. Habitica - Gamify Your Tasks	4	2025-05-08	prior:?CHART,?CAL,?ALL	?TREND
1819	b62c263e-cf0b-417e-82c9-b146211b9a43	play	8. Habitica - Gamify Your Tasks	5	2024-02-28	new:habits need work	?RPT,?HAB
1820	bae77e1a-63a6-4351-b9ce-311dae8b0766	play	8. Habitica - Gamify Your Tasks	4	2023-08-20	prior:?ALL	?RPT
1821	4cb62005-2eb5-4007-a83f-2c641cf921f9	play	8. Habitica - Gamify Your Tasks	5	2022-04-13	new:most consistent	NA
1822	a71930a6-f9be-4abf-a79e-afce79bab0eb	play	8. Habitica - Gamify Your Tasks	5	2020-10-04	new:best habit	NA
1823	b5e86a1a-c2b6-4c70-a6e7-4d30a04dc776	play	8. Habitica - Gamify Your Tasks	4	2020-10-03	new:week by week	?PREV
1824	cd0f3904-f887-4501-880c-75262096d0fc	play	8. Habitica - Gamify Your Tasks	5	2020-07-12	new:best habit	NA
1825	9f67f8f2-82bc-450e-887b-1547bb8df0d8	play	8. Habitica - Gamify Your Tasks	3	2020-03-07	prior:?CHART,?ALL	?DAYNM
1826	4af85be2-f0ba-4652-9dbe-02849ecab005	play	8. Habitica - Gamify Your Tasks	2	2020-02-01	new:daily score	?QUIT,?DAYNM
1827	4e83ca1b-9f66-4cb8-9457-a5f5a650c42d	play	8. Habitica - Gamify Your Tasks	4	2018-02-16	prior:?ALL,?PAT	?HAB
1828	07c9a312-bfe3-48c4-a6dd-2655eb0e978b	play	8. Habitica - Gamify Your Tasks	2	2017-08-22	new:week to week	NA
1829	a2b35499-3202-427a-9d94-87fb4fdde438	play	8. Habitica - Gamify Your Tasks	5	2020-10-04	new:día perfecto	+FULL
1830	c068ed6d-8e38-4578-ab53-16592d28f16a	play	8. Habitica - Gamify Your Tasks	5	2025-12-09	new:ones need more attention	+HAB
1831	9f4bb399-1127-4baa-86ae-ea4b531bccfd	play	8. Habitica - Gamify Your Tasks	1	2018-01-28	new:general overview	?TREND
1832	db078b84-fa4e-46c9-a9a5-0bc84f94cb46	play	8. Habitica - Gamify Your Tasks	5	2022-12-07	new:best habit	NA
1833	109b2f3e-aac9-41de-be13-a135bb1bd7ad	play	8. Habitica - Gamify Your Tasks	3	2026-07-02	prior:?ALL,?PCT,?CAL	?DAYNM
1834	6c158eae-a932-4248-9ac8-ddc27e89bbdc	play	86. Miracle Morning Routine	3	2022-11-02	new:completed day	-NONDAILY,SHAME
1835	0a6aeb0c-7120-40e5-98dc-9deb4918f1c9	play	86. Miracle Morning Routine	3	2022-02-23	new:overall progress	?WEEKG
1836	567ccb32-1ea8-403a-b2fb-ad72b7272745	play	87. Micro Habits - Self-Improvement	5	2022-08-18	prior:?ALL,?CAL	?WEEKG
1837	ab4a5b4b-7f7d-448a-9716-fe5a4528b7cf	play	9. Habit Tracker - HabitKit	4	2024-07-05	prior:XGATE,?ALL	?PCT,?TOT
1838	6306eeaf-cfcc-4dc8-9e85-2c4418a36388	play	9. Habit Tracker - HabitKit	5	2026-08-23	prior:?ALL,?GRP; new:combined overview	?TREND,?CAT
1839	882a4dce-a7bc-4a57-816f-614cff61ed42	play	9. Habit Tracker - HabitKit	5	2026-01-03	prior:?ALL	?TREND
1840	432fc24c-e935-4050-99ff-72c744da9414	play	9. Habit Tracker - HabitKit	5	2025-01-22	new:weekly stat	WEEKG
1841	211a6b2e-630c-452c-987b-84d33661df0f	play	9. Habit Tracker - HabitKit	5	2024-02-22	prior:?QST,?ALL	?WEEKG
1842	79dbead4-6b44-4785-ab72-9ebdf84a6936	play	9. Habit Tracker - HabitKit	5	2024-01-09	prior:?ALL	?WEEKG
1843	55bdd3e6-8060-4af4-8a61-fd9a568353fa	play	9. Habit Tracker - HabitKit	5	2023-10-10	new:overall stat	NA
1844	1e21b74f-b63f-4ce9-96c5-52d807ab6e77	play	9. Habit Tracker - HabitKit	5	2023-10-07	new:perfect week	+WEEKG,+FORGIVE,-FULL
1845	358405ea-ac48-4cec-a94a-1cfeec7d8706	play	9. Habit Tracker - HabitKit	4	2023-07-01	new:all the habits in one	?WEEKG
1846	f8972083-9b9d-4c7c-a80f-df329ee053ef	play	9. Habit Tracker - HabitKit	5	2024-03-23	prior:YEAR,EXP,?ALL	?WEEKG
1847	df6e512a-5e64-43ef-baa0-1edd54ed3346	play	9. Habit Tracker - HabitKit	5	2024-04-10	new:perfect day	+PART,+FORGIVE,-FULL
1848	3de0c2f3-40f8-4ae2-b2a4-66b0697be468	play	91. Habit Check Calendar	3	2025-01-05	new:4 out of 5 habits	?DAYNM,?PCT
1849	46db8c50-09d2-4cb1-9d94-009fca453f7b	play	91. Habit Check Calendar	3	2024-09-13	new:weekly view	?WEEKG
1850	4b380fba-4d61-4f40-bab5-4b224f5769b9	play	92. Qhabit - Daily habit tracker	4	2026-03-30	new:10/10 habits	?DAYNM
1851	83bfe806-941a-4f6e-bcd1-9c5eeb3c8fa1	play	92. Qhabit - Daily habit tracker	5	2024-07-09	new:all habits done	?DAYNM,?FULL
1852	76c9da96-ce8a-4ab8-bd05-0f7d4d515410	play	92. Qhabit - Daily habit tracker	5	2023-06-04	prior:?ALL,?PCT; new:overall percentage	?PCT,?TREND
1853	58ffcfc9-0587-4f02-a6f6-dd100a9aebbf	play	92. Qhabit - Daily habit tracker	1	2025-07-22	prior:?ALL	?PCT
1854	4fa3cc31-1d0f-4480-8e20-355d680832cf	play	98. Rabit - Habit Tracker & Planner	4	2024-06-24	new:días perfectos	-FULL,SHAME
1855	1fb1fbc3-8991-4eae-bdf7-8451ccdc906a	play	98. Rabit - Habit Tracker & Planner	5	2021-01-06	new:dia perfeito	FULL
