0	A1#544	5	 thanks to this app. i have never been able to motivate myself to achieve my goals however this app has changed that. i see success in myself each day and the confetti i see when i complete all my goals adds onto that drive to do good. doing small things everyday will help to keep me motivated and do what i want to accomplish in a positiv
1	A1#650	5	I wish you could customise the list of habits || Please can you change it so you can customise which habit goes in what order  I made my list and realise after I can change what comes first and what goes last  Love the app otherwise just really annoying
2	A1#688	1	Doesn’t show all your habits on Home Screen || I had set up 7 habits but on the Home Screen, it only showed me 5. I had to dig further into the app to see the 2 missing habits. Which doesn’t make it easy to use when you are logging/tracking your habits. I had contacted the developer and had already done all their suggestions and still can
3	A1#2222	4	Great app, well designed || Great app, good job. It would be nice in the “Today” pane or window to see all the habits or tasks or the day aligned at the top under a sub-section named “Today” and underneath the other habits or tasks listed under other sub-sections named “This week” and “This month&#34; to visualise more easily what HAS to 
4	A1#43805	3	Bad habits tracking missing? || I like this app, using it only for a while -there is a good list of habits prepared for tracking and premium upgrade is fairly priced.  While, I was not able yet to find way how to use app for breaking habits. This feature seems to be missing
5	A1#44703	5	Justo lo que buscaba || Primero investigué que actividades tengo que hacer diariamente para mantenerme feliz y productiva. Después me empecé a apuntar en el habit manager si lograba hacer esas actividades o no. La acción de apuntarlo en un sitio y poder ver el progreso diario de uno motiva muchísimo
6	A1#45170	4	AMAZING!!!!!! || The app is so good and it helps me manage all my habits that I can complete and u get a limit of six tasks but it’s so GOOOOOOD!!! I used it and now I feel like I’m getting like better habits now and I use this app with the Me+ app!!!!✨
7	A1#45669	3	 are morning, afternoon or evening, I would expect the habits to show up each day in order of habit. For example, I’d expect a morning walk to show up higher in my daily list of habits than evening skincare, which is set up as an evening habit.
8	A1#45741	1	Buggy app || When I make a new habit and save it, it doesn’t show up in the list of my habits for every day. The app’s main functionality just doesn’t work
9	A1#46027	1	isappearing! Both when I enter data, it resets itself when I return to the app an hour later, but more annoyingly the habit itself keeps disappearing too and it’s not in habit manager when I go to look either!
10	A1#46106	5	 that out initially so deleted the habit and tried to create it again with a correct reminder time. Appeared to succeed but then that habit was not visible under today’s list of habits. Eventually found out on the all habits page (presumably because the reminder time is now passed, though again that  isn’t immediately obvious) but again, 
11	A1#46135	5	s everything I need. It can have habits which count daily sessions and other habits that sets time limits. I love the focus music that goes with the timer. It has weekly overview of all the habits you have done, a monthly tracker and a yearly tracker. It records current streaks, how many minutes of the habit you have completed in a month 
12	A1#46488	5	Simple and Convenient || Simple yet have many options for customized the habit list.
13	A1#47325	4	Really good app but || Please include an option to categorise the habit list under different sections, vertically itself. Like all activities under one heading etc right now it a long list with no separation.
14	A1#47328	5	elp me out here..  1. once I share few of my habit with a fellow friend, it doesn’t sync up properly and even after accepting all the habits, it will show in my friend’s habit list but not in the shared tab to check habits of each other.  2. Can you please make the font/icon/ or everything a bit bigger for the Apple Watch. Everything look
15	A1#48334	3	Not all habit list out error || The habits that i created not listed in today section. I can see it at yesterday and the other day. I just paid for the apps and it is not working properly
16	A1#48534	5	lly love the possibilities the app has to offer. It’s just that I would like to choose to have the habits first on the Apple Watch. It use to be just one corner click to see all the habits. It now starts with the HRV Stress monitor, which is a bit annoying since I have PTSS. So I’m always stressed out, and it’s confronting to see that fir
17	A1#48904	2	Icloud sync || please fix the icloud sync. I cannot connect my iphone and ipad huhuhuhuhu i have a lot of list of habits on my ipad but, it doesn’t sync on my phone huhuhuhu. I am a premium member. Pls pls. Thank you!
18	A1#49333	4	ts or add categories? || Im using the pro version and really enjoying it! Is it possible to categorize or group some habits? Would be great so I don’t have a really long list of habits. For example, I want to add all my house cleaning habits and most of them are weekly/monthly habits and I would rather have them grouped.
19	A1#49928	5	ing) habits.    Feedback about the interface: it would be great if there was a direct access to editing a habit straight from the habit view without having to go via the Habit Manager.  I also miss some documentation. Is there any?  What is the difference between Skip, Hide and simply not doing anything to a habit-entry. Does it show up d
20	A1#50353	5	its really good for habit tracking and see all habits in one chart || i use the app to track my daily habits such as skincare routine, exercise and reading. it helps me organize my day and routines. and weekly, monthly even yearly habit charts look colorful and give motivation and joy to build new habits. thank you ❤️
21	A1#50849	5	I found it! The best habits tracker which I used. || I really like this habit tracker. It helped me to track all my habits in one place. Good customization, good and easy to use interface. Recommended!
22	A1#50868	1	😡 || Paid for premium. When I skip a habit it’s indicated as performed, which ruined my whole progress. Later, all of my habit list has gone..cringe
23	A1#51506	5	ing more of their paid apps in app, and if I missed a day it “froze” me or I had to “start over.” This one? It’s perfect. It gives the choice to time or check a box. The list of habits is *so* easy to create, just hit the settings gear then hit the “Manage Habits” gear. If I want to change my order that’s easy too. Plenty of colors to cho
24	A1#51648	1	g.   The habit/goal kept showing whenever I tapped on a calendar day, and I don’t know why I couldn’t just un-tap it. I went to the FAQ and it said I needed to go to the Habit Manager, but that was for removing the habit completely. I finally got it to take me to the page showing my weekly goal, which was showing as complete even though i
25	A1#51960	1	Deleting habits || So I have to update my review. I made an habit that I wasn’t actually trying to teach. I go into habit manager to delete it and instead of deleting the one I wanted it instead deleted the habit at the top. Once a habit is deleted it removes all the prior status for that habit. I say make 5 test habits and then go in and
26	A1#51989	5	s with widget, but none of them are showing it the way this app does. I figured I need to overview my daily progress in a very convenient way so I keep stay on top of my habit list of all time. And to do that, widget would be the perfect place to do so without opening the app to stay on top. What I currently using is the list weekly view 
27	A1#52161	5	at has all the features I could want, but without being clunky and overwhelming. This is the best design by far!   My only wishlist item is being able to see on the main habit list page which habits are assigned to morning vs evening vs all day. Right now I have them in order to solve for that.
28	A1#52268	1	Watch feature || Can’t see my to get my habit list to open in my watch. Keeps telling me to add them in the app which they are. Any help would be appreciated
29	A1#52626	5	’ve been using this app to help motivate me to keep up with building habits like exercising and meditating daily. They also smartly included widgets to make it easier to see and mark all your habits right on your Home Screen and they even have a widget for the Lock Screen as well. Definitely worth giving this app a try.
30	A1#52884	2	Not impressed || It takes a long time to build the list. Once you get a certain number of habits you have to purchase to add more. Once purchasing it then won’t show all of your habits on the home screen, therefore you cannot track them as you go. There is no correlated direct help center without having to share more private information. 
31	A1#52955	4	for me.  It’s simple, well thought out, and visually pleasing.   The only thing I would change or like to see improved is what habits show on the Watch app.  It seems to show all habits, including habits that aren’t scheduled for today or have a habit term that has not yet started.  IMO on the Watch we should only be seeing habits that ar
32	A1#52978	4	Things I NEED 🤩 || a check list in the habit it’s self being able to reschedule a scheduled habit and have the choice to change just one or all of them and being able to see all the habits together so I don’t accidentally schedule multiple things on the same day. Not sure if all this is in there because I’m just now getting back into usin
33	A1#52985	3	m having terrible sharing the goals with the QR code, I can only share one at a time and even then it keeps freezing. Am I doing something wrong? Also I&#39;m not seeing all my habits on my main screen even though all the filters are set to &#34;all&#34;. Lastly, is there a way for me to sync my habits to my phone and my iPad? I&#39;d lov
34	A1#53078	5	ooking, as well as very easy to use. Lots of customisability, great graphs and insights and gorgeous widgets! My two favourite things are the yearly overview where I can see all my habits on one page and how many days out of the year I’ve completed them, and the second is the widgets so I can easily see which habit I still need to complet
35	A1#53236	4	Great Habit Manager || I’ve been using Habit for a little over a year. It’s been great to help me develop some positive routines and also remind me of those routines every day. The app is what you make it, so if you put in the right reminders and keep yourself consistent, this is the best tool to help you continue to grow in positive habi
36	A1#53458	5	great app || great for creating a list of habits and a lot of control over it!
37	A1#53534	5	Amazing - highly recommend || I hace adhd and a routine is very important I love using this to keep track of all my habits with the widget on my screen. It is nice to see a visual representation of the streaks. This app has helped me establish and maintain the habits I want to keep up with.
38	A1#53600	4	good but sharing habits doesn’t work || my brother and i were attempting to share a habit, but each time i close the app it completely disappears from my list of habits, and when i go to the groups page there is no group anymore. each time i join the group again, it disappears once the app is closed.
39	A1#53734	5	rack fitness activities such as steps!  My favorite feature is the widget customizability. I really like to keep my home screen aesthetic and organized and being able to show each of my habits, with their corresponding colors, overtop my home screen wallpaper is genius. I highly recommend for any busy, ADHD/neurodivergent minds!
40	A1#54079	4	A great app with minor UI issues || Sometimes these issues can be really annoying. For example, it’s easy to drag the progress bar too far in the habit list.
41	A1#54099	5	Best Habit Tracker app I’ve found || This is the easiest and most aesthetic habit app on the App Store. You can make a widget on your Home Screen that allows you to see your daily progress on all of your goals!
42	A1#54230	5	Very easy || Super easy to use and so helpful. I like to visually see all of my habits and love that I can display them on my homes screen. I definitely recommend!
43	A1#54529	1	Adding a habit and it says it’s added but does not appear in my habit list || I added “exercise” and it isn’t showing up. when I try to re-add it says i already have it but it’s not there.
44	A1#54650	5	 to use || I love how simple this habit tracker is compared to other ones. I was looking for a habit tracker where I can just check off my habits. I Love the fact that I see all my habits at once. The only suggestion that I have is that it would be nice to be able to mark what days you would like to complete a specific habit or the freque
45	A1#54653	5	Great for organizing || This app is great for organizing all my habits in one place and see how many times I’m able to complete a task. I love how you can add different colors and icons depending on what you’re doing. Would recommend.
46	A1#54721	1	appeared || I rebooted my phone multiple times. The widget just stopped working and it disappeared. The whole purpose of me having the app was for the widgets so I could display all my habits on one screen. Having to go into the app to record things is just unnecessary. Looks like with the last version update whatever bugs may have been f
47	A1#54752	1	uper basic, right? Without knowing this you’re gonna get stuck with a bloated list of a million habits. But guess what? The app makes it basically impossible to edit the list of habits you create.  There has to he a trick, right? A button to delete? Maybe. But there is no FAQ or help so a good app turns bad pretty quick!!
48	A1#54775	5	Perfect to Track your Habits and goals || Sometimes we think we are doing less than what we are actually doing. This app helps you to see that. Because all habits and goals I want I put in the app and you schedule it . But the summaries are the best. You can see how many perfect days you’ve had , then on a chart I can see in a simple char
49	A1#54874	5	Easy to use- track multiple habits || This app is amazing. You can choose from the list of habits or create your own. You can customize how you track your habits, modify habita, tag habits and best of all, check them off as you complete them, giving an immediate sense of accomplishment. Highly recommend!
50	A1#54970	5	AMAZING || Easy for a daily habit list, and very inspiring.
51	A1#55065	5	s, and the choice between dark and light mode for the widget. One thing I would recommend is being able to save a filter view so that every time you open the app you can see all habits filtered under the last used filter/specified filter. Currently, although you can filter habits by category, it defaults to showing all habits which IMO de
52	A1#55163	2	small problem || The app keeps glitching and taking away one of my habits on the habit manager. Other than that, this is a nice app to help start new habits or quit old ones.
53	A1#55567	5	Simple || Anything easy that helps gets things organized is great.  I like that there are widgets now.  I wish that there was a way to reorder the displayed habit list in the widget (maybe there is and I haven’t found it yet, entirely possible), but that’s pretty much my only issue.  I’m glad it’s around.
54	A1#55834	5	r example, when you complete a habit, the app resorts all habits so that the ones you haven’t started on yet appear at the top. You can set the priority of habits in the Habit Manager, so that your most important habits appear first. Also, I love the fact that habits are sorted the same way in the widget. Because the widget I use only has
55	A1#55902	3	ce per day at anytime. Often, I will mark a habit as done. It disappears from the day’s list as it should. But when I look the following day, it doesn’t register in the “All Habits” view. Example: I completed all four habits the last two days. The “All Habits” history view shows no habits completed the last two days, but the individual hi
56	A1#55922	2	Promising but needs work || I like seeing all my habits in one place, but the interface needs some serious work. A lot of things like “frequency” as not explained. I figured things out with trial and error.  Also, if you need to go back and edit a habit’s history, you’re pretty much out of luck. The app will often freeze or update the wro
57	A1#55923	1	 them. It constantly marks my goals as complete, even if they were not. Resetting the goal doesn’t do anything. Sometimes I would open the app in the morning and it will show all the goals for the day as completed. How!? Why?! I love the idea behind the app so much, but it’s just impossible to use!
58	A1#55984	5	completed when I have tons of habits - it just throws me off a little.  Super minor but would be nice to allow the option to leave them in the order you list them in the habit manager (preferred) or jump to the bottom of the screen when completed.    3.  I kind of wish there was an option to have “bars/chunks/squares” within the color are
59	A1#56024	5	xcited to say, has kept me on track. I don’t know how it does it but I know it does! I love how you can customize it and it makes me excited to do the things I had on my habit list! Please download if you are trying to create a habit for yourself!!!
60	A1#56039	5	Amazing!! || I love this app. It’s absolutely amazing! It’s so easy to use and you can navigate around so quickly to help you find all your habits and help you achieve your goals. Honestly I would 100% recommend. It is completely free and you can add so many habits its crazy.  If there was only one thing I could say is, I which there was 
61	A1#56128	4	 surprised by how easily I could upload and list all the things I needed and wanted to do. The only thing I found I was disgruntled by was the fact that I wasn’t able to see all my daily habits on my Today page, which lead to me being unable to quickly tap, record, and note on my habits without shifting to new pages ( which takes quite a 
62	A10#999	5	t is absolutely fantastic! The finch is super cute, he/she makes you WANT to check in each day and complete your goals. You can write your own goals, choose for the apps list, and you can edit all goals. A great app that everyone can use
63	A10#6364	5	 one place my only qualm is that the goal can’t be organized from time of day and I would love to be able to do that because I don’t need to be scrolling up and down the list to try to find all my goals relevant to the time that it is.
64	A10#12489	5	The best || I sturggle with mental health and taking care of myself but this app helps so much and i really feel proud when i open the app to see i have completed all my goals and also the little penguins are so adorable and i love mine! 10/10 Great app!
65	A10#16419	5	oY).  I feel like in general it’s hard to track long term progress/review over the long term. I’d really appreciate a feature that would allow me to do so, so that I can see how I’m reaching each of my goals, or also check things like how often I’ve logged X emotion over the course of time, etc. Anyway thanks for the great app and would s
66	A10#18460	5	 good organizer for my routine! || I often have a habit of getting overwhelmed when there’s so much to do in a day add I can’t figure out what to do first. Having an app list all my daily goals, in addition to relaxing tools like self reflection and effective breathing excercises really help me stay focused and follow my routine as I pref
67	A10#32282	5	app and send gratitude and love to each other all day.  The self care goals help us to feel better.  I feel like I’ve accomplished something at the end of the day when I see all the goals I marked off, and it helps us all feel more connected.
68	A10#39868	5	consistent?  See history for individual tasks Easily view history in calendar view  Do certain tasks usually get done together?   A search feature for the icons.  Easily view a list of all habits you’ve ever marked complete, even one-timers. Filter by journey, date input, date complete, etc.  Unique furniture to each location in shops!  E
69	A10#41544	5	| I’ve tried many habit trackers and this by far is the best one. Even without a paid membership it’s amazing. I love the new introduction of the daily streaks and I can see myself finishing all my goals each day even better than before. I enjoy all the different areas and cities I can send my lil guy on all the while leaning a bit about 
70	A10#42911	5	y with simple tasks and motivation. Usually I use notes or a marker board but this has helped me feel rewarded, personal, full of color. I’m a visual learner and need to see in front of me all my goals. This has helped me in an instant. It helps remind me of both little and major things. Thank you to creators and developers of this app. T
71	A10#44396	5	got accepted, and it’s given me access to a bunch of fun things, but namely more mental health/mindfulness resources, which is awesome 3. Insights — I love being able to see all my goals/habits/moods so I can potentially track any patterns that I notice 4. Customizable birb, bedroom, and outfits! I love customizing my little friend and se
72	A10#45711	5	keep track of my habits and moods. 10/10 recommend.  Update*  Still really love the app. Would love to see some new features like better task / goal tracking. Ability to see charts for all goals and tasks just like the mood tracker. Maybe more upgrades for the little guy since I don’t really like all the styles, it would be nice to get mo
73	A10#48216	5	o longer feel behind in anything. I love all the features that come with it! Only thing that I suggest though, the selfcare tab of the overview of the days where you can see all the goals, your reflections, exercises and the interactions you did each day youve been active on app, I wish there was an option in that menu to organize what yo
74	A10#49278	5	ekly, or long-term goals into a game. I also love how you can customize your goals by adding a time, how many times you do this a day, etc. It’s incredibly satisfying to see all my goals and tasks organized into “journeys”, and how my progress is reflected through my self care best friend, aka my Finch. Personally, I think this is one of 
75	A10#54529	5	wile also making it enjoyable to do😃!  I have a few ideas that would make it better though. if I could easily check a calendar then you could click on a day and it would show all of your goals, that would be cool. Also maybe you could have like when you save outfits, it also saves the appearance or like color of ur finch to? Thanks. Also 
76	A10#56802	5	little over a year and absolutely love it! It really does help me feel better when I’m down, and it gives me a cute friend to check up on every day! I like being able to see all my goals for the day, especially the ones that relate to my journeys. Finch helps me remember that I do deserve to be proud of myself for the little things I have
77	A10#57798	5	o much good to say about this app it’s changed my world and im not usually a person that sticks to their habits but i check on my bird EVERY day and in doing so i get to see all my goals and reflection topics and meditations and excersizes all right in front of my face every time it’s such a nice interface too i love how smooth everything
78	A10#60024	5	 (and I will if I can keep up on it). I do look forward to unlocking stuff with a subscription one day- maybe when my other subscription expires. It is really amazing to see all your goals of the day go into raising your cute, little bird and it motivates me to do small steps so that it can grow and go on throughout the day. I also really
79	A10#64055	5	ith getting the motivation for basic things like showering and eating. My one criticism is that the goals seem a bit disorganized. As far as I’m aware, there’s no way to see all repeating goals in the same place which I think would be useful. Also I’d be nice if there was a way to organize goals into sections (eg morning, night, work, etc
80	A13#855	4	Nice and easy app || How can i have a general overview of my all habits track in a calendar? If i can see this would be very nice as a app.
81	A13#1737	2	ely wiped my entire routine did not save it I understand there is an account to sign up with however it didn&#39;t force me to or make me sign in prior to making my long habit list and I don&#39;t feel like doing it a second time.
82	A13#2113	1	ays of my week will always show that it was incomplete.   It would be great if you can choose specific days when scheduling tasks instead. For now, I’ve switched over to Habit List but am hoping Productive will eventually fix this issue.
83	A13#2133	2	rice is.. reasonable. However what’s really frustrating is that it does not support cross device syncing. Just purchased an iPad Pro for work and have to have a separate list of habits on my ipad and iPhone.  Would be very nice if cross device syncing was available. So I can have 1 list Habits that could be updated on both devices regardl
84	A13#2199	1	Unable to erase habits and start fresh. || Even when I cancel each habit one-by-one, the new list of habits doesn’t appear in each time period of the day, (morning, afternoon, evening). Since I can’t refresh the whole system and start over at the beginning the app has been useless as I continue.
85	A13#2332	1	👎🏻 || Okay so five minutes on this app and I’m stopped while making a habit list cause apparently three habits in a day is to much for them... And why the heck should I pay for a subscription to keep track of a healthy lifestyle? Come on people!
86	A13#2435	1	| This is a good app, I use it everyday, but &#34;Performance tweaks you won&#39;t notice&#34;? I noticed! This update made the app worse! Now it won&#39;t scroll a long list of habits smoothly, and when I mark a second or third habit of the day Done, it briefly shows a double entry for the habit marked Done, and erases the previous habit
87	A13#2940	5	The best since Habit List!! || I used Habit List app a couple of years, and this is the only app that convinced me to change it, it&#39;s powerful, simple and lean, and do what it promises!
88	A13#4935	5	Great, but... || If I was missing a morning habit it will be hidden in the afternoon. I cannot see all missed habits _instantly_ that are still due today. The only indicator is a little kept the turns red. But then I still have to click to expand the missed items.   This is the only thing that is missing from being perfect.
89	A13#6092	2	ow have to scroll sideways from morning list to all day. And since it is the morning, it opens the app to the morning list, not the all day list, even though the morning list is empty (I set all my habits to be all day). The list of habits is now a smaller part of my screen so I can’t see as many on the screen at once. It also decided tha
90	A13#6205	5	Great app || Easy to use, very colourful, nice UI. In terms of functionality it allows me to pick from a list of habits and create my own - works for me!
91	A13#6325	5	Impressive || Midway between a day planner and a habit manager this app only grows in my estimation. It occupies the high ground between the two concepts, allowing you to achieve more than you thought possible. Once you get used to it’s slightly counter intuitive structure you realise the strengths of the design and the great lengths to w
92	A13#7030	5	lot of habit tracking and productivity app, and this one clearly beats the rest when comes to ease of use and design. I love the plenty of icons you can use to make your habit list better-looking and more inspiring!
93	A13#7162	3	a few days before you released the new version. In the newer version there are bugs that make many habits not show in your daily routine,so you can only see them in your habit list to configure but never mark them as done. That’s very disappointing,I’ve waited a few days for an update but nothing..The app is pretty useless except for the 
94	A13#9058	2	worth the money || i regret this purchase. the tool’s interface at first makes sense but after a few weeks of use i find it more irritating than anything else.   not one overview of all habits/tasks and you end up swiping between morning/afternoon/etc. ; weekly habits show things like “2 days streak!” and you’ll never have a full week day
95	A13#9675	3	 quality relation to be worth it, I think they should focus on the motivational side more. Meaning that the stats part for example, is extremely limited. I would like to see all my habits together in a large table to see how well I am doing and compare the process. Not just today and the strike. The visual picture of your habits laid out 
96	A13#10383	5	Very useful || I like everything in this app. You can list all your habits and track them. It is easy to use and so beneficial.
97	A13#12451	3	ditional problem has been added, too: When marking a habit as “done” or “skipped”, there is now a 5 second delay before the habit is cleared from the “to do” portion the habit list. This means that marking multiple habits as complete involves a good amount of time just... sitting around, waiting for the app. (Obviously this is not as subs
98	A13#12697	4	e habits for the evening, but a lot of anyone’s habits aren’t strictly for one time of day. It is more difficult now to just get this app to show me what I want—a simple list of my habits for the day. All day habits are now all the way to the left, the app has unneeded animations for what it is (essentially just a simple to do list style 
99	A13#12932	5	Love this app || The platform is super easy to use and it’s really satisfying to mark things off the to-do/habit list. I know if I fall behind it’s on me, because it gives me the tools to keep track of the habits I want to develop. A GREAT tool to keep you on track, if you let it :)
100	A13#12959	5	ized. All good.   The app has also been glitchy, both on an iPhone and an iPad. Occasionally it hangs on the loading screen; once in a while it elects not to display the list of habits, although it correctly counts them as you scroll horizontally through the parts of the day.  Not deal breakers, but curious behavior for  an app running on
101	A13#13101	4	h. Additionally, you can’t set things to bi-weekly.  Would be awesome if they added a timed view, where you can set specific times for specific habits and see a schedule view for the entire day with all habits. (Instead of just sections of the day).   Could improve the water intake tracker.
102	A13#13125	5	ts gives me some effectiveness, and this app helps me do that.    I would like to see these enhancements:     1.  An “at a glance view” of the entire month where you can see all the habits you have scheduled.  My therapist likes to see a summary of what I’m doing and when and I feel a quick zoom out of the entire month would help here.   
103	A13#13526	5	Loving it || Has a solid list of habits and gives realistic expectations on each one’s frequency. Can’t wait to create a better life for myself with the help of this app!
104	A13#13534	2	er/duration for these habits and finding that swapping their order around is incredibly laborious.  Why can you not enter a specific time of day for a habit and then the list of habits will auto-sort chronologically?    And it would be extremely helpful if the time of day for a habit would be visible in the list.  All i can see is the dur
105	A13#13657	1	Can’t close habits from list of habits. || I can’t figure out how to close habits without reminders or close habits from list of habits.  Seems crazy that this is not an option.
106	A13#13659	2	ly some bugs need fixing. I just dislike the new design overall (and relieved to see I’m not the only one in reviews). It really decreases productivity when I can easily see all my habits for the day in one fair shot. I don’t need cute, I need functional. Really hoping this gets fixed and simplified soon, or I’ll be finding a new app in 2
107	A13#13671	4	Habit Order Changes has messed my schedule || It used to be easy for me to see all the habits I needed to do, and now that the whole screen goes by hourly order, it has messed with my schedule.
108	A13#13684	1	Habits Not Appearing || This latest release has removed my habits from my daily log. They still all appear in the habit list for set up, but not in the day list.  I have tried editing and saving them in the hopes that Productive would recognize them as new,  but they still do not appear. Newly created habits do appear.   Love the new look
109	A13#13702	2	Update: 👎🏾👎🏾👎🏾 || Same as the other reviewers, I can no longer see habits that aren’t daily, and I hate having to swipe to see all the habits. At least let the default view be “all day” so I don’t have to swipe back and forth
110	A13#13704	1	New update terrible :( || The new update is awful! I can’t track a large portion of my habits that aren’t daily. And it’s annoying to have to swipe to see all your habits. Bring back the old version please!
111	A13#13714	2	d better before. The attractiveness and simplicity is what made this app stand out from other productivity apps for me; I don’t want to have to go to separate screens to see all my habits, and that’s what it feels like when I have to swipe to see different times of day.  I still like the concept of the app and it’s been really helpful to 
112	A13#13731	1	is app used to be perfect and it keeps getting worse and worse with each update. Specifically my habits aren’t appearing. Also having to swipe all the way to the left to see all my habits for the day is annoying. If it ain’t broke don’t fix it. It’s a to do list / habit tracking app, don’t try to over complicate it / reinvent the wheel. T
113	A13#13940	5	acking my day makes me happier! || You know this feeling when you’re always dissatisfied with yourself but you don’t know why?! What I needed to do was to come up with a list of habits I want to develop, and a couple of check marks at the end of the day to feel I am in control. I used to work with this app, but as usually happens with the
114	A13#14500	5	aily habits are put in to action. It can send a notification at the time and place you want!! For example, I needed to start a book for school  so I put that habit on my habit list and I am finishing the book so quick!!!! It’s like a check list. But all in all, I think this app is honestly AMAZING!!! If u are the person that never does st
115	A13#14934	2	to do list????? || to do list??????? where is this to do list you speak of?? all i see is habits habits habits.  i don’t want to start a habit rn, i want to make a list of things i need to do— a “to do list” as it were.  sadly i can’t seem to find an option to make one with this app.  disappointed, please tell me if i’m missing something
116	A13#15757	4	 a Monday! || Love this app!! I’d be lost without it. I check it constantly. Love that things can be set to appear only during he appropriate time of day (which keeps my habit list from looking overwhelming) or as any time of day possibilities.   Love that when I’ve hit my goal for the week, the reminder disappears until next week.  Love 
117	A13#16064	4	very good || I wish there was an option to make the texts smaller. I want to see all my habits in one view.
118	A13#16207	2	Cumbersome & missing important features || The list of habits is buried within settings and difficult to adjust. There are no Apple Watch complications that I can find and I want to be able to check off my habits from my watch face
119	A13#16256	5	Nice for College || I live by myself in college and it is hard to manage time and keep up with all my daily habits. This helps me get everything done when I need to in a nice refreshing way with cool UI too. Nice app guys
120	A13#16273	3	all link to view them at the bottom, but if you have multiple prior periods (say it’s evening and you have a habit incomplete in both morning and afternoon), you have to view all habits, and this of course includes the completed ones (see above issue). An option to always display incomplete habits after their time windows have passed woul
121	A13#16900	5	helps me manage habits || i have adhd so a lot of stuff can be pretty hard to remember/ do consistently so this app helps a whole bunch
122	A13#17081	5	It works if I pay attention to it. || As long as I consistently check my list of habits, this app really does help me to build them. The notifications also help, but, if I didn&#39;t really care about these habits, I would ignore those notifications. Of course, I do care about the habits. If I didn&#39;t care, I wouldn&#39;t have download
123	A13#17201	5	A good, basic, slick looking habit former || This straddles the line between a task manager and habit manager which makes it less useful, I think. It looks great but is rather expensive ($4.99) for the full version. I like it and I will use it to manage the mundane tasks instead of OmniFocus. I used to put gym activity in OmniFocus now I 
124	A13#17639	5	Love this app || This app is really helpful. I know I can set reminders on my phone but this is not only easier, I am able to look at all of my habits at once. And I LOVE that it keeps stats for me. The point is to build new habits, not just have my phone remind me all the time.
125	A13#17724	5	Great but needs backup option || Great app, simple yet powerful. Motivational, too! But please add an option for backing up our habit list! If our phones crash, we&#39;re out of luck. Thanks!
126	A13#18381	5	t (and color), schedule it for either recurring daily (morning, afternoon, evening, or anytime), weekly 1-5 times a week, or monthly (beginning, middle, or end). You can see all your habits grouped by the time of day and it&#39;s amazing. I&#39;ve created over 30 habits already. Excessive? Maybe but I&#39;m ADD and an entrepreneur and wit
127	A13#18556	5	So helpful! || I love love love this app. I&#39;ve used a streaks app before but this adds such flexibility for goals and a great UX. I love that I can see all my habits in one place. Super motivating. I&#39;m at 27 days in a row taking vitamins and 64 days of drawing/painting. I&#39;ve literally never taken vitamins more than a few times
128	A13#19002	5	The habit manager I've been looking for || Looks great and very well organized. It works the way you want it to work. Highly recommend.
129	A13#19422	1	mental flaw.   If these things were changed, it could be the most complete habit tracking app out there. It just isn&#39;t right now.  I&#39;m hoping either this app, or Habit List, Habit Streaks, Done, Momentum or Habitat can figure out a way to put all the things a user wants into one app so I can stop waiting and start tracking. I&#39;
130	A13#19431	4	e country claims Christianity as their religion of preference. I&#39;m not against the others just would like a symbol for my own as prayer and meditation are part of my habit list. Thanks for a great inexpensive app!
131	A13#19533	5	The best || By far the best habit manager I have used. I use Omnifocus for my projects and general todos but this far better for all of the little things you want to make sure get done on a regular basis and keeps my todo list clean and focused.
132	A16#782	2	 I wanted to like it but having the interface of the habits on a screen where you have to scroll down to see all of them seems like such a lazy design decision.   Having all my habits visible on one screen would have been much more impactful and an easy way to make sure I dont miss.   I will stick with my other habit tracking app that is 
133	A18#1968	1	routines keep glitching || i’ve loved this app for months. everything was working until recently. when i add a routine, the beginning title card disappears and the list of habits glitch out and disappear randomly. please fix this.
134	A2#380	5	Great App to get into routines || I use this app to list down all the habits I want to form and follow up.
135	A2#465	3	Helpful || I like this app and use it daily. I would like it even more if I could reorder the list of habits.
136	A2#488	5	Simple, Elegant, Effective || I am really happy with this app. I have tried to manage habits using my to-do list and they just clutter it up. I have tried other habit apps but did not like the way they evolved. Those apps became less about simplicity of habits and more about monetizing other stuff. This is simple, straightforward, easy to
137	A2#492	5	Thanks for responding to feedback || Could you also make it possible to change the order of habits in the habit list and to edit the start date of a habit?
138	A20#117	3	in “how it works” that asks why there’re only 5 days on the home screen, when I read the response I didn’t think it answered the question. And there should be a calendar view of ALL habits, that’d be really helpful .
139	A20#267	3	s. This new cost is not. This app is definitely not worth the cost they’re now asking for. With the recent update, they also forced an ad to give them more money into my list of habits. Shady all around.
140	A20#557	4	Simple, useful and cute || I hope it can also provide a calendar view for all habits.
141	A20#1070	3	Great app || Feature request : I need to see how all my habits performs (together).
142	A20#1270	4	I love it || It just could have an overview of all the habits, to see which one you are doing the most.
143	A20#1359	5	Simple & effective || Simple app. Nothing comes in the way. Intuitive to use and does what it says.  Would love a combined view of all the habits calendar and see what’s overlap. But beside that - it’s spot on !
144	A20#1511	5	 hopefully developers wont left the application in mid.  Please give option to add some images or emojis. May be stickers ? As this will look more attractive in having a list of habits. Also will be good if calendar integration is there.
145	A20#1694	4	Good app || I like the UI and it’s simple to use. One suggestion is to make an extra “compact UI” option which allows me to have a overview of all the habits without scrolling. For example to reduce the empty spaces of the items.
146	A20#1759	5	Very nice app || So far I’ve been loving the app. I like that it is simple but very helpful. Very user friendly. It is nice that I can see all my goals all at the same time and check at it as soon as I open the app.👍👍
147	A20#2406	3	 категориям. Также очень не хватает возможности ставить привычки с выполнением на определенные дни недели, или числа месяца. А так, получается это то-же приложение что и Habit List, по той же цене, с слегка меньшим функционалам. Но, в достоинство этого продолжения — безлимит привычек на бесплатной версии.
148	A20#3363	2	The constant reminder about premium has ruined the app for me || They have added a “new year new me” item on your habit list that has a countdown timer with a discount on the premium service. When that timer ends it just resets and keeps bugging you about the deal each day. I loved this app but this update makes the app a frustration to u
149	A20#3520	3	Cost || I didn’t use this app for very long and soon switch to a different habit tracker. My main problem is the purchases and how the page with your list of habits isn’t very organizable if you have many things to track.
150	A20#3549	5	 morning or evening or skin care habits. If each new habit I would add can go down  to the bottom it would be great instead of dragging it to the bottom as I have a huge list of habits. Adding the ability to specify which days of the week exactly for certain habits is needed. I wish you add more colors and note taking on each day. It is s
151	A20#3560	5	kly which is very motivating! I have one habit that I was trying to do 3 times a week but I’m doing it almost every day thanks to this app! I also love how easy it is to see all your habits at once and quickly check them off for that day because today is on the far right. Other apps I’ve used are not this easy. I enjoy looking at the cale
152	A20#3574	3	es awhile for that habit to actually say that. 3) Organization. The app is to simple. I should be able to organize different Categories of habits rather then have 1 long list of all my habits. I should also be able to organize habits based on how often I’ve set them to be accomplished. For example, if you have a habit set to be done every
153	A20#3619	5	Perfect in its simplicity (almost) || The best thing about this app is it’s simplicity. Super easy to track progress for all habits on one screen. I like the progress bubbles that increase in relative size. It provides a nice visual of progress across goals; plus  being able to tap into individual goals for more detail progress. Two thing
154	A20#3671	5	Great interface || So far I really like the design. Will check back in 30 days to see if I really stick with all these new habits!
155	A20#3749	5	Super fun interface || I have just got on to this app, after my husband couldnt recommend it enough. I love the interface and its so easy to manage habits on the app. I really liked the way they asked for a review too.
156	A23#160	4	erface is intuitive and gorgeous. The measurement options are numerous.  But my only gripe is tasks I archived disappeared and the data with it and there is no aggregate view of all habits you’re working on and have-successfully completed.
157	A23#682	5	Most Functional Habit Manager || I have been looking for a habit manager that can make a habit due (show the red badge) at a specified time of the day rather than since 00:01. For example, one of my habit is to read book, but I usually do it after work, around 6pm, so I don’t want to see the red badge, before 6pm as it is not due yet. Mos
158	A23#695	5	ff completed goals. Never bombarded with reminders but are helpful when needed. Lastly, and probably the best feature, the lock screen/home widget is super convenient to see at glance all daily habits and check them off as completed without opening the app.  For the price of a cup of coffee this is a must for productivity in my opinion an
159	A23#1981	4	Perfect Routine / Goals app || Perfect routine app with a lot of options. Interactive widgets. Connection with Health. Up to 16 goals. But does not have a good way to view all goals progress / percentages / weekly progress or track it in a wholesome way. Only total % and month % available which is not very useful to micromanage. Excellent
160	A23#2133	3	Good app but could be better... || .. allow further customisation and have all habits on one screen. This must be fairly simple to implement. Having it across two screens is not user friendly. I would like to see all 12 habits in one look not have to switch between two lots of 6.
161	A23#2294	4	 it&#39;s a great way to keep you on track. The Apple Watch link is great as it&#39;ll prompt you if you&#39;re being lazy or missed a goal. At the end of the day when I see all six goals ticked, I feel I&#39;ve made the most of the day. Big tip! Don&#39;t make the goals too big as you&#39;ll just disengage with it
162	A23#2542	4	Decent || It’s a decent habit tracker at a reasonable price I wish: - there was a pixel/grid type view of all the habits in the month/year instead of having to click individual habit. - I could adjust how much habits I can see in 1 page. - Add a start date for a habit - Clicking icon in widget should mark that as done
163	A23#3143	5	Great App || Best Habit Manager in Overall. However, it would be nice to decrease the delay after finishing the task and completing the circle, and to make it available to do tasks beyond daily quota.
164	A23#4190	3	fficult to read, and it’s more of a timeline than a calendar. Since I payed for the app, I’m going to use it. It works for the most part and is great if you just want to see all of your habits in one spot and see what you have and have not done yet. But if you want anything more, I would suggest looking elsewhere.
165	A23#4611	1	hould fall under are not auto populated. You should be able to say click a workout habit and add to a category or better yet drag and drop. I added tasks and they do not show up in all habits, etc. There is no explInation on the buttons a star icon usually mean’s favorites, nope! I get why it’s an editors choice because it’s pretty. I fin
166	A23#4634	4	ect || Love the app—just two more features would make it five-star.  1. The ability to see stats by week (not just monthly)  2. A way to view a total completion rate for all habits (not just the six habits per page)  Otherwise, keep up the great work and please keep the ethical pricing model (one of the main reasons I purchased this over 
167	A23#4673	5	s the pomodoro if you’re away from the app for too long, forcing you to put your phone away. That would be terrific.  Also I wish they would include have a way to easily view all the habits in one list. Having to flip through pages is inconvenient but I suppose I have too many habits at once anyways.  Having some kind of reward / award sy
168	A23#5213	2	Great habit tracker on the surface but UX needs work || It would be nice to have the option to see all habits on one page, though. Use smaller icons so users have the option of seeing everything on one page so nothing gets forgotten, as 6 of the 12 available slots are hidden on another page. This doesn&#39;t make any good sense from a UX 
169	A23#5233	3	op a practice.   Streaks is okay as a Seinfelder app.   It provides a calendar for each of the 12 habits.  However, it does not provide a unified calendar, where you can see all of the habits in the same calendar box. Strange, since Streaks has nice colorful icons for each habit.  Also, Streaks does not manage to export these completion i
170	A24#727	3	eminders where all the items can be dragged up and down or edited as you see them. But with this app, you would have to click to edit, choose menu to edit habits, get to habit list in edit mode, then click on each habit. So many steps. I find the life coaching is so very helpful for me, they are quite generic and not scientific based advi
171	A24#1484	3	owhere on the page that indications that you can or how you can get to yesterday. In addition it would be nice to be able to get to yesterday on the homepage, so you can see all routines from yesterday at once. There is a LOT of stuff in this app and you have to go through so many steps to get to the content. I am too overwhelmed to even 
172	A24#5797	3	It’s ok.. || I only just started but so far, I’m disappointed that your daily to-do’s/ habit list doesn’t look like the preview picture. I’m a big sucker for customizable options as it makes me want to use the app more.   I think this was false advertising on their part but I like that they guide you on what to start with a show you the p
173	A24#17979	1	Fabulous! || It does precisely what one expects from it. Keeps one bringing back to the routines in an interesting way. Loved the interface!  Right now if I have a list of habits in say morning routine, app becomes non responsive halfway of ticking off the habits. You should really get it resolved!!
174	A24#20860	5	 glass of water, love your self, daily routines etc. I would suggest one thing though. I don’t know if this is because there is no ads (which is amazing!!!) but with the list of habits you can only pick four habits, if you can then please let people add more habits, but other wise AMAZING HIGHLY RECOMMEND IT!!!🤗🤗😀😀😁🤩🤩🤩🤩🤩🥳🥳🥳(definitely hel
175	A24#21327	4	 a more useful widget and less ads on the Home Screen || Love this app but I wish they would place less ads for their other apps and also make a useful widget with stats/list of habits for the time of the day (morning, afternoon, evening). The current widget only shows motivational quotes.
176	A24#28557	4	re broken down day by day morning afternoon evening really makes a big difference in forming new habits. I like how they add in something new every couple of days to the habit list.
177	A24#28706	4	 and another, but they don’t let you change it. They wanted me to work on exercise, but I wasn’t ready for that, so I couldn’t move forward. Otherwise, they have a large list of habits you can work through and use to create your own adventure.
178	A24#28934	3	glitches + nonexistent customer support || I came upon this app when I was searching for a mood tracking app.  There is a lot that I like about it.  I like the extensive list of habits you can choose from and that it encourages you to go slowly. I like the short daily coaching sessions.   I used this app for about a month and enjoyed it f
179	A24#30313	5	Fabulous is great! || This app has helped me so much with my routines. I feel so accomplished when I get to check off my list of habits.
180	A24#31763	5	The method seems to work || I’m usually the type to make a giant list of habits I want to incorporate into my daily life and usually end up getting overwhelmed and barely any of them being attainable realistically. I’m a busy mom and don’t get a lot of time for just me. So far I only have 3 habits built on the app but it’s teaching me to 
181	A24#33359	4	f becoming the future self I want to be. The most obvious pro are the well timed(some set by you) messages of motivation and reminders to develop those micro habits. The list of habits grow as you become more consistent and more Comfortable with the process. The UI can be a little Overwhelming as there is so much information.(I understand
182	A24#33381	5	ered daily inspiration. The story-like setup was a little confusing to me at first, but it really reminds me that change is a journey. Not just checking off boxes from a habit list. I think this app is great for the long term. Especially if you’re someone like me who starts off strong, then falters somewhere down the road. It has so many 
183	A24#35453	3	Great app || Update: Yesterday my Fab app stopped launching my daily routines, just the list of habits show up and not the individual habit screens. It’s quite frustrating!! Please fix this...  So far so good. I like the daily prompts though sometimes it’s confusing to know where to tap/go and what to do. But I like that it forces me to r
184	A24#36994	5	Great to start habits ! || It’s been one week from using and they make it super easy to start 1 habit, can’t wait to see all the good habits I am going to create.
185	A24#42457	5	I feel so much better || I love this app for building healthy habits. Where most habit apps give you a list of habits to add, this one takes you step by step on how to develop real habits instead of just reminders. All of those other apps would overwhelm me because I’d go from nothing to 20 reminders a day. While I want to be doing all of
186	A25#918	5	vement:   First, I would like the widgets to have their own sorting settings. That way I could have only uncompleted habits on the home screen while easily being able to manage all habits in the app.   Second, I would like a sort setting that shows all habits, even if they’re not scheduled on that day. You have to jump through some hoops 
187	A25#1232	4	to this, you can implement the ability to repeat habits, for example, every 3 days, BUT if you marked a habit as not completed, or skipped it, then it will remain in the list of habits until you complete it. For example, if I want to have the habit of throwing out garbage every 5 days, then let&#39;s say I accidentally missed one day or I
188	A26#3559	5	 for half-heartedness. So, I picked only those habits that I think are essential to becoming the person I long to be. 2 suggestions for app - being able to rearrange the list of habits; and options to build an architectural wonder or a work of art for motivation.    I’m happy with the garden options. I just thought if there were other sce
189	A26#3573	4	Echoing feedback || Things I want to see in coming updates: - the ability to rearrange items on the habit list - the ability to set a number-per-week goal, not just a day-specific goal (I work out 2x/wk but not necessarily on the same days every week) - the ability to a see a list of just today’s items - the garden withering to be more gr
190	A26#3702	4	ren’t affected. It would also help to have a notification/reminder feature, and some kind of a chart to view our overall process. And personally I’d like it better if my list of habits is in a separated parallel section to the plant section rather than being put behind a small button.
191	A28#374	5	ove the timer and auto mark as complete option cos it’s great dopamine lol. Only thing is cloud sync doesn’t really work - account sign in works on different devices but habit list doesn’t show up. Not sure if items show up too
192	A29#184	5	Great and simple || This app does everything I want for basic daily accountability. Very clean display and easy to manage habits.  Only recommendation I have is for notifications:  if I have already marked something as done it shouldn’t notify me later to complete it
193	A3#652	5	Awesome || It’s great to track multiple streaks without the barrier of a paywall. Great app to manage habits or to get rid of vices.
194	A3#1163	5	Love it || I love to be able to see clearly all of my good habits. It helps keep me on track!
195	A3#2962	5	ve struggled to keep track over the years of the goals I want to achieve, especially in creating new habits in an unbroken chain. This app is so easy to use and clear to view and allowed me to track all my goals and habits all on one screen. A lifesaver for anyone who is struggling to create new positive habits in their life
196	A3#3553	5	Best for Not To Do Lists || After a while of researching, found a great app to keep track of Not To Do Habit List. And the best part is its simple and ad free
197	A3#7191	5	urs, days, weeks, etc it has been since a habit.  I track this primarily on my watch in terms of hours, with a face for each category.  It&#39;s nice for getting a quick view of all your habits and reflecting on your current state in relation to how long it&#39;s been. I managed to quit using reddit thanks to this app (at least for 450 ho
198	A3#8762	5	Days of our lives || This app helps me see my progress as days add up. It motivates me to keep up the streak. It lets me see all the habits I need to conquer one day at a time all in one space. If I slip in one area I am encouraged by success in the other areas. Thank you.
199	A31#957	3	monthly habits be cool || good app, clean, minimalistic, i like it. but i find myself lack motivation to enter data even tho i do the habits. adding a weekly and monthly overview of all habits is more attractive to enter cus you see instantly how consistent you have been. currently you only see day for day logs (not weekly goal, but you l
200	A31#1056	4	rovement:  - please allow quicker access to moving around different habits without having to go into settings &gt; sort manually &gt; set - a graph where you can somehow see all of your habits over time at once would be nice
201	A31#1615	4	, it’s user friendly, warm and inviting. The only thing I feel is missing is seeing all your habits together on one chart so you can see if there are patterns etc and to see a clear overview of all habits together. That would make the app 5* for me!
202	A31#1681	5	Great app but display could be improved || I really wish I could see all my tracked habits in one overall table to quickly see what I’ve been keeping up to date.  I also wish I could edit the habit to say that I’ve completed a task if I forgot to check it the day before.
203	A31#2533	1	nthly, or annually. The main problems is these features are indeed “past” and the app is INCREDIBLY LAGGY! It takes ages to log habits and even scrolling through a short habit list has become a pain. This has been an issue now for over a year, despite many users complaining of the same problems. I’ve stopped using this because it is so fr
204	A31#2845	2	 sync improvements (glitch doesn’t correctly track the number of steps). - being able to include times or timers for habits - having a habit archive: here you can dump a list of habits you want to work on and will add in time. - more appearance features. - adding an option of timeline for when you want to complete the habits each day. Thi
205	A31#3157	1	s are a fine improvement, but the previous UI was already excellent.   PLEASE PRIORITIZE BASIC FUNCTIONALITY: If your week start day is not Sunday, toggling between the “Habit List” view and the “Graph View” changes the week start date, causing the “Streak” functionally - a critical component to successful habit building - to break.   Thi
206	A31#3310	2	endar icon to more easily go to a specific date, but in the process removed the ability to just swipe to go back and forth a single day. So before, if I wanted to see my list of habits from yesterday, I would just swipe, but now I have to click the calendar, then click yesterday’s date, then click a check mark. Way too many clicks.   3) T
207	A31#3517	2	ble on the far left widget page, which I didn’t mind scrolling to bc it was visually and functionally just like the actual app. I used to be able to expand the widget to see all 15 of my habits/chores and I could press the number on the far right to log that habit as done - just as you would on the app. Now, you can only see the progress 
208	A31#3603	1	 payed money to have less annoyances, and to have more habits logged. I do not want to get a pop up every single time for the growth bundle. It’s even on the top of your habit list every single time. I’m switching to a different app because of this. Ridiculous and money hungry.
209	A31#3683	1	bring back the old widget || i used to be able to keep track of all of my habits from the widget screen to the left of the iphone home screen. i loved it. they recently took it away, and the new widget isn’t nearly as good. bring back the old widget and i will change my review to 5 stars.
210	A31#3692	1	 app was simple visually pleasing and easy to use. In recent months advertising has started to interrupt my workAnd now there is a habit that Done created and left in my list of habits permanently: this habit appears to be a “special offer”. Honestly, I am shocked that an application that seemed to be so restrained has become so aggressiv
211	A31#4283	1	App won’t open || Tried to download the app because I thought it would be a cool way to see all of my goals but the app won’t open. Technical support definitely needed.
212	A31#4604	3	nt update || I have been using Done religiously for several years now and it’s been 5 stars all the way...until they recently did something that now does not allow me to see all my goals in one view. I followed all the FAQs to troubleshoot which didn’t work and eventually sent in a support request a few days ago and never received a reply
213	A31#4696	5	 awesome apps - Grateful and Moody)  My three feature requests (stack ranked)    1. Goals are sorted alphabetically and you can’t rearrange them. What I want is a way to view all my goals grouped by category. For example, I want to see my physical health goals (exercise 4x/week, eat healthy) grouped and my personal enrichment goals (medit
214	A31#4833	5	Thoughtfully designed || What I appreciate is that so much thought clearly went into this. You create a list of habits you want to keep, then mark off when you’ve done that, day by day or week by week. Simple enough. But they have beautiful integration with iOS and watchOS. You can mark off your habits from a widget, or from a force touch
215	A31#4857	4	ion system) and just stack them on top of each other so that I can see patterns in how I [fail to] achieve my goals.   2) I would love to see a summary of my streaks for all my habits side by side on the same page. I want to see:  1. longest streak 2. current streak 3. number of times I’ve performed a habit during my current streak  for e
216	A31#4888	5	Easy and helpful || I really like that I can see all my goals for the day and if I made them. I also like seeing the month format for each goal. I have a lot of “quit” goals and the 00 is not intuitive; that’s the only thing I would fix.
217	A31#4904	5	g able to quickly add or drop habits or modify them or edit the titles or motivational statements easily.   I found I could use colors to group habits while still seeing all my habits on the screen. (Filtering seems burdensome)
218	A31#4910	4	 few improvements || Love this app, a few improvements would bump it up to 5 stars:  1. Ability to assign multiple groups to a habit 2. Display all stats on habit bar 3. View all habits in a condensed view 4. Associate rewards/penalties with a habit or group  Again - great app I’d highly recommend. Paid version is worth it.
219	A31#4958	4	;d like not to scroll forever and viewing more at once is motivating.  *Another idea/take on this. Perhaps also have a button or page called or with icon expressing &#34;view all habits&#34; this page would simply show all your habits in a much smaller font in their color. This provides an easy quick view of what habits we already have fo
220	A31#5015	5	Everything I was looking for || I was looking for a simple way to track my goals throughout the year, and this is it. I love how easy it is to see all of my goals on one screen and to track my performance. There are plenty of options to customize the app based on how you need it to work for you. Plus, I love the color coding!
221	A31#5023	4	gest Expandable folders, more specific labeling, more ways to measure habits (minutes, laps, grams), more qualifiers such as “minimum/atleast”. And definitely an overall display of all of your habits
222	A31#5090	4	 you have a lot of habits it&#39;s difficult to see your streaks for each one and requires a lot of tapping around. It&#39;d be perfect if there was one screen you could view your streaks for all habits on.
223	A33#672	2	I can not create new habit || I create a new habit, but there&#39;s nothing in the habit list
224	A33#1162	5	Great app to help you track and manage habits || Nice and clean interface and great calendar view to see your progress and slip-ups
225	A33#1311	2	Siri Shortcuts stopped working || Seems like the latest update ruined the app experience for me. Siri Shortcuts doesn’t work anymore, it’s harder to see all my habits too. Please bring back the previous interface.
226	A33#1557	1	o habits of the three are visible, but the third task at the bottom is hidden by the upgrade display. This is a fatal flaw. At the very least, please make it possible to see all the habits even on the free plan. At this point, the UI is a prerequisite for payment, and I can&#39;t recommend it enough. I will use other apps.
227	A33#1602	5	et type to quickly view your progress of the day/week, not for just one habit but the entire collection of habits due that day/week.  Also, it would be great if the &#34;habit list&#34; widget showed two columns instead of just one. If current streak/last recorded date can be shown on each buttons, it&#39;ll be even better.
228	A33#2349	1	 slow and buggy! || I wish the app wasnt so slow and buggy. It’s not syncing between devices. Love how simple it is to use but hate how annoying it is. Right now my full list of habits are not showing but they are visible in the progress bar. So frustrating.
229	A33#2515	2	d does, for example, not offer the option to add amounts to your habits (e.g. drink at least 3 cups of tea per day, or eat at most 3 eggs per week). Instead, it’s just a list of habits that you can check off, not much more.
230	A33#2533	5	Good habits are hard to come by || App works as advertised, simple, thanks to it I made a list of habits and stick to them everyday. Could not do that before.
231	A33#2583	3	Decent sync, but buggy and unintuitive UI || The Good: - The menu bar app is simple yet intuitive: it&#39;s a list of habits and their reminder times, which can easily be checked off - Sync between devices seems to be quite decent (so far) - 1 purchase works for all devices  The Bad: - No summary view for visualizing all habit chains - No
232	A33#2842	5	This is the best habits app || A wonderful program to manage habits. There are shortcomings, but the main thing that developers are engaged in the application. The offer gets better with every update. Thanks for work!
233	A33#3003	3	ive habits are not displaying in widgets. Also, the ‘dotted lines’ in the widgets should be removed and include the day names for “this week” part. Finally, I just can’t see all my habits in one screen, all the big and unnecessary data is shown in the progress part, which is confusing. Why can’t see the moods in the week section?
234	A33#3200	4	son I left is the feeling that I don’t know my streak. It’s not only streaks though, the states page is cool if I want to dig into my habits, but there is no good way to see all of my habits, and how consistent I’ve been.   I want a GitHub type chart, I want a clearer visual indicator of my current streak.   I felt like I would check habi
235	A33#3553	4	Good, should have more features || Good app and easy to use. Nice that they let you export the data. Would like to see some more features like: - Full calendar view containing data for all habits (not calendar view for each habit) - Ability to turn on only morning or evening reminders. Often times the morning alerts are incorrect
236	A33#3595	4	re intuitive and the ability to set habits that recur only on certain days of the week is great. The macOS app is a plus as well.   I rated 4/5 stars because I’d like to see a calendar view for all habits at once and a couple of other tweaks, but this app is well worth the purchase either way.
237	A33#3659	4	The free app is good, but... || I purchased the app because I wanted to track more than the 3 habit limit offered in the free version. It would be nice to see a grid of all of the habits side by side, and the ability to write notes would be helpful because I am tracking health issues as well. Overall pleased.
238	A33#3715	1	Upgrade, create account, all habits deleted || App seemed cool until I purchased the upgrade, created an account to sync across all devices only to find my list of habits empty.  Signing out and signing in didn&#39;t restore the habits.  It actually required me to restore my purchase.  I really hope this gets fixed immediately so my inves
239	A34#39	4	Suggestion || The app is good but it is missing a weekly table showing all the habits at the same time or even in the month calendar it should be possible to show all habits in the same calendar
240	A34#277	5	This is so accurate!!!!! || What i wanted was to have an overview of all the work i do, all i goals i achieve. It became difficult since other apps cant really give an overview. Your app does it perfectly fine!!!! ⭐️⭐️⭐️⭐️ It gives and accirate overview of all the tasks.   P.s it would be great if you add the themes to be changed, itd be 
241	A34#300	5	Add widgets please! || I love this app, but I want to see the widget with my Habit list in the home screen to easily mark them
242	A34#321	5	Incredible || Great UI, native dark mode, and some nifty settings to manage all the habits gets this a +1. The 2 habit cap is actually well thought out. It stops me from overdoing the habits in light of motivation XD
243	A34#453	5	great application! || I really like this app because you can see the whole year at once. I would like to see an iPad version and a widget with a list of habits
244	A34#563	5	Love this app! || I’m happy to have found this app, I’ve tried quite a few habit tracking apps and this is exactly what I was looking for. I like that I can see all my habits on one page, but I have many different ones and don’t want to feel like I have to check them all off each day as with some other apps.   I love the monthly and yearl
245	A34#661	5	e colors and make each habit a beautiful color that is a “Ching!”—Reward—to see when I check it for the current day! And seeing the colors together as I progress down my habit list makes me very happy. Kevin has created two of my most used apps. He really works on them and utilizes feedback and makes them the best—and the ideas for the ap
246	A36#16	1	 delete the app. I wanted to love it but I can’t stand it. Nothing works conventionally, even ordinary stuff. I can barely figure out how to do anything. I can’t seem to see all my habits at once? The free themes are either gloomy black or obnoxious industrial yellow and you have to pay a crazy amount for other themes. The contrast is so 
247	A36#53	5	Great app || It’s a great app to track the habits you will like to have, I think one great improvement will be to have the option to view all the habits in a single page to check or uncheck, and one other thing is maybe for quit a habit the idea will be that you broke the habit you check that, if not your track is that you’re ok quitting 
248	A36#369	4	Almost perfect || The app is super slick. The only issues is I still see all my habits, even on days where it is not scheduled. I find this a little confusing and could easily be remedied.  Other than that it is exactly what I’m looking for a habit tracker.
249	A36#412	4	changing habits is not very intuitive. The user experience needs work. Also, if I have a habit that I’m only supposed to do on certain days, it should NOT show up on the list of habits every single day. That makes it really confusing.
250	A36#481	3	Looks beautiful, but a bit boring. || Lots of emphasis on beautiful animations, sounds, and haptic feedback. I found the UX too clunky. I struggle to go to and edit the list of habits, the widgets are large and space inefficient. Sometimes when I tap at the bottom row the habit gets completed when I didn&#39;t intend to. The part that see
251	A36#526	2	app falls apart. Ambiguous icons without labels, unintuitive swipes that reveal different views (but also accidentally rotating the 3D trophy to no end), no consolidated list / calendar view of all of your habits, focusing the entire app experience on building a 3D model (how does this help?) etc.  It’s a shame - this is a great experimen
252	A4#1210	4	 great but then it became too much trying to adjust and customise everything that I had to just delete it all (which also was confusing).   I think an area where you can see ALL of your habits, ALL of your DELETED habits, and REMOVED habits would be great! As a good reference point, as well as a good place to delete any habits you aren’t 
253	A4#2254	1	abit tracker app I’ve seen || So, the only pro I can see is the design. The app looks really pleasant.   But the functions… most are useless, so little is made.  I can’t see all of my habits at one place. (Well, in profile I can see a list, but I can’t do ANYTHING with it) I can’t delete any habits except for the today’s ones.  When I acc
254	A4#2301	5	gs, I like to organize everything (if you already can, I can’t find it lol)  -More health tasks in the top as well as water (protein intake, carbs, steps), would love to see all of my goals in one app to keep me on track lol  -More colours for tasks (maybe a colour wheel so people can make their own)/making cute themes available for tasks
255	A4#4179	3	es. Besides this it would be great if you could see how far you are with a habit. So if you want to drink 8 glasses of water a day but only drink 5, it should say on the overview of all habits (on that specific habit) 5/8, that would be way more motivating. You should also be able to both add time as in how many minutes for a task and tim
256	A4#7176	3	Full list of habits || I love the app the only problem is that there isn’t a way to see a full list of your already added habits and a monthly over view of your habits if there is I can’t find it anywhere. This would make it so much easier for setting tasks for deep cleaning things as too not overwhelm one day or week with so many deep cl
257	A4#7311	4	Very practical but misses sth || It would be better to have the possibility to see in a timetable all the daily habits
258	A4#10812	4	habits || I can&#39;t add habits.  I want to add a new habit, but it doesn&#39;t appear in the list.  what to do?  also all my habits disappeared in one day
259	A4#15267	1	Not sure how it has good reviews || This app is terrible. Once you set a routine there is no way to see a master list of all of your routines. Sometimes I can’t remember if i have a routine set for something and there is no easy way for me to check besides scrolling through all the days… so if it’s a routine I want to do every month I hav
260	A4#17136	5	 I have suggestions. 1: we should be able to see how many goals we actually have like in total, not just for the day but set for the entire app.  2: we should be able to see what all the goals are. We can already see the goals for today and even for the week, but we should be able to see what’s set for the entire app  3: the subscription 
261	A4#17945	4	1 gripe - why can’t I see a full list of my habits || There needs to be a profile screen to see all your habits in total. That way you can delete or customize certain days in the future. Also the goal timer does not continue to count down outside of the app. I have a timed reading goal and I can’t use the timer in the app and read on my p
262	A4#18463	2	NOT easy to track habits. || It has a nice color theme and I added habits but some habits show up under “evening” as well as in the regular habit list. Also, I cannot figure out how to edit the once created habits and after spending 30 minutes trying and realizing the interface wasn’t user friendly, I gave up and deleted it. Too many Duol
263	A4#19571	1	location in the list of scheduled tasks (which doesn’t make sense). It has erased my history a bunch of times so I can’t look back to see progress and have to re make my habit list again and again. It’s horrible so do not waste your time. Border line scam
264	A4#19589	4	Very good || Nice application with useful list of habits, my only comment is I think it would be more useful if you add  these two features :   one time task (with no repeat) , and event feature with time setting.
265	A4#20092	1	So many typos! || In their habit list, they have tons of typos. Seems very unprofessional not to proofread your product before charging money.
266	A41#395	5	 things, there can always be improvements, lol, so here is my wishlist for less important functionality (that could attract more users to it) :  1. tags to filter a long list of habits (the app does allow for distinctly coloured icons which almost achieves the same thing though)  2. tracking of start &amp; end times, and allowing multiple
267	A41#436	5	sign makes tracking my daily, weekly, and monthly habits effortless—and actually fun! The app is powerful yet never overwhelming. I love how customizable it is: from the habit list, reminders, and notes, to widgets and color themes. Everything syncs smoothly across all my Apple devices, and I can even export my progress if needed.
268	A41#738	5	ures. But if you dig deeper, the amount of customization and power sets this app apart from the others.   Pros:   - Clean simple design.  - Lots of customization of your habit list.  - Fast cross device syncing.  - Widgets have lots of options and sizes.  - Can show the live habit timer inside a widget.  - Live activities for habit timers
269	A43#74	5	 a day).  The only downside for me is the design. It’s a matter of taste of course, but I’d prefer more color and the option to have a cleaner look with less text in the habit list. Presently I’m using other habit trackers that have fewer features but are more visually appealing to me.  Wish list: • More colorful design options, e.g. opti
270	A43#275	5	w to do it for monthly ones. I’d also like to see something similar for quarterly tasks that would help with home and vehicle maintenance items. It would also be nice to see a list of all the habits that are part of a category I’ve created and maybe see some stats just off that one category. Other than that, this is a wonderful app. Thank
271	A46#183	5	Great app for tracking many habits || I love the compact and beautiful grid view that can show many habits at once! Most apps don’t handle a long list of habits very well, but this one nails it.
272	A46#786	5	ual indicators of how many times I’ve done a habit help so much to both build and keep habits.  There’s some analytic features missing and it’s not the most intuitive to manage habits that aren’t daily but it’s still easily my favourite app that I’ve tried
273	A46#838	5	 use unlimited habits. The alarm to prompt is useful too. Though I’ve not used it on all my habits. I had brief problem where I couldn’t get the screen to scroll down to see all the habits. I contacted the creator and Joan emailed back the same day with a fix. Really happy.
274	A46#887	5	best habit tracker || tried many, but this one is the most simple (very easy to use), beautifully designed, yet motivates me to make my habits consistent (because i can see all my habits streaks at a glance, it’s so nice). and it also works well on every device 💪🏽
275	A46#934	1	Widget does not refresh and display all habits || There is a limitation on number of items. If touched accidentally it marks the completion of that day by mistake as well. Not great for a paid app.
276	A46#1535	5	 night, I just go through my list and tap tap tap my way through. It’s second nature at this point. Super rewarding to look at the calendar view after a couple weeks and see all my habits laid out for me. Highly suggested if you want a quick and simple tracker.
277	A46#1571	5	Quick and easy || Love this app. It’s quick and easy to use. Helps me to see what I’m consistent at and what I’m not. I wish I could see all my habits on one screen in my phone (I have a lot of little habits I’m tracking)
278	A46#1581	5	led on this because of the visual color component. Definitely motivates me to keep at it everyday.  I see the developer is always looking for suggestions. I wish I could see a calendar view of ALL habits. Right now I can only see the calendar view of one habitat at a time. I know in the view of seeing your list of habits you can see and s
279	A46#1925	4	 RGB or just a broader color palette would be great. I’d also love to see the total number of weeks for which I’ve tracked a habit and I’d like to be able to zoom out to see all my habits in one screen, even if they’re really small bc I’m tracking a bunch. Thanks so much for making this awesome app. It really is a big part of my daily rou
280	A48#1017	1	Definitely download || Amazing app, unlimited habit list (most apps similar to this have a 3 habit limit) Very useful. Simple. One of my favourite apps
281	A48#1177	4	Useful || Both to-do and count tracking are useful. The project mode is a bonus. If a year view and overall view of all habits could be introduced, that would make this app more awesome! A limit of 7 habits is a bit tight. I kept amending and deleting some of them.
282	A48#1567	2	Awful tag on new version || Why the tags show all goals even when it’s not due today. It is more organize to show only due goal on each goals. I like to restart a habit and start a new date
283	A48#2422	5	rogress, easy shortcuts, easy recording of progress, and many other features.  Things I would like to see are improved fonts especially in widgets that will allow you to see all of your goals at a glance. Currently the fonts are too large and I’m only able to view about half of my goals.This requires me to go into the app each time instea
284	A48#2459	1	Please fix the widget || 98% of the reason I paid for this app is the widget with the list of all my habits for that day. When a new day begins, it just says “Nothing due today. Set a new goal.” And the new compact version doesn’t work at all.
285	A48#2513	5	with goals each week and the app looking at not reaching that number as a positive instead of a negative and none of them came close to doing what this app does. I tried habit list, tally, done, multiple timer apps and countdown apps, atracker, streaks, quit that, not to do list, quit genius, habit tracker ++, say no addiction, less alcoh
286	A48#2604	5	mes a week. You show how many exercises I have overall, how many more I need to complete, you show how many weeks of streaks I have, if I missed my last week streak, you show ALL my habits, you clear things from the board when I tick them off, you have reminders of course. All this with iPadOS dashboard docking means I see my habits every
287	A48#2654	4	ok at each goal monthly to see my progress, but I have only been using a month so I’m not sure of tracking same goals month over month.  One of the cons, I would like to see all my goals at a months glance VS having to go into each.  I took me awhile to figure out the different ways of tracking goals and bad habits, still working it.  All
288	A48#3740	5	enient to use that I come to it multiple times a day to track my goals. I have about 25 trackers currently and while that seems like a lot, Strides makes it very easy to manage them all. All those goals don&#39;t feel daunting when I can see them all on one tall screen. I appreciate the reminders too. I am a better man because of Strides.
289	A48#3974	5	ive also had good features but the look and feel, streamlined user-friendliness, and data made for a winning combination. Only feedback would be a week-by-week bar chart view of all goals/habits with a total cumulative percentage score (all percentages averaged).
290	A48#4163	2	reading an online article, their website, and iTunes reviews. But the thing keeps crashing each time I try to add a new habit. I&#39;ve also found that a competitor app (Habit List) had a much easier setup and a more intuitive interface. Bummer. I was excited to use this app for all its beautiful graphs and supposedly easy interface.
291	A49#1006	1	ought it was like the anime solo-leveling -that it would give us tasks and penalties, but I was wrong. It’s just another habit tracker where you have to pick from a long list of habits and then set the habits for each week. Seems exhausting and overwhelming to me.   The animations are better than the ones in some other apps, but it’s just
292	A5#2961	5	 who often feels scattered, overambitious and disappointed at the end of the day when I haven’t hit my goals for the day.  However, I really wish there was an option for habit list that isn’t day or time specific. Maybe it exists but I haven’t found the feature? Would be nice to have flexibility there. For now, I’ve just been turning off 
293	A5#3115	4	Some bugs || Overall good app. Huge problem: can’t see all of my routines except one on my Apple Watch. This is really frustrating because I want to use my watch to do my routines instead of my phone.
294	A5#3138	4	 switch tasks, two overlapping each other and one with a totally different sound. It sounds rather bad! - Apple Watch app has sync issues. Oftentimes in the morning will show all my routines as completed, sometimes gets stuck in a weird state  Love: - Estimated end time on routines. I struggle with time blindness and it blows my mind ever
295	A52#20581	4	it extra perfect: 1. The option to mark a habit as skipped 2. The ability to scroll or swipe through habits directly from the progress view (rather than returning to the habit list in order to select &amp; re-open) 3. Following the above, the ability to select or filter habits in order to compare progress among specific items 4. Apple Wat
296	A53#98	1	. I did not see another option for other plans. I thought the app would work for me but realized within a day that it was not the right app for me. It’s too much work to manage habits. Some habits, like reading you have to remember to start a timer as example. There is no option to contact the company to get a refund and no support offere
297	A53#113	5	Beautiful Design || I recently switched to HabitMinder from a different habit manager and love the app. Especially the beautiful UI and how easy and simple it is to use, especially from the Apple Watch.   I would appreciate some shortcuts support so the app is even easier to use. But as it is o have all I need personally.
298	A53#642	2	s, but some problems || If you buy a &#39;Habitminder &#39; app you want to build habits. The developers don&#39;t seem to have thought about timings. I keep changing my habit list as I&#39;m working out slowly what my real priorities are (!) but not having reminders arrive at specific times and having them all arrive first thing in the m
299	A53#1026	3	ok || (27 zł na rok) synchronizacja szybka, niestety brak multitasking na ipadzie. ujdzie dopóki nie znajdę lepszego habit manager
300	A54#286	5	y time, morning, afternoon, evening.  WOULD LOVE TO SEE IN THE FUTURE: 1. A calendar view of upcoming habits, or being able to tap a day on the calendar and see what the list of habits is for that day. 2. Having a biweekly or monthly (as in once a month habit) option. Like washing house windows and other big projects that don’t need to be
301	A55#133	4	Good + a sugestion || It could be possible to see all habits on calendar, than just one habit. But it’s a useful app.
302	A55#515	3	t rate 5 stars for the conception and the features : the app is clearly smart with many interesting and detailed stats. The motivation messages are stimuling and a broad view of all the routines is very usuful.   Unfortunately the technical implementation of the app is poor for the moment : design is not very atractive, sync doesn’t work 
303	A55#1176	5	Great Habit Tracker || Easy to use and nice design. I like that it’s easy to view all my habits at a glance and can track most with 1-click.
304	A55#1435	5	counting habits like 8 glasses of water a day.  It’s easy to open the app and tick off that I drank my water with each glass. It’s also so satisfying (and motivating) to see I met all my habits for the day. Keeps my going!! Love it!!!
305	A55#1438	5	t and veg servings). That is something I found missing from most other habit apps. Those that did have it were not as easy to use.  Other features important to me are to see my progress in all my habits for the week on one screen and the ability to update them all from that same screen. Handy and quick which is what I wanted. I also like 
306	A55#1881	5	I've found it!! || I&#39;ve tried most of the habit apps out there (Productive, Habit List, Habit RPG, etc.) you name it, I&#39;ve tried it. This is literally the only app I&#39;ve tried and I&#39;m sticking to all of my habits. It&#39;s super simple and it&#39;s great. I can see all of my habit streaks and there are stats and analytics. 
307	A57#744	5	ualizations too! Loved it so much, I upgraded to the premium version.  Two requests for the devs: 1. Can you add the ability to choose percentages *or* fractions for the list of habits shown on each day? Eg. 2/3 would indicate I have completed 2 of my weekly goal of 3. That’s way easier to parse than 66%.  2. It would be cool to track hab
308	A65#5	3	It’s has a gorgeous lay out but you can’t see all habits in the calendar section. || It doesn’t display all habits in calendar view. It only shows one. The streaks also got a bit messed up. It’s a shame because it’s very nice other than that.
309	A67#1457	5	Good || Seeing all my habits laid out in the calendar view in Habio, complete with streaks of success, really visualizes my effort and growth. It’s incredibly fulfilling to see how far I’ve come and it pushes me to go even further.
310	A68#1089	4	t only tell you how often you’ve completed a habit but how effective each habit is for you personally. This is something I’ve missed in other apps. Plus, there’s a large library of habits plus corresponding sources why they are effective in the app. However, there’s one thing that prevent me from giving it five stars:   There’s currently 
311	A68#1192	3	Payment needs and not attractive || I think this app could me a very good tool for personal goals, manage habits, etc. When it comes to the app design, atraction is not really what i would expect for a fitness app, everything is really AI obvious. I also think that is not necessary charge an amount of money for simple things.
312	A68#2033	1	Basic things r missing || habits are not organised by time. If u filter out the morning habits it will show all the habits in unsorted manner.  It may show u a habit which has to be completed by 10 am first and then exercise which is scheduled at 6 am.  If u get a reminder and u open it then it will show all the habits. U need to find out
313	A68#3678	5	Game changer for daily routines! || UltiSelf has completely changed how I organize my day. I love the extensive habit library—the scientific explanations behind each habit really help with motivation. The UI is clean, tracking takes less than a minute a day, and seeing how my habits affect my overall mood and energy has been super insight
314	A68#4273	1	 is really pricey. It’s the most expensive app I’ve ever bought, and the functionality is so limited it’s just static content about each habit, and you can make your own list of habits by putting them together. The worst part is that they keep trying to upsell you additional stuff, even though you paid over $30 for this low functionality 
315	A68#4450	5	I downloaded the app and i’ve found It very useful || Its interface is intuitive, its habit list is easy to follow, and it&#39;s very easy to create your routine. The level and scoring system makes you return to the app to maintain your score, which is an interesting feature. I&#39;ve tried many books to improve my habits, but I think thi
316	A69#50	5	Great free app || Has all the functionality you need. But, if theres one thing I could improve it would be the widget - I’d like a widget that allows me to see all my habits and their progress and allows me to check them off.
317	A7#228	5	 a lot of different Habit Tracker Apps and for me this ones the best so far. I used it for a year now and like how minimalistic it is and especially that you can have an overview of all your habits for the last year oder so in one overview and i like that you can turn of the streaks for individual habits. That way I can track bad habits w
318	A7#336	4	More widgets || Great app but could benefit from widgets that show all your habits rather than just one
319	A7#408	4	bscription and find this very useful to monitor habits, I have sent the coder some feedback to improve the app hopefully these will be implemented, we need to be able to see all habits on one page without scrolling so they can be all seen at a glance and some record of top streaks for each habit.
320	A7#562	5	Awesome app || It’s super helpful to see visualizations of all my habits in monthly and yearly views. No other app implemented visualizations that well.   I only miss the ability to leave a note to my completions. E.g what exactly did I train in the gym. Also it would be nice for weekly view to include all 7 days not 5. That’s how most pe
321	A7#568	5	Very nice app || I would also like to have a widget that will show the very list of habits to tick off. All I miss is that 👌
322	A7#732	5	iewing my habits are perfect for the ways in which I think about them- in both the short and long term. I can manage my day-to-day easily with a high-level, consolidated view of all my habits, while still being able to see the big picture over an extended period of time with a GitHub-esque chart.   Bonus points for a responsive developer,
323	A71#21	5	Love this! Tracking goals has never been easier || It’s easy to set goals, but hard to follow through. This app makes it easy to see all your goals in one place, plus see all of your hard work and progress! I love that I can share my goals with my husband and see my friends’ goals. It’s easy to create a new goal, and it’s a simple tap to 
324	A72#99	5	s app || It’s such a great habit tracker, so easy to use and is so cute! Has the most adorable icons for habits and the widget is both beautifully designed and useful to see all habits I need to tick off. I’ve tried many habit trackers and honestly this one beats them all 🫶
325	A76#716	5	roductive || I&#39;ve tried this app and the app Productive for keeping track of my habits. I have to say Way of Life is much better. The design allow you to have a good overview of all your habits over the whole month. It&#39;s the first time I&#39;ve made additionnal efforts to keep my habits going so that I don&#39;t ruin my progressio
326	A76#2582	3	More feature required || Although a good clear app, given it is 2.49 gbp it needs more. A comprehensive habit library for picking common apps by category is a must. Also a habit may have bits to hit eg. Drink more water could do with recording this 7 times daily as opposed to only once you may have stucco only 3 glasses
327	A76#4365	2	Ok app || Good for what it is but it&#39;s way too plain. For example, I want to be able to set goals and see all my habits in one graph. 38kr is VERY expensive for what you get.
328	A76#4444	5	habit tracking apps including Coach.me (Lift) and Productive. But Way of Life is my favorite so far due to its simplicity and clean interface. I like how you can quickly see the overview of your all habits and quickly mark them off as done, not done, or skip.   The app keep track of your streaks to reinforce sticking to your habits. You c
329	A76#4835	5	Best habit tracker || Makes it easy to manage habits and doesn’t force you to do it the day of
330	A76#4950	3	ut there is a bug in the display of habits/journals that makes this difficult… when I filter by a tag, it sorts by order of creation, not by the custom sort order… so my habit list which goes in order by time block is jumbled up within my time block and really confusing to look at and kind of derails me. The ability to filter by tag is a 
331	A76#6068	5	rning curve is a little steep, but once I knew how to navigate the app, and fill in for past days, it has been great. I love that there are no social features. Just your habit list and goals. Streaks are nice for keeping your momentum going, but my favorite feature is the Graph. It quickly shows me how frequently I&#39;m meeting my goals 
332	A76#6832	2	Habit list too long || I like the concept, but I don&#39;t like how the habits automatically repeat every day. If I only want to run on M/W/F, then I only want to see that habit on those days.   My list of habits got ridiculously long, which was very annoying.
333	A76#7049	4	Very useful || I like the ability to have a quick view of progress of all the goals. Something my previous habit tracker lacked.   Would love to see on the iPad with cloud sync.
334	A76#7159	4	 but I don&#39;t think it is worth 5$.  Also, the little tab for the percentages is a bit faulty, and I wish that I could mesh all my data together sometimes, so I could see how I am doing on all my goals.  Other than that I love this app and use it everyday.
335	A76#7376	5	Great || The interface is very intuitive and simple. I like the feature that I can keep track of all habits on one page. This app has been really useful for me to build good habits since I bought this. By keeping record of my good habits and checking the result everyday, I feel I&#39;m getting more motivated.
336	A8#45	4	o I can be reminded of my habits as soon as I open my phone (notifications are more distracting than helpful for me). And an option within the app to have a more compact view of all habits, for the same reasons.  I would probably describe this app as perfect if those changes were made. I’ll continue using it regardless, it’s great!
337	A8#527	4	Nice but no day view || All habits are stacked in 1 view which is a bit messy, you have a small calendar at the top, why not show onlynthe habits for today per day? Because I can select on which days I want a habit (for instance running, I don’t run every day)
338	A8#747	5	cking app with a more intuitive widget experience. While the widget this app offers is clean you can only track one habit from it. If the dev can provide a more up front view of all of your habits on the widget, this would be my daily used app!
339	A8#749	5	on’t leave reviews often but this really is a great app. I have to say the only thing I’d really love to see is more widget variations. A small/medium/large, or a way to see all your habits listed on your homescreen and tick them off. I like the simplicity of the the app and the color choices. Great app, looking forward to more add ons in
340	A85#22	5	best app out there || this is probably the best app out there, it‘s social it‘s a task and habit manager and last but not least it‘s a game.. I sometimes have a hard time getting basic things done because there is no incentive for it.. I use this to get healthier, workout more and reduce my bad habits.. it works and it‘s really fun, highl
341	A85#1033	3	bmit feedback and many parts to the gaming is over complicated and I definitely will never use it.  Saying all of this, I can’t find an alternative that has such a basic habit manager interface. It feels easy and almost enjoyable to make and complete a task.
342	A85#1761	3	Problem with arrangements || When I have long list of habits and I want to arrange that list by drag and drop it will dropped far away from where I put!!
343	A85#2360	2	ve this if it actually worked || I download this a while ago, deleted it and then recently downloaded again hoping to get back into it. I love the concept. I love having all my habits, dailies, and to-dos in one place.  But unfortunately, it doesn’t actually work.  The dailies never get checked off, which requires a complete reset of the 
344	A85#2648	1	Poor quality app for a great idea || User interface is confusing because things don’t refresh on screen when they should.  I changed my habit list like 5 times and it didn’t show the changes until I come back to the app.  By then I have already deleted a bunch of stuff that I didn’t mean to delete.    This app could use a couple more mont
345	A85#2741	4	As for Habits, I try to curate that list more carefully, since the pressure of maintaining my &#34;streak&#34; isn&#39;t there to motivate me to complete them. I keep my list of Habits to 10 or less. They include &#34;drink a glass of water,&#34; &#34;write a book review on your blog,&#34; &#34;meditate for five minutes,&#34; &#34;exercis
346	A85#3359	5	ish your dailies, which cause your character to lose health if skipped. It basically guilts you into accomplishing your goals and rewards you in a way that&#39;s easy to see.  All habits, dailies, and to-do&#39;s are customizable. The harder you set the habit to, the more experience you will gain from accomplishing it.  I will note that i
347	A86#19	3	Your own way of tracking your habits || I really like this app. You get to create your own detailed views of what you want to track, but you also get an easy overview of all habits. Lots of flexibility and customisation.   It doesn’t get five stars for a couple of reasons:  - I expected way more options for photos, especially since it’s s
348	A86#90	4	ne I will likely settle on long-term.  The interface is attractive and the “cards” for building your own HUD for each habit is a nice touch.  I also appreciate the daily overview of all habits and the Apple Watch companion app.    I cannot quite give it 5 stars though for a few misc. reasons.  One, although it has a quite good Watch app f
349	A86#544	4	airly easy to check-in, it looks great and offers variability in the habit setting (for example weekly habits or multiple check-ins in a day). That said, i would love to see a feature that shows all of my habits at once - like a monthly view or a list with all my check-ins. I would also like if it showed a green checkmark for the daily ha
350	A86#739	5	customise the dashboard.   Things that would make it even better: - widget options please!! - ability to swipe down whilst on a habit in order to be redirected to todays habit list to make it more intuitive  - instead of having to precisely press the top left corner of the screen (sounds petty but if you have a large list of habits/daily 
351	A86#742	4	Super app but it locks || I love this app. The best habit app that I’ve found. However now it hangs whenever I look at my habit list. Please advise how to solve this issue.
352	A86#755	4	much more motivating if you could see your streak without the need to swipe up. It would be neat if you could also see the streak of each habit on the page where you can see all your habits, instead of just seeing the number of checkins for the day. Thank you once again for reading reviews and responding. I’ll be sure to change my rating 
353	A86#848	5	sn’t like that before. I wish there was a bad habit tracking. Something that goes more with the direction of “don’t do” the habit. One last thing is that i wish the full list of habits was a fixed screen like the habits, it’d be more effective to have it as default screen if we don’t want to be scrolling to reach a habit. With time it get
354	A86#863	5	ut there are some very little annoying things about it.  1. The overview button is too far to reach. It&#39;s not quick. I prefer the overview as my home screen so I can see all my habits at once and then tap on the one I want to. It&#39;d be great if you add the option to choose whichever home screen user wants as per their needs. If the
355	A86#868	4	ithout scroll  The larger complication on infograph modular can show the progress of minimum three habits with respective icons or color circles  Inside the app, may the list of habits can have easy add icon on list view itself rather than tap to open and then add.  Thanks for the great app.
356	A86#1010	2	Upgrade the UI, The Mainboard || I have more than 30 habits to track and your UI looks more boring to scroll down.. please minimize that dashboard so i could see all my habits at once
357	A86#1164	4	d application! It works fine on my iPhone but it badly works on my watch series 3. Time from time I don’t receive a notification (on watch) and some days I have not full list of habits on my watch (on iPhone list looks Ok but on watch I see only half of it)
358	A86#1222	1	a is good, but the watch will be better if the picture were small. also and in the section for “today” it shows me all the habits I typed... and for today just I want to see all my habits of today. I don&#39;t want to see all my habits for the week. in conclusion, I feel like this app it’s no helpful.
359	A86#1236	5	ications have a unique and pleasant sound (minor, but important to me).  -Badge reward system (might seem silly, but  I find it motivating).  Cons:  -From the main menu (list of all habits with the “Today” and “All”) the interface is slightly unresponsive (i.e sometimes when I go to swipe a habit as complete, the app will take me to the h
360	A86#1293	2	pers  have ever used their own app as users, as these issues jump at you during the first seconds of using it:   1) every time I open the app it starts not with the main list of habits (which everyone needs to go through them through the day), instead it starts with a habit’s page which I have previously marked as done (and I don’t need t
361	A86#1309	4	Great, but missing one thing. || I like everything about the app, but I would like to be able to see all of my habits on one screen. For example if I could see “5/7 tasks completed today”... could also do this for a week or month view, and give a different color code or reward or something for a day/week/month with no missed habits (i.e. 
362	A86#1373	3	Today app improvements  Should be a button to press on for not completing something  Should be an option for habits to fade once completed for the day The widget doesn’t display all habits Crashes occasionally
363	A86#1382	1	Interface (seeing all habits at once) || Hate this app. The text is too big and the interface is complicated. Save your money and go for another habit tracking app.
364	A86#1391	4	needs more analysis! || I love this app but you should be able to see more analysis. I would love to see my specific habits broken out but to my understanding I only can see all of my habits lumped into one large statistic. A way to export data into Excel would be super convenient so people could analyze their data how they wish. Not sure
365	A86#1405	4	 which is usually exactly what you don&#39;t need since you just completed it and are probably looking to check in a different habit. Starting at the homescreen with the list of habits or having a way to choose your homescreen would be helpful. All in all a nice clean app that does its job well. Also very much appreciate the one time paym
366	A86#1443	3	Almost perfect || Edit: I have tried the direction provided by the developer to check in on a habit on my Apple Watch and sadly all it does is show the habit list and how many I have checked in on my phone. Even when I make sure to 3D Touch the item in the app or when it pops up as a notification. Neither seem to work.  Original: I really
367	A86#1518	5	ace.   One reviewer said that since each habit has it&#39;s own page, it makes marking off many habits difficult. That makes no sense to me. The main page has a complete list of all Habits and you can mark off basic habit completions off from there as you would in other habit apps. The beauty behind this app is you can really dive deep in
368	A86#1780	3	Super flexible, but challenging to navigate list || I love this app, but over time as my list of habits gets longer (and my dashboards get more complex), it gets very slow and the list gets very difficult to navigate. I have a few ideas on how to solve this. That said, it’s still the most flexible of the lot when it comes to tracking actu
369	A88#295	3	eing able to change the category I have to re-create the habit in the new category. Once the new categorized habit is created I can only remove the incorrect one from my habit list and not delete entirely. I feel this is something that could easily be addressed.
370	A89#180	4	when im in homescreen and not only one at a time! And also have a customizable version where i can see multiple of the habits im tracking on one calender in rows. So you see the whole week and all the habits are in columns with the whole week laid out instead of a month.
371	P10#5003	4	 || Please add a feature like 'we can drag and correct the order of the habit list' or sorting options by numbers 1 first 2 second 3 third like that. if you add this feature it will be very helpful for all users like me. Please add this feature like an update in this app. it will be very helpful for all of the daily users like me.❤️
372	P10#6268	4	 || is it possible to re-order the list of habits created? I would love to see that available to list them in order they occur during the day. otherwise, overall intuitive and customizable to categorize and code dif categories of habits.
373	P10#6400	4	 || It would be nice to have an option to always view all the daily habits and not only morning-afternoon-evening. Also the size of the habits is way too big, I would love to be able to see more than three habits at once (at least six would be better).
374	P10#6581	1	 || Font size for habit list is too big. Some text get cut by ellipsis
375	P10#6761	5	 || Easy interface, and a fun to do list of habits. I encourage this application👍👍
376	P10#7236	5	 || Need an option to customise the size of habit list tiles, it's too big and also an option to change the order, other than that the app is great, don't mind the ads because of how feature rich the app is. ♥️
377	P10#7895	5	 || Great app I really love this app. All the habit list you get to add to your daily routine is motivating.
378	P10#8273	3	 || There is an issue about editing repeats. I created a habit which has 13 reps. Then i edited and decreased to 3 reps. At habit list it was still 13 reps counting. But if i enter the habit it shows me 3 reps. Saved but not updated. I turned off reps and turn on to set 3 again. Now works. Also, ads ok. But entrance ads so long. I have to
379	P10#9288	5	 || I really like how simple yet functional this app is but I have a request I would really appreciate if you make it possible for us to arrange our habit list according to ourselves as I would like to see what habbit I have to do first and what last so it will be easier to keep track of my habit , thanks .
380	P10#11473	5	 || It's a really nice app for tracking habits but it could be way better 🙂can you add a graph where were can see mothly analysis of all our habits that show continuity and day we have missed like we do in a physical journal. 🙏🏻I will be grateful if you consider my request .🙏 Please try to do so in the next update. I also want to thank fo
381	P105#975	5	't feel too discouraged when I had a bad day and wasn't able to complete all habit ! Thanks for making this app ! EDIT: I really hope there will be a calendar feature to see all our habits and if there is a sign-in option to backup my data :)
382	P11#6282	1	now what it is). Then the app asked me meaningless questions to collect my data and presented a fake progress bar. When I finally got in, the actual app was just a blank list of habits with check boxes and a list of premade routines which all lead to the same fake 50% discount. Total scam, do not install.
383	P12#15384	3	 || This seems like a good app. Would be nice to have prayer and/or devotion on the list of habits. I am also not lost to the fact that the app attempts to be as "non-religious" as possible (with the exception of a few adaptations of course) but I feel for those of us who are religious or trying to strengthen our relationship with our res
384	P12#18051	1	 || like any other routine manager however this one limits you. You can only choose from a specific list of habits to keep track off, to add your own, pay up. It just shoves its premium version Down your throat and makes it an obnoxious experience for those who don't want to pay
385	P12#18490	1	fferent device, allow for that 28 third-party cookies (incl. LinkedIn, Reddit), are not forewarned of payment date. Yes, app is very beautiful, but after you set up some list of habits to build, it is rigid and annoying if you wake up or go to bed at different times (eg. for work shifts) or want to journal a bit longer some day or your wo
386	P12#20463	5	 || I like that I can keep track of all my habits in one place and if I miss something I don't feel guilty for it. Great app.
387	P12#22771	1	 || Good app but I'm disgusted that a wellness app like this has such a disgustingly difficult method for cancelling subscriptions. I'm building a new habit list for the rest of my life. Task 1. Never subscribe to fabulous.
388	P12#26116	5	 || Great. Having a habit list really disciplines you into following through with beneficial choices in your lifestyle.
389	P12#30566	4	 || Can you guys make a widget for this app so that our habit list can be on the home pages of our phone? The reminders are great on this app but I would like an unavoidable reminder, like having it on the home page, personally.
390	P12#32066	5	ticles/speeches, etc. This is like having my own private therapist. I find the notification sounds to be quite peaceful sounds. When i click on a task that I added to my habit list, it begins a countdown for the amount of time I've allotted to do it. Which shows me just how little time it actually takes to complete.
391	P12#37802	3	pay upfront. I rather know asap about fees. Second, initially the whole habit builder thing seems simple and piecemeal, but becomes overwhelming fast when it gives you a LIST of habits to add, yourself, to your routines. It'd be nicer for app to create routines for you. Poor self-starters are poor self-starters...
392	P12#41121	5	 || Nice. I'm not a ui person, but i appreciate the effort involved, and the list of habits is good. Early days using the app, but promising so far. Still using it, good sign.
393	P12#44903	5	 || Starts slow and gradually builds simple habits to recreate your daily routine :) I'm bad for trying to change all of my habits at once and it burns me out quickly. This is the year I go slow to make lasting changes :)
394	P12#49885	5	 || It's an amazing app and helps alot and has a very good personalized habit list. All you have to do is take a test which is only a few questions! It's very helpful👍
395	P12#59044	3	e app that offers small and manageable actions to start bettering your life and forming positive habits. I've found it to be too disorganized. There isn't a clean way to view and mark all the habits you want to work on building, and challenges you want to accomplish, they all seem to live in separate categories and are hell to keep track 
396	P12#61834	5	s been weeks since i installed it. It helped me create a habit of drinking water every morning, one down.. I just get started with the other features of the app, and the habit list makes me feel excited for next days..
397	P12#104193	4	d the idea (the way that we can launch the rutines by hrs), it will be perfect but we cannot add our own habits and/or a widget. Now I have to use other app for personal list of habits.
398	P12#148342	5	times during last 5 years and there were a lot of habits to add in routines, like yoga, reading and so on, even in free version. Now I have Fabulous Premium, but I can't see all these habits in list.
399	P122#4426	2	need the name, the rep and timer when we workout. 3. No cardio, calisthenics, hiit mode. Reps sets even names are less important than the intervals or volumes. Insane to list them all. 4. Routines override on default, and the switch is under "finish" page.
400	P122#10263	5	 || For a free app it's excellent, I still haven't run into an exercise that I can't find, or any problems at all, you get 4 routines in the free version which is enough for me.
401	P122#19185	4	 || would like to see more of a card view when working out. All the routines kind of get meshed together, need more of a separation between them.
402	P123#612	5	 || I've been using this app for a few weeks, and it's been a game changer for my daily routine. The clean interface makes it easy to set up and manage habits, and the customization options (like reminders, habit categories, and progress visuals) are fantastic. Highly Recommend👌
403	P123#681	5	 || This app is wonderful🔥. I mean since I downloaded it I have been maintaining consistency from that day,🕔 before downloading this I was having a trouble in making a list of habits and follow it regularly.📆 Thanks to this app now I have changed my routine in better way. The widgets and the beautiful interface💖 motivates a lot. Again Tha
404	P123#1156	4	 using this habit tracker for a while now. It's just a daily habit tracker. I only wish I could resize the widgets smaller than the smallest option available now. Or the list widget containing all the habits. Since Habit analysis & customization are coming soon I hope they could add these features. Edit : the look, widget options were vis
405	P124#182	5	 || I like that it's really simple and easy to use, but i can't seem to get the notifications to work. It would be nice to have a calendar view of all habits, though I can see how that might be difficult to implement. Crossing my fingers! Updating my review to 5 stars, the Jan 28 update fixed the notifications. Thank you!
406	P130#163	5	s the free version can only track 3 habits. Should be at the very least 5. But the paid version is perfect for me and this is one of the very few apps with the layout to see all your habits each day of the week at a glance, which i highly prefer and notes are a must. Only thing missing is a counter for your habits, that would be great.
407	P14#185	5	 || The app is easy to use and the grid view is great for viewing all your habits in one glance. It also comes with a great preselection of habits that we can all get started with right away. I just started mine off with drink water daily, I'm excited to see where this goes.
408	P14#431	5	e interface is clean and intuitive, making it really easy to set up and track my habits. The new compact home screen widget is a fantastic addition—it's super helpful to see all my habits at a glance without taking up too much screen real estate. The recent bug fix for the single habit widget is also much appreciated. I've tried several o
409	P145#550	5	 || I love, love, love this app and the company that created it. 🐇 💕 I think my only issue is the habit list for check-up: if the list is too long it overwhelms me having to scroll it and make me feel anxious. Maybe a grid would be nicer on this picky eye (just an idea lol). Love you, though.
410	P19#49	3	rilled by the idea of this app, it seemed to fit me perfectly. I paid for the pro subscription and I was shocked when I found out that I have to pay for every single new habit list. What's the "premium content" I'm unlocking with my subscription? I think it's a misleading description and the extra charges need to be clarified when someone
411	P19#319	5	 || this app was exactly what I needed to help manage my ADHD. I can see all my daily habits laid out in front of me, simple and uncluttered, and I can check them off and get on with my day.
412	P19#369	4	wish the app remembers what filter was selected. when I close it and open again, the app Today page defaults to "all". Additionally, I wish I could set the Today page to show me all the routines, separated as stacks or cards. Instead of showing all the habits together. Looking forward to buying the lifetime version if these changes could 
413	P19#734	5	s great. However, I think it could be even better if you can group some habits. For example, you could have a morning routine consisting on 4 different habits. You could see all habits or maybe minimize it and just show "morning routine".
414	P2#226	5	 || I love how simple the app is. All habits review on one page would be great.
415	P2#1030	3	p the premium membership to support developer but i have cut 2 stars because i have a 2 major drawbacks 1. There should be a proper tab for statistics where i can easily see the stats for all my habits 2. On the main Today screen - there should be a category wise view option Extra- if you could add simple everyday's mood storing also - li
416	P2#1189	5	 || this app is amazing . from the nice simplicity to many details that can bring a nice experience for those who are seeking to manage a habit list . you can use it whatever you want. awesome I am using it for two and half of a year
417	P2#1566	4	 keep track and stick to my habits. The only reason why I have given a four star is because my partner has a habit tracker on the iPhone Apple and it looks much clearer! view all habits in one chart showing completion and also percentage of that week including all habits and tasks! easier to read and nice chart table. I find this one not 
418	P2#1882	5	 || Such a nice app. Very responsive, very user-friendly. The whole system is just crystal clear even for first timers. It is a very unique app that I can use to manage habits and tasks differently. Thanks to the developer(s) behind this app.
419	P2#2904	4	p! I bought the premium version and it’s the one that has worked best for tracking my habits, patterns, and tasks. I just have one request: please add a general calendar view where I can see all habits and tasks together. It would really help to get an overview of how the day went, and to analyze past months and overall trends. Please con
420	P2#3511	5	 || I use the premium version and I like it so far. It would be cool to see a better visual representation for all my habits. Kinda like a general overview to see my progress over the year.
421	P2#3628	5	 || Nice app, just requesting for a feature where I can see all habits progress collectively instead of going to each one individually
422	P2#3834	3	oductive but I hate that the statistics doesn't have a separate section where you could see your progress in a day regardless of what habit you worked on. Like I want to see between all the habits how much productive time I had today but I can't. I have to count the time myself. I feel like it could be more simple with better features. Th
423	P2#4980	4	 I purchased the app because I trust them to improve on above points. Thanks 👍 Update: Cloud backup is integrated. But visualisation is still missing. There is no way to see all your habits in a plot etc. pls atleast allow to download an excel file.
424	P2#5097	5	t of 2 and 1 out of 3. If you hit all of them they're green, if you miss one it will show yellow. Hitting 3 out of 3 gives a streak badge too. It's just so satisfying to see a clean board with all my habits done.
425	P2#5652	5	 || Amazing app, all my habits in one place
426	P2#6297	5	 || Finally i found beautiful, handful and simple habit manager.Done perfectly.
427	P2#6784	4	 || Overall, I like it. It would be nice if there was a way to view the statistics of all habits on one page so you can see a view of your progress with all habits in one place instead of only seeing it individually within the habit.
428	P2#6940	2	 || Originally liked it, but it gets too "head heavy" - not enough tracking data to overlook all habits... Would help if there were graphs to show all habits in a single view, rather than having to go through every single habit (time consuming). So time consuming to the point where I'm unable to continue using it (paid for premium too). O
429	P2#7046	5	erface look simple not to simple, not to colourful just look COOL. inside the app build up my favourite thing is the timer and countdown, can directly save record to the habit list.*i appreciate all the stuff inside the app and the price for the premium version. keep updating and keep the app be the best of the best!
430	P2#7103	5	 || Exactly what I was looking for to Manage Habits and some tasks.
431	P2#7223	4	s is good app, I liked the app and it is very user friendly and simple to use it.One suggestion is to introduce few more features like * Tags * show category name in the habit list * filter or group by category/tags
432	P2#7375	5	 || Amazing app, great functionality, intuitiveness of use, responsiveness, and aesthetics. I was looking for an app that would enable me to track all my habits and routines in one place. The premium version has habits with a checklist, which I use for routines/chained habits. I love that it's a one-time purchase. The only thing I'm missi
433	P2#7512	5	 || Use it everyday. Best to-do/habit list I've found!
434	P2#7573	5	 || Awesome app.. purchased subscription. However one feedback - if the option to see all tasks/Habits under a category-based tab would've been great.!! Easier to manage categories directly for sub tasks or sub habits within the category. Thanks.
435	P2#7768	4	 || It's good app & I'm using it for long. I gave it 4 stars because there are 2 issues with it. The main one is when we complete writing one habit, the main list of habits is shown from the start & not from the habit which we just used. 2nd issue is that there isn't Font size or font style option. It's very important for different tasks 
436	P2#8318	1	 || I just finished paying, then I wrote a list of habits I want to repeat daily. Then I wanted to prioritize them. Then my whole list disappeared!😱😯😡
437	P2#8579	4	 || Good, clean UI and design. The habit organization is nice, though a bit tedious if you have multiple habits that you want to see stats for. I'd like to see a calendar view with all the habits and tasks listed out, as well as historic completion rates. The tasks seem like they aren't fully fleshed out. I'd like to see persistent remind
438	P2#8658	5	it's kind of confusing visually, if that makes sense. It also congratulates me when I tick check the bad habit 😅 I also wish there was a filter and sort by for the tasks/habit list.
439	P2#9667	5	 || Amazing app, work as expected! Just one request to the amazing developer, can you add weekly checklist view of all habits in a single list WIDGET?
440	P2#10429	3	 || There are less no of options in habit list
441	P2#10573	5	 || I love this app, it's well organized Has sweet features to manage habits with accurate tracking and reporting
442	P2#10687	4	n just because I like it so much). However, one thing I would really like to see is the ability to set what time the day resets. As a night owl, I don't always finish my list of habits before 12.
443	P2#10863	5	 || good app. using it to track my habit streaks. i like that i can see all habits in 1 page (compared to another habit app where i have to scroll down to see all habits 🤣
444	P2#11034	3	 || Great app! It would be perfect if you could show a summary graph with all habits in this single graph. In present version checking each habit individually is really hard especially if there are many habits.
445	P2#11676	5	 || I love having my habit list on my phone. I use HabitNow during the day and then every night before bed I add smiley stickers to a wall calendar like I'm a toddler. 😂 But it's working!
446	P2#11995	4	wish I could drag my own custom order. I sequentially have an order that I go through my habits daily and it'd be nice to go down my own sorted list I also would like to view progress of all my habits over a week at the same time and not just individually
447	P2#12010	4	onthly progress ONE HABIT AT A TIME (the rest of the tool works very well). the global monthly calendar view doesn't show green for completed days. you should be able to see that you completed ALL your habits/tasks, on the global monthly calendar. I'm glad development is continuing on the app. I'll keep using it in hopes of the global cal
448	P2#12078	5	se. I will give it a try!😊 I love the app!! The only reason I gave it 3 stars is because I got a new phone and I can't find where to sign in so I can have my premium and see all my habits I logged.😒
449	P2#12097	5	ns before deciding on this one. The free version is good but it is worth paying the premium. The only thing missing is a weekly dashboard that gives a weekly snapshot of all my habits at once.
450	P2#12108	5	 || I downloaded the app today and already became a premium user. I love it but I just have 1 request.. I want to see a score of all habits combined not just each one individually.. so for example like sayin the total performance is like 70% .. is that possible?
451	P2#12686	4	 || Like the app. Either I haven't found it or they don't have it in the free app but I would like to see a calendar with all the habits listed each day. Would be fun to see at the end of the month all that I did on one calendar.
452	P2#13115	2	 || No habits library
453	P2#13199	5	 || Love that I can manage habits and tasks in the same app. Simple, useful, motivational.
454	P2#20882	4	 || Please, can you add a general success widget ? To have a overview of all habits.
455	P2#21112	4	 || Would be nice if we could see our all habits statistics in one one tab to have an overview. Like a graphic for example with different colors which correspond each to an habits. Cuz for the moment it's possible to see your statistic just by habits (and not all of them at once)
456	P2#27292	5	 || Simply the best habit list app I've ever used, Highly recommended
457	P2#28629	2	you can add... not enough for moi. The two +'s are that you have space to describe your habits and rearrange the order of your habits in a list. But there's still a poor overview of all the habits.
458	P20#46	1	 || why do I have to answer countless questions while signing up? it's a waste of time,, I just wanted to create a habit list but I haven't got to it for few minutes and when I got to the end it asks me to buy the plan. uninstalled. what a disrespect for user's time! they just want to collect user info
459	P20#86	5	 || Exactly what I have been looking for. I love the widget for daily check box tracking without having to go into the app and the widget to easily see my weekly progress with all my habits. The monthly stats are clear and easy to read. Simple and I love it!
460	P22#932	5	 || Hi, can you make a page where we can see all habits analytics at one? Also a weekly view of all the habits please
461	P22#1063	5	nd it helps me keep track of all the habits (good and bad), and helps me be a better person. I recommend adding a habit per week to the list and not get overwhelmed by a list of habits from the start. I started using the app after reading the book Atomic Habits.
462	P24#807	4	e in the weekly overview wether a habit should be done daily or “3 days a week“ without fix weekdays like monday and so on? Like: i want to do sth 3times a week... i can see in the list with all habits 3dots under / left handed the habits name which are filled if i have done it? So i can see easily “D'oh.. i have to do it at least two tim
463	P24#913	5	 || POSITIVE: A great way to keep track of daily habits. Weekly view gives you all habits on one page. The app keeps me motivated to stick to my habits to avoid my HabitBull score to go down. Buy the Pro version! NEGATIVE: Syncing does not work automatically on my devices. I have to manually start sync.
464	P24#1009	4	 want to update.   Currently on start I'm seeing an individual goal, and only its calendar. I need multiple gestures/clicks to update another goal, and I need a click to see the overall status of all goals ("compare"). I think can be made more user friendly and more motivating.  I'm interessted, if you can improve this aspect! :)
465	P24#1215	5	 || I love how I can color code and organize all my habits in one place! HabitBull makes tracking my habits easy and a little rewarding.
466	P24#2300	4	 || An improvement would be to see running total on all habits page. Quite expensive for what it does. Constant reminders to rate the app, very annoying. Need some mechanism to opt out of these or a way for company to register that review has been completed
467	P24#2437	3	 || Notification don't really work and even though there is a "view on startup" option. It always seems to open up on monthly view(for 1 habit) instead of weekly view(all habits) for me. + there is no web version. only mobile which would have been great becauae I spend most of my time on PC
468	P24#2984	5	 || The best! I tried 10 habit trackers. Wish it had Edge screen implemented like Habitsooz tracker (it's an app but also has Edge Screen so you can view all habits & check/uncheck them off quickly rather than having to leave current screen, find the app, open it & search for habits. It's there on my screen at all times, just gotta swipe 
469	P24#4447	3	tion without a doubt. Definitely benefitial to those to use it honestly. Edit: Everything's good but after changing phones I've suffered having to manually copy the same habit list because the sync function just doesn't work.
470	P24#5474	5	 || I would like to view all habits with today on the right and the previous six days left of today. Always one week back. No point in showing the future.
471	P24#5829	5	 || perfect habit manager. just the right amount of notifications when i need a reminder.
472	P24#7150	3	idget, but I dont like that you can't split habits into "profile" type structures. for example, an "AM" Routine list of check offs, and a "PM" Routine. maybe those and a list of habits you just want to complete daily at any time. that would be a game changer for me. I've considered other apps because of that one missing feature. I dont li
473	P24#7750	4	 || Pretty good at what it does, exactly what I needed. However, there is a small bug - weekly review widget does not show all my habits. Moreover, I miss a feature to periodically share my weekly/monthly reviews on social media, or with at least with someone. Accountability helps.
474	P24#8062	3	 || It's good but when do you open the app and see "All Habits" you can't know what is the habits that do you need to do in that day ( today). I mean, I have some habits that I just do once a week ( friday) but when I see all habits (on a wednesday, for example) I see that habit there, like if I should do that on the wednesday. Would be n
475	P24#9120	3	 || Nice and simple habit manager. Attractive UI too. No fingerprint sensor option to log in. Now i'm reading complaints of premium members not getting their upgrade & support from the developers. Instant uninstall!
476	P24#9212	4	 || Pretty simple to use. Reminders aren't annoying. I'm not sold on it yet but I have a really terrible schedule so I'll give it more time. I like the page with all habits up at once so I can just review them all at once.
477	P24#11877	5	 || The free version lets you keep track of up to 5 habits. You can see all of your habits in the week view, but not the month view. It lets you know if you are at 100% or less. A great way to keep track of something you want to get in the habit of doing. There are also forums to participate in, if you would like to do so.
478	P24#12735	5	 || Great UI design, very easy to use and manage habits. The calendar view with all circles filled and connected makes it feel great! Also the reminder feature is good!
479	P24#12888	5	 || I like the display of showing all my habits I'm wanting to change or I can see just one habit overall.  I can tweak my goals & edit what I want to accomplish. The feedback articles at the bottom of each habit of other similar habits give tips & tricks of others on how they accomplished their goals. I have already started to slowly shi
480	P24#14043	5	 || I enjoy the funny reminders. Wish you could see all habits at once. Wish it included a push towards making even stronger habits.
481	P24#14343	4	 || 1000 times better than my excel tracker & also better than other similar apps. The only improvement I can think of would be being able to land on the "All Habits" page which gives you a nice overview, rather than always landing on the 1st habit you logged. It would save users from having to constantly switch habits. Unintended downsid
482	P24#14421	5	 || I liked all kinds of settings in the reminders.  But if I can see all 'habits' in monthly view in one screen (not just one week), that would be awesome.   Also, when setting comments on a habit that keeps track of the number of times you have done it, I'd have to remove the keyboard in order to press 'done'; there should be a done but
483	P24#14706	5	app has helped me form some of the habits I've had trouble with all my life. No glitches here. Works perfectly and reminds you at the end of the day to check off on your habit list.
484	P24#14773	5	 || The only thing I'd like to see is for the notification to open up to the all habits page.
485	P24#15379	5	 || Track multiple list of habits in an in your face calendar from day to day and week to week.
486	P24#16354	5	 || Best habit manager I have used to date.
487	P24#16492	4	 || Would like a summary at the  beginning and the end of the day.  Morning summary would present a list of habits and at the end of the day it could list them and we could checkoff the ones that we accomplished. And then go more in depth with certain habits if needed.
488	P24#16575	5	 || Best habit manager!
489	P24#19465	5	 || Una muy buena aplicación,  después de migrar desde iOs con habit list,  es la mejor app que he probado en android para establecer hábitos y chequearlos,  muy útil y práctica!!
490	P24#21114	3	abits. One thing I find abit annoying is that when I open the app or even swap between apps habittbull always loads the first/top habbit. I would rather it displayed the list of habits instead of always showing details about the top one. A setting to configure this behaviour would be nice! I would also like to see more notification settin
491	P3#156	4	 || The application is very cool, but it lacks the feature of dividing habits into categories because writing all habits in one list makes it difficult to follow all habits. For example, the user can be enabled to create a classification for lifestyle and write in it habits for lifestyle and another classification for study in which we wr
492	P3#529	5	time. Thanks! However I have a question... would it be possible to add another widget, with avarage status across all my habits? I guess it would be really motivating to see, that i can follow all my goals. To see 10 graphs with separated habits takes too much space on display, but one bigger graph ... it would be super! Then I would add 
493	P3#706	5	 || Great simple tracker for reoccuring taska and habit development. ITlt would bei great to see a Widget to Check all habits in list Widget instead of single widgets
494	P3#844	3	 || Good App - Only lacks a habit list widget
495	P3#1320	4	 || Need a widget with a list of all habits so I know what I have to accomplish that day
496	P3#1526	4	 || Honestly a really solid app,its got all the features you'd need that too for free ,although there is one thing, there needs to be a feature where you can see all the habits together for like an entire month just like a notebook where you can see everything together
497	P3#1593	5	is app and lovely simple ui interface holds record perfect and also each habit has data charts like in percentage how many days etc also Counting like if I set 10 pushup habit list it will show me what total of week target month year if I regularly complete this habit. love for developer
498	P3#1638	1	 || i wish it had a feature to see the progress of all habits together ( not divided for a single habit) and same thing with widgets i wish it had a way of checking multiple habits in the same widget
499	P3#1678	5	 || It's a great app, I would suggest changing the widget to give an overview of all the habits, not just individually
500	P3#1701	5	 || bro it's genuinely best app. its completely free and add free bro. this app lets you gamefy tour life. you can list all your daily goals. like water in morning and then check offf. also3 see then your stats. i encourage all people to download this!!
501	P3#1858	5	 || great app ...i want to see all my habits data in one graph...
502	P3#1860	5	 || amazing app! just one tiny suggestion: I wish to be able to see the streaks for all habits next to the habit name in the home page, after all the streak is what defines a habit.
503	P3#2546	3	 || If the widget was better, this would be a great app. Why not take the main view of all habits with X days of progress and make it into a widget with a clickable component for today? That would be all I need! However right now, widget is per-habit, and is only view-only or a clickable widget.
504	P3#2579	4	 || this is the simplest best habit tracking app that I stumbled upon, wish it had an overall stat view page for all the habits, like a hub to see basic insights or a spider chart maybe.
505	P3#2582	5	 || The best habit tracker ever, Inam using it since 2019 and I can't manage habits without. PERFECT
506	P3#2692	4	 || please add one widget in which all habits shows on only one page or on one widget window..
507	P3#2778	5	 || simple and practical, nothing else besides the list of habits.
508	P3#2780	4	 || Excellent app, exactly what I needed in terms of tracking. However I wanted a bit more from the widget, a scrollable list of all the habits showing my progress for today. I don't want to have every habit on home everyday, some habits only repeat twice a week for example. I'll definitely revisit the app in future, but for now my hunt c
509	P3#2926	3	gest weakness. I'd really love a web interface so I can track from both my phone and my computer. I could live without that, but not without having some sort of collated overview of all my habits. If I want to see any sort of progress report I have to open each habit individually. At least give us a simple overview report showing a score 
510	P3#2945	5	 || this app really good. But if there was an option to create an account in it, it would have been great and if the information about improving all habits was given in one place and not separately, it would have been good and if this app becomes popular, then at least give it for free to old users or at least give the option of tracking 
511	P3#2978	4	 || How can I see all habits at once in the calendar ?
512	P3#3012	4	 || Great so far! Especially for a free app with no ads. I'd REALLY like a simple widget that shows an overview of all my habits together. Like, each habit with a bar representing my current score for that habit.
513	P3#3161	5	 || Would be nice to add a widget that shows all habits in a list
514	P3#3184	5	d be great. Also please fix: Habit and related history is completely deleted when updating the status for the current day. If I updated for a prior day, it remain in the list of habits. I'm unsure how long it's been like this but I've noticed it in the last week. I enjoy the app and have 60+ habits, goals, etc that I track . Android and a
515	P3#3432	4	 || Very easy and simple to use. I highly recommend it. I only give it 4 stars because I would like to have a widget where I can see all my habits at once. The widgets currently available only allow me to select one habit.
516	P3#3489	5	 || All good but i wish there was daily habit list for the widget
517	P3#3997	5	 || Simple and beautiful GUI. No ads. Really great Job. A widget showing all habits at once would be amazing!
518	P3#4165	4	 || Great app just one suggestion it would have been better if users were able to scroll left and right to see progress of all habits and all days together instead of just 4 days.
519	P3#4242	5	 || The app is great, but I wish there was a home screen widget to see all of my habits in list format and the capacity to check them from there.
520	P3#4373	4	 || I like the simplicity of Loop Habit from within the app, but without a widget with a checklist list of all my habits that I can mark off from within the app, I will probably have to uninstall this. I don't want a separate widget for each habit; I want one widget that I can use throughout the day
521	P3#4451	3	 || Hi, this is good. But is it possible if you can allow us to make categories? Otherwise, it would be a long list of habits. Appreciate much!
522	P3#4480	4	Lots of stats & good widgets Maybe just improve the landing page. It should at least be scrollable. Landing page should be more like in the app HabitKit instead - we can see the heatmap of all habits in a glance there
523	P3#4639	3	 || This app is very cool and useful, but I cannot use multiple widgets of the same type. Please fix it, I want to see table for each of my habits, and now only one.
524	P3#4879	5	 || Great app. Does exactly what I want it to do. Which is being able to have a list of habits that I can check off without unnecessary extra stuff. And the option to view statistics which give an overview of how you're keeping up with your habits help with motivation since you want to get those numbers higher. Plus the customisation of t
525	P3#5041	5	hing great. But the only annoying thing is month view. We are habitual if viewing days from left to right not top to bottom, thats why I'm switching to 'Goal tracker and habit list'
526	P3#5261	3	 really nice and easy to use. Very clean UI too. But uts missing an option to sync our data... If you could add sync with Google account uts be awesome. Also a widget to see all of our habits in one place and being able to mark it as done would be really great too. I'll change my to 5★ when you add that.
527	P3#5323	3	 || A widget is needed that will list down all the habits with tick button beside them.
528	P3#5346	5	 || Love it! If it had some widgets to show all habits statistics in one calander, or all habits streaks in one widget it would be great.
529	P3#5918	5	 || Amazing ...loving it so far! Edit: I love how this app doesn't intrude in anyway. I list all my.habits good and bad and I keep a score card for my life. Huge credit to the developer. Simple ideas are often the best.
530	P3#6131	5	 || It's so simple, just write the list of habits you want to track and check them off each day that you do them. I started in January 2020 and have checked it off for every day and the data is really interesting! It's helped me change some habits. Def recommend.
531	P3#6331	5	| This app is just what I need for trying to improve my habits. I love the simplicity of creating and tracking them and being able to see how well I'm doing with a clear list of habits. The scheduled reminders are perfect for what I need, I love how I can create custom questions to ask myself if I've accomplished a certain habit each day!
532	P3#6432	5	widget to track all the habits, where all habits can be checked with a single click in the widget. Current widgets need to be placed 1 by 1 on the home screen, an entire list of all the habits as a widget would be great and helful for a procastinator like me 🙃
533	P3#6444	3	e better than Repeat Habit Tracker: 1. Option to filter habits by day so one sees only habits for that day or all of them 2. Show the time and days for each habit in the habit list; I have to click on the habit to see the reminder time and Edit to see the day(s) for that habit 3. Option to add more than one reminder per habit/day in case 
534	P3#6501	5	 || App feels and looks excellent from the short time of two days using it. Is there a way to see all the single habits in one graph?
535	P3#6682	3	ally wanted to love this app, it's almost perfect, very customizable, simple, excellent tracking, but it lost me on the terrible widgets, I want to be able to see a full list of my habits on my homescreen and be able to check them off without opening the app and although this has widgets the design for using them for more than one habit i
536	P3#6683	4	very intuitive. It's a very helpful tool and Android doesn't have many of them available. Cons: The widgets are oddly non-useful. The main screen of the app itselt is an overview of how you're doing on all of your habits. Perfect! But the widgets only show one at a time with no similar bird's eye view. Rather than use a widget, it's easie
537	P3#6950	5	 || This is a great app and it had really increase my productivity. I have a feature request however, I would love to be able to see an overview of all my habits compared side by side to see what areas I'm doing better in and where I can improve. Thanks for reading!
538	P3#7100	5	 || Best habit app ever. Never see ads, and it tracks all types of habits. Better yet, it tracks how much of whatever, pages, minutes, hours, miles... whatever you want, so even if you don't do your habit completely, it's still tracked. Never glitches out. Best habit app I've ever used.
539	P3#7270	5	ally wish it was possible to group habits together, so that I can keep the habits I'm developing from the ones I'm just tracking for data (I currently color code, but my habit list is overwhelmed with items) Other than that it's the most practical app there is for habit tracking.
540	P3#7558	3	ble making decisions, and is often overwhelmed by all the tasks I need to accomplish and the habits I need to help me do them, I would appreciate having at least a basic list of habits to choose from rather than having to think up ALL of them myself. Also, I love that there's a widget but I can't get it to add to my screen. Great customiz
541	P3#7568	2	 || Rubbish widgets unfortunately. You can't see all your habits to check off
542	P3#7618	4	 || Woud be nice if we could have muliple sparated pages so that each page could have a list of habits separated alone
543	P3#7629	5	 || Love. It. Very simple and easy to use. Would be nice if there was a tab to see analytics for all habits on one page. Or a calendar view that displays all habits instead of just one at a time. Potential for this to get implemented ? ? ? ?👀
544	P3#7800	5	 || This app is simple and functional. Create a habit, color code it. It appears in a rearrangable list of habits that you can check off each day you complete. Click on the habit to see a graph showing you how long you have or haven't kept that habit up. You can have the app send reminder notifications, or not! No plants to grow, no swipi
545	P3#7850	4	 || Very simple, ad free and intuitive. My only criticisms are the absence of a widget to check off a list of habits, the individual habit widget being a bit small and the inability to create a habit that is done multiple times in one day. Otherwise it's fantastic!
546	P3#8053	5	 || Clean and Beautiful app. I have two suggestions : First add possibility to view the statistics of all [habits] in a single graph. Second, (the most important for me) add widgets that show you all the habits with the checkmark options in a single view. it's painful to add widget (checkmark) for each habit. I want to have all of them in
547	P3#8158	4	 || Great app overall. Allows me to see all my habits and their streaks in the same screen, so perfect! The only complaint is that the widget only works for individual habits. So if you want to see your 5+ habits, well, then you need to add 5+ widgets on your screen. Putting the app screen on the widget would make this a 5 star app for su
548	P3#8267	5	ust a set day in the week, and it doesn't cost money to have more than 5 habits (that I've noticed). It has a few widgets, but, I wish there was one widget that showed a list of all the habits with a check-off button next to each one for easy tracking. Right now, the only way to do that is to have several 1x1 widgets dedicated to a single
549	P3#8284	5	 || By far this is the best habit tracker ap I absolutely love. It's Simple, practical, and easy to use. I love how you can change the order it appears in the habit list You can set how many times per weekly, monthly or set a habit to daily Able to leave note. Able to color code habit This is the BEST app
550	P3#8301	4	it for a bunch of stuff. However, if I could make one change to this app I'd create categories of habits, maybe in tabs or collapsible lists or a drop-down menu, so that all my habits weren't just in one long list. I like the color coding but having everything in one long list is visually overwhelming!
551	P3#8326	4	 || Love the no-nonsence and free/no ads essentials this app provides. Only wish there was a simple "daily list"-widget of all routines/to-dos for the current day. Otherwise the best if you need a straight-forward habit tracker with needed stats and no annoying extra bells and whistles.
552	P3#8473	5	 || Best app, but it would be better if you could let us make another list of habits, so we can organize our stuff.
553	P3#8607	5	 || Would love to see a widget which looks like the habit homepage when you open the app! (List of habits with daily ticks). Otherwise, great app. Best habit or sobriety tracker out there.
554	P3#8668	5	 || Hi Team, this is an Amazing app!! Please add a widget to show all Habits in a list so that we can, at a glance know which habits are completed or still due .. And also when creating the habit, please allow us to specify if the habit has a end date or if it's recurring.. Thanks a lot!!
555	P3#8757	2	 || I had this app previously and really loved it. I redownloaded it, and I remember there being a widget on the previous version of the app that would show a clickable "list" of all of the habits that needed to be done that day. I really regret that it no longer exists, it made the whole thing that much easier to deal with.
556	P3#9117	5	 || Amazing app, simple clear and powerful. I would love to see an update where u can see an overview of all your habits in one graph.
557	P3#9118	5	 || The best free habit tracking app on android. Simple and clean UI. The habit list homepage is pretty efficient and effective. Really like the simplicity of the app. 5 *
558	P3#9185	4	 || I need a compact widget where I can see all the habits that I want to do today
559	P3#9198	5	 || Every other habit tracking app is unusable compared to Loop. Loop gives me what I need and literally nothing else. I want to make a list of habits I'd like to track. I want to edit their appearance and reorder my list to group them in certain ways. I want a ONE CLICK tick mark. I want a dark mode. The end. Loop is perfect.
560	P3#9485	4	 || It's a great app that allows me to track my habits in an effective way. It would be great if it also had a summarized view and tracking of all the habits rather than just the individual habit. Thanks
561	P3#9531	5	 || A rare blend of simplicity and functionality. Would like to see more widget options (all habits' streak at a glance) and streak notifications though.
562	P3#9630	2	 || Why you no have widget??? I turned to this app, discarded previous app, and after setting everything up, no widget to view all habits together.
563	P3#9631	5	ow they are presented in a cristal clear manner! The long press function is pure genius and is definitely needed! The 2 tiny things I feel that are missing are: A way to see an overall map of all the habits stats at once & an implemention of the '2 day rule'. Thanks so much for all your efforts + a super thought out and user friendly app!
564	P3#9829	5	 || Just downloaded the app, and I love it. However, is there a way to view all my habits in a widget overview (not just one?). Otherwise, love it.
565	P3#9908	5	 || I like this app a lot. Would be the best if they improve the widget, making us able to display and tick a list of habits
566	P3#9975	4	. Had used it for a while now and like the simple straight forward voew of the habits. Would it be possible to add habit grouping or sub habits? Scrolling down to a long list of habits might jeopardize the simplicity.
567	P3#10067	3	 || Important feature missing! I expected to find a screen where I see a chart for all my habits together, each habit is represented by different color on the chart..
568	P3#10145	5	 || Amazing app that appears to be simple but checks all the right boxes. The widgets provided allow me an overview of all the habits I've defined (resized with Nova Launcher) in a compact view. Highly recommended if you want to build habits and enjoy checking stuff off at the end of the day! :)
569	P3#10455	5	 || Can't ask for more from this app. It gives all the functionality you need and I especially like being able to see all my habits on the screen without having to scroll up/down. It's simple, looks great and works faultlessly.
570	P3#10552	1	 || Downloaded this cause it had widgets, but they're pretty useless since you can only track one habbit per widget. You can't have one widget show the history/progress of all your habits
571	P3#10775	5	 || Great app. Author can you implement a view that shows all your habits on the same chart?
572	P3#10882	4	 and ignoring the app. The charts help me visualize well, and the day markers really help me see what days are easier and to plan accordingly. Only downside is I want to view all of my habits as one chart too. I'm using this for tracking overall self improvement and want to have that visual.
573	P3#11132	4	 A very simple and good habit tracker, I like that you don't have to open the app to check habits because it makes it less of a hassle to use. Would be nice if you could see all the habits on one chart, or pick which habits you want to be seen on the same chart.
574	P3#11162	5	 || very helpful app! I like that I can list all the habits I want to work on, color code them, specify how many times a week or month, and see statistics on my progress.
575	P3#11313	3	 || need to show all habits in a single widget. need to trend all habits on a single screen/view.
576	P3#11627	4	 || Overall very good. Would really love to see a widget that shows a list of all your habits that are due.
577	P3#11713	5	 || This is by far the best habit tracker. Does not crash, simple&colorful, no internet required, no account binding yet you can still manually backup your list of habits. comes with customizable notification that you can check as done without app launch. Brilliant!
578	P3#11813	4	 || If there is an option to see all the habits in a monthly view in 1 page, I would give this app a 5 star!
579	P3#11814	4	 || Really good app with ad-free experience. It needs habit list to choose
580	P3#11840	5	 || Just what I wanted. Very nice to see a weeks view of all habits at a glance.
581	P3#12336	5	 || Great app. Please add a widget for all habits list, and also add a Google account sync and calendar support. Keep it free please.
582	P3#12611	4	 || Has almost everything I want in a habits app without any of the junk the others have. Would be 5 stars if there was a widget that displayed all habits at once.
583	P3#12884	5	 || It's great to list all habits we want to have, then by time passes, we can  get to them by checking them as done in the app
584	P3#12980	5	 || Fantastic application! This app does what it claims and without a fee or  ad-support. Lightweight in size and UI. Easy to build a list of habits,  track them, and review history and patterns. My dogs both love it because I  have not failed to break my habit chain and they have had daily walks for  3+ months. I have 6 additional daily 
585	P3#13457	5	 || Easily the best habit tracker from over two dozen I've tried. Gives an overview of all habits plus actionable analytics of each habit. And what's best,  it is ad-free and free. Thank you!
586	P3#13505	5	 || Simple, beautiful, open source habit manager. GREAT!
587	P3#13840	5	 || Love it.  The only thing that would make it better is if I could create another "list of habits" if I wanted.  For instance,  1 list of habits I'm trying to create and 1 list of goals towards my bucket list.   Nonetheless, awesome and thanks!!
588	P3#14078	4	 || Great app, would like to see a sort of summary view that shows how all your habits are going
589	P3#14099	5	 || Simple to use, fun to set up, easy to set alerts and tailor to my needs. A nice additional feature would be to have some sort of overall monthly view for all the habits at once. Or making custom habits' notifications sticky, rather than all or none.
590	P3#14315	5	uld easily add: 1)Add a fail button in the notification so that we could make it go away incase we failed even while using sticky notifications.  2) A graph where we can see all the habits together.  Everything else about this app is just perfect.
591	P3#14827	4	 || Great free app! Would have put 5 stars if a widget that displayed the list of habits were available instead of having to put one widget per habit
592	P3#15074	5	 || Very useful and efficient. Simple, gets the job done. Would be useful to display the percentage after the habit name (in the list of habits).
593	P3#15122	5	 || Great app. Has all the feature I need without being complicated. The colour options make it fun to look at. Would like to be able to see all my habits (or at least a few) at the same time in a colour coded calendar format.
594	P3#15458	5	 || GREAT APP. Just if you could add a page that display all habits in multiple orders.
595	P3#15680	4	is from being a 5 star app for me is the lack of a single feature. ... I'd like it to be possible to parent/nest habits. This would allow greater organization for a long list of habits and make broad habits like improving productivity or fitness less binary. Each nested habit could be a percentage towards competition of the parent.
596	P3#15754	5	 || Please include an option to view the stats of all habits together and it will be just great! 😃
597	P3#15814	5	 || I'm loving the app. Only missing a overall view of all your habits combined.
598	P3#16022	4	 || This app is really great but has so much more potential while still keeping it simple. I'd love to be able to a) reorganize my list of habits (so that like is next to like) b) have different lists for different categories of habits (ie. Personal care, house cleaning, my kids!) without having them all appear in an endless list and c) h
599	P3#16087	5	he one I think is the absolute best. It's simple and clean and it still looks great. It shows you the necessary stats to keep track of your progress and a great overhead view of all your habits. The developer did a really good job and it's continually being updated and improved.
600	P3#16199	4	 || Would love it if the widgets could show a graph covering all habits not just a single one
601	P3#16258	5	 || Loved the app. Great work. There is one thing that I would like, if you could make a place in the app, or a widget, when you can see the streaks of all habits ranked by longest streak. It would be a great visualization to see all the habits that you are building, by seeing them all in one place.
602	P3#16342	3	 || I would pay for the ability to see all habits on a common statistics page with color coding. Having to go through each individual one to see trend lines is not convenient nor very informative. Also the ability to see an average of all habits.
603	P3#18367	4	 || Beautiful, useful, no ads, very cool. Just add a graph where we can see all the progressions of all the habits at once, please, and it would be perfect!
604	P3#19088	5	 || Wonderful app, open source, easy export, several graphs. I love the long tap to mark something as done! The only thing I would add is a graph showing all habits together, giving an overview. Well done, thanks to developers.
605	P3#20158	3	 || Needs a widget with a list of all habits.
606	P3#20500	5	 || just please add "something" like "one view" for all habits - where we can see all habits pro one day. This app is awesome!
607	P3#22112	4	 || Good app. I would like a view option that allows me to see ALL habits progress (at once) within a specific timeframe.
608	P3#23781	5	 || I really like you app. It clear, simple and functional. But you miss one widget. Widget with table of all today's habits, and here i can see all habits for today as reminder, and i can select what habit i done. You can see example in HabbitHub app widget
609	P3#26312	4	 || I hope feature like Overall Statistic could be added, so that I can check all my habits' stats in one place.
610	P30#3520	2	 || No ability to see an average score across all habits. Deal breaker.
611	P31#418	4	 || Great app. Three small things stopping 5 stars. 1) No Ability to update habit completion from schedule. You can only edit the habit. You need to go into your habit list and locate the habit to complete. 2) View of habits that you need to do once a day a few times a week. On days you have done them, there is no indication you have alre
612	P31#437	2	. Appears to be in active development. Has a lot of interesting statistics for you to see. Has a glitchy and laggy web app that syncs. Useless and glitchy widgets, don't show all habits. Very expensive for the current state of the app.
613	P33#733	1	antly asked to upgrade to premium. Honestly I am using Microsoft to do at this point. it doesn't give me an overview of when my tasks get done but it allows me to make a list of habits that show up every day.
614	P33#1006	1	habits I can't mark complete *even* if I remember to check the app throughout the day Support asked for screen shots/video of the error ... there is literally nothing to show Deleted all habits & history, uninstalled & reinstalled 3x, cleared cache, rebooted phone ... no go 🤬
615	P33#1286	5	 || Great app! The GUI so attractive. It would be better if have a summary screen where show detail stats of all habits, like total minutes/reps/counts... of each habits.
616	P35#100	3	er means and if its backed by science how accurate a metric like that is. The more backed by science on development in the brain the better. Id also like to get the grid view of all my habits so I can look back on the progress Ive made so far and have some kind of printable from it.
617	P36#313	5	 || Nice app to manage habits and goals.
618	P36#545	5	it for "today" it is set to complete 3 times a week. If completed today it still remains in today's list and that's annoying. 2. Make the progress visible already in the list of habits.
619	P37#253	3	 || With the latest update, the widgets have changed. Now it's much more inconvenient to use them. I wanted the list of habits to be compressed, rather than left the entire width of the screen. Either they block half the screen, or you can only select 1 habit.
620	P37#257	5	 || good app. would be nice to see all habits at all times in the app, instead of only the habits active for the day, but other than that it's solid.
621	P37#296	1	 || stupid app oesnt qork. when i want to login it doesnt and goes to a blank page of habit list. nothing works. you ruined my previous recordssss!!!!
622	P37#352	3	 || Useful if you have really strict timing and schedule. - don't like that you can't see all your habits in a way that also allows you to check off ones that are not scheduled for that day. Like if I have stretching for only Monday, Wednesday and Friday and I do an extra session on Tuesday it is possible to check that off but it's not su
623	P37#462	2	 || Pretty good app but requires more usability: In all habits view, there is no option to rearrange habits, as of now they are arranged by date and time created. For habits that need to be done more than once per day (an option for the habit to move from morning to evening once checked off in the morning would be nice) Apps also needs: O
624	P37#596	5	 || Excellent app to manage habits and keep track of how much you actually follow through on. Great to track news years resolutions
625	P37#1050	5	I have tried many 'habit' apps lately, and I liked a lot of them, but this is the one I'm going to use. When you set up a habit for 'everyday', at midnight, the complete list of habits shows up automatically. Easy to keep track, and fun to designate as completed. You have to upgrade after 3 habits, bit I'm ok with that, and they offer a l
626	P4#10529	5	e two list together can you help me? ıt says routine added but i could not see edit 2 : somehow it fixed in the morning. Maybe some bug or sth i don't know but now i can see all the routines in my page thank you for your help :)
627	P4#10993	4	 || It is fantastic app you can manage all your habits but the bad point is here that most abilities are premium
628	P4#23060	1	 || This app is a joke, when I bought the full version back in September it had so many awesome features, like preprogrammed list of habits to choose from, setting goals to do habits more than once a day, notifications etc. New update has pulled all those features and now it's a basic check list, nothing like the version I thought I was p
629	P4#26837	1	 || Horrible app, it added a habit to my habit list that I didn't want, but when I removed that it removed one of my other habits so I lost progress because of it!
630	P4#27938	2	 || It has potential, but it lacks intuitive customization abilities, like editing task names in tasks copied from existing routines. I also can't figure out how to see all my routines/ tasks, so I could easily adjust things. More frustrating than useful. I regret paying for the subscription.
631	P40#71	2	 || It's slow and clunky. There are limited options. You cannot set tasks to repeat. you have to set a time reminder for tasks. There is not a way to view all habits in a clean list.
632	P49#1811	4	d clutter. And doesn't think that a 'streak' is the goal! Happily paid for lifetime access. My current feedback is only that I would really find it helpful to be able to see a list of all my routines even if they're scheduled for a different weekday than today, and I'd love an emoji search for when I'm adding steps!
633	P49#2115	5	 || still new but I like the fact that you can only see the routines you have set up for today on first opening. other routine apps tend to show you all the routines you have and I find that someone overwhelming
634	P49#2571	5	get size. And 4 routines on widget isnt enough. I have different routines in different days. And sometimes its about 6-8. And i'm ready to give full screen for widget to see all routines.
635	P5#339	5	 distracting and harder to find the ones you need) 2. Compact layout: I wish there would be a more compact version with less information displayed in the start where you see all your routines, for days you should have extra little distractions! Thanks!
636	P5#672	1	 || crashes ask me to sign in and then come to find out all my routines are gone after I already created them
637	P5#2148	3	 || Nice app, but lacking a few important features. There should be an option to reset your progress on a routine for a certain day/s. A calendar showing an overview of all routines would be good to
638	P5#2811	3	 || Please add a check mark within the habit list for already done habits.
639	P5#3394	5	king after the house and the kids. It's really nice and remind me to self-care too. Really efficient use of my time. Suggestions: To be able: *duplicate routines *have a library of habits we can reuse for different routine (rather than recreating it every time) The option to add motivational quotes and affirmation. I find always seeing th
640	P55#35	2	 || i like the previous widget. where i could see all grids of all habits i have. not just one habit, but all habits i can just tick off and see all their grids/boxes.
641	P61#180	5	 || I consider this app perfect for me. It has a limited list of habits, that are wonderful to me and to start being constant with it, and an unlimited list of to do, and it's so cute! I love the cute and clumsy design and everything about it.
642	P61#350	5	 || So far, I love this app! I'm able to track all my habits and to-do list, manage my everyday schedules, reduce stress, increase my productivity, and break down all my goals into smaller achievable steps. To anyone who needs that extra boost and to stay on track with all your your productivity and habits. I recommend this app!
643	P63#471	5	 || Probably the best app for gamifying your task or habit list if you want something more rpg-game like. It's fun to get into, the mechanics are a little simple (but that's ok), and the gold you earn is more than enough so the game isn't predatory. I do wish the habit system was more like Habitica's (could be done multiple times a day or
644	P63#898	3	pro version but the paying doesn't effect the use of the app overall. You set the tasks, habits and goals yourself. Anything you want to make a habit you just add to the list of habits and set a reminder for. Repetitive completion does the rest. It's a nice incentive to knock out tasks or chores you do regularly.
645	P65#2873	5	ure: Could you add a way to sort completed/uncompleted goals for the day? This would allow pending goals to be grouped together for easier tracking. Currently, I have to browse through all goals to find the pending ones, which is time-consuming. Thanks!
646	P65#3930	5	could there be more variety for the checks or 'x' marks? Like having something customizable or different colors to add to the checks or 'x' marks? Overall, feels nice to see all goals and tasks <:))
647	P65#5494	4	 || This is one of the best goal trackers ever! My only request is to be able to see all of my goals in one tracker. But other than that, it's the best tracker I've ever used.
648	P65#6546	4	 || Really good, super smooth ui, almost complete features, and no ads. Really wonderful app. Just wish I could see all habits together (like week view) with constant scrolling L/R (back/fwd in time) instead of broken up week by week. Frequency graphs (stacked) would be really nice too. Overall really grateful for it. Looper is the other 
649	P65#7032	2	 || I like the ability to track, but it would be great if there was a way to see all activity goals met on the same calendar vs having to scroll across multiple screens. My goal is to be active aerobically most days (skating, running, or biking) and increase the number of strength training and stretching days so I'm doing something each d
650	P65#7867	5	 || Its just what i wanted to manage habits
651	P65#9329	3	 || For being able to add notes for the habits. Also it would be very nice to have a gallery view of all the goals so it would be much faster/easier to check them. Another thing would be awesome - integrated todo list for a goal, however i believe it would be easier to add goal categories. Either way it would be cool to have all that !
652	P65#9671	5	 || I'm enjoying to use.  An easy way to keep track of goals.  I like that you can see/keep track of all your goals on one page.
653	P68#83	4	 The app works as it claims to. I wish the notifications were more noticeable, and there are no widget—but the devs really meant 'no pressure'. I wish there was a way to view all stats for all habits rather than each habit individually. As someone trying to build a habit, I prefer something with more accountable features than this app; so
654	P69#138	4	 || Great value. Would love a simpler view so I can see and tick all my habits on one page, I don't need to see the calendar always.
655	P69#169	4	 || Great app but please provide •Widget of today's habit, •reduce width of per habit to <1/3 in today's habit list, maintain week/month view of all habit but in other way
656	P69#307	5	 is to set up everything! You can adjust it to your liking, add habits that you want to track, add notes, add colors, and set reminders. But I wish there is an option to see a summary of all the habits I did that day. I hope they will improve it someday 😊 Very good app!
657	P69#366	5	 || great app! i love how simple this app is and it's so easy to use. but i'd like to request if you can make a category menu for habit and also calendar menu which show all habits you did in one day- not the separate ones. but still, it's a nice app!
658	P70#282	5	 || I like it but the widget is broken! It doesn't display all my habits EDIT: Widget works now. App is perfect for me :) My only hope is in the future they add some more colors for more habit categories.
659	P70#490	5	 || This is a brilliant app, thank you Joan! It has been incredibly helpful in creating strong habits. I'd wish I could place partitions/sections in the habit list - say morning, noon and evening or other categories of habits. All in all, a wonderful app though!
660	P71#52	3	 || Sorry to say but i am your paid user and there are bugs occurring while using app 1 manage habits is not working properly 2 when notification comes there is no sound reminder or alarm. Please fix these bugs too
661	P8#2297	5	 || Very good habit manager. Helped me set up a routine in my life as well as quit an addiction through it.
662	P8#3286	5	 || Imaginative, open source task management/habit manager.
663	P8#5553	4	 || I love this app! It would be great if there was a list widget with all my habits, just like with dailies and to-do
664	P8#7535	4	is good, but the app can be made better with some performance optimisation. For example, when I launch the app, it takes at least 3 seconds to synchronize and restart my habit list with the correct status. And all pop-ups only appear with a 2sec delay. Overall I like the idea, by I'm moving onto other habit tracker apps because this kind 
665	P8#9065	4	 || I really enjoy this app and the changes being made. The new widgets are a little slow to respond and I would like it if I could see my list of habits instead of individual ones, but those are really my only complaints.
666	P8#9282	3	 || I'd be all about this app if it had widgets.  They should have the option where when you set up the widget it shows which habit list you want to show for that specific widget.  Aka "habit"  "dailies"  "todo"  "rewards"
667	P8#10113	5	 || I love this app and consistently use on on web. It's not only a clever task/habit manager, but a game you can play with friends (or spouses, to compete on who does more dishes!)
668	P8#13028	2	 || (Galaxy S10) Constantly requires to reload to make changes or even see the habit list. Sometimes whole data is gone as if nothing has happened. I found out that reloading makes things right, but it is VERY annoying. I hope this error fixed in the next update soon. Other than that, habitica is the BEST habit app I've ever used.
669	P8#13283	2	 || It doesn't save any changes to any list. I've changed the same task 3 times, to make sure I had pressed the save button, and after I switched to the habit list and back to the to do list, all the changes were gone and new tasks I created had disappeared. Same for habits, daily tasks and rewards. Kind of really, really useless this way
670	P81#31	5	 track habits and keep oneself motivated. Can customize rewards weight based on the importance of a habit. overall superb implementation and useful for anyone wanting to manage habits.
671	P84#43887	5	 || Really useful, simple and easy to keep track of stuff. I think a few more  colours and the ability to add pictures might improve it for me but I love  how you can see all your goals and how far you are in their subgoals at a  glance.
672	P9#498	4	ures that other habit trackers have, but makes up for most of it with its sleek and intuitive design. Filtrering habits via tags is a nice feature, that makes it easy to manage habits according to time of day and work day vs weekend. I wish it had a free trial period, so you didn't have to signup for yet another subscription service upfro
673	P9#502	3	 || Good the only thing missing to make this a great app is a useful widget, when on iPhone I used a habit app with a widget that would show all habits for the day and indicate if they were compkete, needs something like this.
674	P9#714	5	 || Interesting way to manage habits. Such a great app
675	P9#721	4	 || great app and best on Android. the only thing keeping me from giving it 5 stars is right now in order to see all habits via a widget we have to add an individual widget for each one. I hope there can be a widget that shows all habits in 1. maybe all the habit icons and the ones that need to be completed that day are not filled, the on
676	P9#1024	5	 || Pretty good app! Simple, basic. I would recommend more flexibility to have good or bad habits, and make it possible to see all habits overlapped in calendar view. Thanks
677	P9#1038	5	 || can't reorder list of habits 😞. Edit: thanks! 5 star now
678	P9#1212	5	cy. One thing the app needs is the option to sync/store in the cloud. It also needs to show the habits you need to complete for each day in a separate menu, as right now all habits are shown on the main screen.
679	P9#1786	3	 clound account. You can't be log in on two devices. I have smartphone and tablet Huawei when and I can't be connect with Google - I have Google apps there but if I want list of my habits there - it's no passible, app need connect with Google store.
680	P9#2018	5	 || Best habit tracker after testing a few others. Clean design, visually appealing and very easy to use. I specially like 5 days layout where I can easily view all habits and check them out each day.
681	P97#2934	4	 || overall, i absolutely LOVE this app!! my only issue right now is that with the habit tracker, i've noticed a pattern, and it seems that every Sunday, the habit list is grayed out and i can't mark off that i completed the habits. it's really irksome and also, to a degree, discouraging for me.
682	P98#1331	5	 || Love at the first sight. Been looking for an app to keep me stick to my daily routine and finally, Rabit is all I want 👍😍 i wish i can "re-arrange" the habit list please add the feature thanks
683	P98#1469	4	 || Lovely app, would really love the option of a widget so i can see all my habits on my screen, in a lisr or so, for it to be perfect!
684	P98#1479	2	 || I dont see all of my goals!!!
685	P98#3176	3	 || UI was nice until see the too big icon on habit list. Pretty amusing see it.
