row	review_id	store	app_folder	stars	date	group	set	codes
0	6547507792	app	1. Habit Tracker - Goal Tracker & ADHD Planner	5	2020-10-18	times_day	B	NA
1	12601972200	app	1. Habit Tracker - Goal Tracker & ADHD Planner	5	2025-04-30	times_day	B	NA
2	13458284625	app	10. Finch - Self-Care Pet - Daily Journal & Habit Tracker	4	2025-11-30	times_day	A	NA
3	8329348773	app	10. Finch - Self-Care Pet - Daily Journal & Habit Tracker	5	2022-02-07	times_day	A	NA
4	8881984356	app	10. Finch - Self-Care Pet - Daily Journal & Habit Tracker	5	2022-07-17	times_day	B	NA
5	13747111522	app	10. Finch - Self-Care Pet - Daily Journal & Habit Tracker	5	2026-02-14	times_day	B	NA
6	13843738936	app	10. Finch - Self-Care Pet - Daily Journal & Habit Tracker	5	2026-03-13	times_day	B	NA
7	13082187656	app	10. Finch - Self-Care Pet - Daily Journal & Habit Tracker	5	2025-08-31	times_day	B	NA
8	11541954055	app	10. Finch - Self-Care Pet - Daily Journal & Habit Tracker	5	2024-07-27	times_day	B	NA
9	11389044609	app	10. Finch - Self-Care Pet - Daily Journal & Habit Tracker	5	2024-06-16	times_day	B	NA
10	8764909065	app	10. Finch - Self-Care Pet - Daily Journal & Habit Tracker	5	2022-06-12	times_day	B	NA
11	8147702468	app	10. Finch - Self-Care Pet - Daily Journal & Habit Tracker	5	2021-12-19	times_day	B	NA
12	a0eeb449-7ef7-4952-9bfc-81f7f83f0f5b	play	10. Habit Tracker - Habit Diary	4	2022-11-01	times_day	A	-PART
13	57d2a8bc-f6ea-4973-8009-39ec97f102ee	play	12. Fabulous Daily Routine Planner	5	2023-05-30	times_day	B	NA
14	4239834531	app	13. Productive - Habit Tracker - Daily Routine & Goals Planner	4	2019-05-31	times_day	A	NA
15	2647850403	app	13. Productive - Habit Tracker - Daily Routine & Goals Planner	5	2018-06-06	times_day	A	NA
16	1475354868	app	13. Productive - Habit Tracker - Daily Routine & Goals Planner	5	2016-10-29	times_day	B	NA
17	6914338864	app	13. Productive - Habit Tracker - Daily Routine & Goals Planner	4	2021-01-26	times_day	B	NA
18	2412172328	app	13. Productive - Habit Tracker - Daily Routine & Goals Planner	4	2018-04-12	times_day	B	NA
19	1267637608	app	13. Productive - Habit Tracker - Daily Routine & Goals Planner	3	2015-10-06	times_day	B	-CLUTTER
20	160b012f-3293-413e-a497-d26ed31ae7f6	play	130. Way of Life - habit tracker	3	2023-12-23	times_day	B	?DAYVAL,?PART
21	13517748845	app	16. Atoms - from Atomic Habits - The official Atomic Habits app	2	2025-12-15	times_day	B	NA
22	11749997696	app	16. Atoms - from Atomic Habits - The official Atomic Habits app	3	2024-09-21	times_day	B	NA
23	6423a4e1-2dde-419e-8a2d-985c1769110d	play	19. TheFor - Habit Tracker	4	2023-10-03	times_day	B	NA
24	fc3a5136-522d-45ba-9820-85e3ec918e5f	play	2. HabitNow Daily Routine Planner	4	2022-12-31	times_day	B	NA
25	e4c4dd2d-cae9-4956-9f7b-3f41b4251b9d	play	2. HabitNow Daily Routine Planner	4	2023-08-02	times_day	B	NA
26	4582183344	app	20. Habit — Daily Tracker - Crush your goals like a boss	5	2019-08-07	times_day	B	NA
27	54958299-8f8d-48cd-a610-f88fdb174ebe	play	22. Disciplined - Habit Tracker	4	2025-12-02	times_day	A	?PART
28	920fe2ba-e6cc-411a-aa1e-60b832209006	play	22. Disciplined - Habit Tracker	4	2026-02-09	times_day	B	NA
29	12169314722	app	23. Streaks - The habit-forming to-do list	4	2025-01-11	times_day	A	?PART
30	9613837462	app	23. Streaks - The habit-forming to-do list	5	2023-02-13	times_day	A	?PART
31	6753878706	app	23. Streaks - The habit-forming to-do list	4	2020-12-14	times_day	A	?OVER
32	1362498037	app	23. Streaks - The habit-forming to-do list	2	2016-04-12	times_day	A	NA
33	1275492091	app	23. Streaks - The habit-forming to-do list	4	2015-10-22	times_day	A	?PART
34	2547471027	app	23. Streaks - The habit-forming to-do list	4	2018-05-14	times_day	B	?DAYVAL,?PART
35	1310548442	app	23. Streaks - The habit-forming to-do list	4	2016-01-03	times_day	B	NA
36	5939045799	app	23. Streaks - The habit-forming to-do list	3	2020-05-13	times_day	B	?DAYVAL,?TOTAL
37	13024700289	app	23. Streaks - The habit-forming to-do list	5	2025-08-16	times_day	B	NA
38	7461210877	app	23. Streaks - The habit-forming to-do list	4	2021-06-13	times_day	B	NA
39	5612388277	app	23. Streaks - The habit-forming to-do list	3	2020-03-03	times_day	B	-PART
40	1545388145	app	23. Streaks - The habit-forming to-do list	5	2017-02-16	times_day	B	NA
41	5565439121	app	24. Fabulous - Daily Habit Tracker - Morning Routines & ADHD Help	3	2020-02-22	times_day	B	NA
42	9026484273	app	24. Fabulous - Daily Habit Tracker - Morning Routines & ADHD Help	1	2022-08-28	times_day	B	NA
43	11508556368	app	28. Habit Rabbit - Habit Tracker - Your productivity pet	3	2024-07-18	times_day	B	NA
44	63e1b7f4-b193-4ed3-82c9-22959d61f22a	play	3. Loop Habit Tracker	3	2020-04-19	times_day	A	NA
45	29fd3a20-e6e8-4fef-a170-dc2cefbbb996	play	3. Loop Habit Tracker	4	2020-01-18	times_day	A	?DAYVAL
46	6d1ec92a-ded7-485b-bdf7-46fcd3a65558	play	3. Loop Habit Tracker	4	2018-10-22	times_day	A	?DAYVAL
47	41a0fa11-f1f6-438f-882f-db745450c487	play	3. Loop Habit Tracker	5	2018-10-01	times_day	A	?PART
48	ad216dbf-970e-4c07-a13a-c00c792eb693	play	3. Loop Habit Tracker	2	2018-02-18	times_day	A	NA
49	83eb1934-498e-478c-ba62-87b581eb739b	play	3. Loop Habit Tracker	3	2017-08-14	times_day	A	?PART
50	fb2c6e1b-a6db-4f46-90ae-857ca439a07d	play	3. Loop Habit Tracker	4	2016-09-16	times_day	A	?TOTAL
51	d9fcff25-52ce-4669-aefb-cb7ffc61ed55	play	3. Loop Habit Tracker	4	2016-07-02	times_day	A	NA
52	6989e877-b980-4967-84b1-fab4cf15571d	play	3. Loop Habit Tracker	5	2016-06-20	times_day	A	NA
53	350c3e1c-6342-4f30-b84c-bd69931e95e8	play	3. Loop Habit Tracker	5	2023-10-11	times_day	B	NA
54	ea002f6f-3f47-4db5-9673-dee2e812cbf1	play	3. Loop Habit Tracker	5	2023-04-26	times_day	B	NA
55	3ff10ad5-939e-4967-9d8b-658e6ff51d77	play	3. Loop Habit Tracker	4	2021-10-03	times_day	B	NA
56	9db62dae-2e28-4364-8a71-4781b0d22f3f	play	3. Loop Habit Tracker	5	2019-02-25	times_day	B	NA
57	ec56e612-0b0c-487c-aa07-71641b5859c0	play	3. Loop Habit Tracker	3	2018-10-20	times_day	B	NA
58	7c22b841-ffca-4589-a53a-ae6fed42f46b	play	3. Loop Habit Tracker	5	2017-06-26	times_day	B	NA
59	e47d8ea0-55c3-4793-8e77-c77deae362ca	play	30. Habit Tracker - Routine & Goals	5	2024-01-14	times_day	B	?PART
60	5926692903	app	31. Do Habits - Get It Done - Daily Routine & Goal Planner	5	2020-05-10	times_day	B	?AVG
61	10709598746	app	31. Do Habits - Get It Done - Daily Routine & Goal Planner	5	2023-12-17	times_day	B	NA
62	38d614d1-f211-48b7-a60a-42b58d350abc	play	31. HelloHabit - Habit Tracker	4	2026-03-25	times_day	B	NA
63	12832854491	app	33. Habitify - Habit Tracker - Daily Goals, Routine & Streaks	3	2025-06-29	times_day	A	NA
64	12367187835	app	36. (Not Boring) Habits - Science-backed habit tracker	4	2025-03-01	times_day	A	NA
65	200c2e0a-2d0e-4822-9f99-a7bab413b945	play	4. Me+ Lifestyle Routine	5	2025-02-15	times_day	A	NA
66	1cffd99b-97ef-4316-8127-7fe85147fdf8	play	4. Me+ Lifestyle Routine	2	2023-10-25	times_day	B	?LEFT
67	10464151025	app	4. Me+ Lifestyle Routine - Daily Planner & Habit Tracker	3	2023-10-12	times_day	B	NA
68	9594688845	app	41. Awesome Habits - Habit Tracker - Streaks, days since & goals	5	2023-02-08	times_day	B	NA
69	8568438754	app	42. Daily Habit & Routine Tracker - Goals planner. Productive days	3	2022-04-15	times_day	A	NA
70	1999423881	app	48. Strides - Habit Tracker + Goals - Goal Planner & Daily Checklist	5	2017-12-15	times_day	A	+PERIOD,+STREAK
71	1333849605	app	48. Strides - Habit Tracker + Goals - Goal Planner & Daily Checklist	5	2016-02-16	times_day	A	NA
72	6fae9a52-4279-44ba-ad1f-bd01b5183ac0	play	49. RoutineFlow - Routine for ADHD	3	2024-08-01	times_day	B	NA
73	11523801306	app	52. ShineDay - Habit Tracker - Micro Habits, ADHD & Focus	5	2024-07-23	times_day	A	?DAYVAL,?TOTAL
74	9cdc5040-b14b-4484-bafd-42c6f704110f	play	55. HabitTick-Habit Tracker & Todo	5	2026-04-18	times_day	B	+DAYVAL
75	11320994085	app	7. Habit Tracker - HabitKit - Streaks & Accountability	5	2024-05-29	times_day	A	NA
76	1395098724	app	76. Way of Life - Habit Tracker - Build a better, stronger you	4	2016-06-16	times_day	A	?DAYVAL
77	596067013	app	76. Way of Life - Habit Tracker - Build a better, stronger you	4	2012-06-04	times_day	A	?PART
78	1152947328	app	76. Way of Life - Habit Tracker - Build a better, stronger you	3	2015-02-19	times_day	B	?PART
79	905226340	app	76. Way of Life - Habit Tracker - Build a better, stronger you	5	2013-12-06	times_day	B	NA
80	868487684	app	76. Way of Life - Habit Tracker - Build a better, stronger you	5	2013-09-11	times_day	B	NA
81	678116111	app	76. Way of Life - Habit Tracker - Build a better, stronger you	3	2012-10-21	times_day	B	NA
82	78875b34-dab5-461f-9d95-8b05d8fdf242	play	79. Habit Tracker - IsleGrow	5	2025-09-15	times_day	A	?PART
83	10782193184	app	8. Onrise - Habit Tracker & Focus - Build habits, focus & journal	4	2024-01-04	times_day	A	?PART
84	13203214681	app	8. Onrise - Habit Tracker & Focus - Build habits, focus & journal	5	2025-09-30	times_day	B	?OVER
85	11109207411	app	8. Onrise - Habit Tracker & Focus - Build habits, focus & journal	3	2024-04-01	times_day	B	NA
86	1390886561	app	86. Today Habit tracker - For to-dos, routines & goals	4	2016-06-08	times_day	A	NA
87	1c480d0f-b3e7-4e66-a2e6-27d1e5d08f39	play	98. Rabit - Habit Tracker & Planner	4	2021-02-20	times_day	A	?PART
88	06818056-a8b7-4d85-8829-0df98c38f8e9	play	1. Habit Builder	4	2024-06-25	partial	A	?PART
89	9699307722	app	1. Habit Tracker - Goal Tracker & ADHD Planner	5	2023-03-10	partial	A	+PART
90	8659242531	app	1. Habit Tracker - Goal Tracker & ADHD Planner	5	2022-05-11	partial	A	+PART
91	7976126590	app	1. Habit Tracker - Goal Tracker & ADHD Planner	3	2021-11-01	partial	A	+PERIOD
92	7618806923	app	1. Habit Tracker - Goal Tracker & ADHD Planner	5	2021-07-26	partial	A	?PART
93	7437623361	app	1. Habit Tracker - Goal Tracker & ADHD Planner	5	2021-06-07	partial	A	NA
94	6345193240	app	1. Habit Tracker - Goal Tracker & ADHD Planner	5	2020-08-21	partial	A	+PART,-PART
95	5670498596	app	1. Habit Tracker - Goal Tracker & ADHD Planner	5	2020-03-17	partial	A	-PART,-STREAK
96	12605944848	app	1. Habit Tracker - Goal Tracker & ADHD Planner	5	2025-05-01	partial	A	+PERIOD
97	9686036975	app	1. Habit Tracker - Goal Tracker & ADHD Planner	5	2023-03-06	partial	A	NA
98	10407760729	app	1. Habit Tracker - Goal Tracker & ADHD Planner	5	2023-09-26	partial	A	+PART
99	10430445130	app	1. Habit Tracker - Goal Tracker & ADHD Planner	5	2023-10-02	partial	A	+OVER
100	12166473148	app	1. Habit Tracker - Goal Tracker & ADHD Planner	5	2025-01-10	partial	A	+OVER,+PERIOD
101	12162354564	app	1. Habit Tracker - Goal Tracker & ADHD Planner	5	2025-01-09	partial	A	+OVER
102	10997830309	app	1. Habit Tracker - Goal Tracker & ADHD Planner	5	2024-03-02	partial	A	+PART
103	12129046168	app	1. Habit Tracker - Goal Tracker & ADHD Planner	4	2024-12-31	partial	A	-PART
104	10827224391	app	1. Habit Tracker - Goal Tracker & ADHD Planner	5	2024-01-16	partial	A	+PART
105	9864612039	app	1. Habit Tracker - Goal Tracker & ADHD Planner	4	2023-04-26	partial	A	NA
106	4948633656	app	1. Habit Tracker - Goal Tracker & ADHD Planner	5	2019-10-15	partial	A	+PART
107	44292b92-8712-44a6-afe3-0a7ddd7c5a85	play	105. Avocation Goal & Habit Tracker	3	2020-04-18	partial	A	-PART
108	8e866c73-294b-465f-8c64-9722ffb65e76	play	106. Habit Tracker n Pets - HabitYou	5	2022-10-12	partial	A	?PART
109	d654931f-9c4d-46c7-8270-11ce0f42bd71	play	11. Dear Me - Daily Routine Tracker	4	2026-05-06	partial	A	?PART
110	1ad3ec69-141d-40f3-b5ed-98eab18c6f3c	play	11. Dear Me - Daily Routine Tracker	5	2025-07-31	partial	A	?PART
111	977a02d3-c7ff-4990-9bdc-2002c4de0991	play	11. Dear Me - Daily Routine Tracker	3	2025-03-18	partial	A	?PART
112	3531061457	app	13. Productive - Habit Tracker - Daily Routine & Goals Planner	4	2018-12-14	partial	A	?OVER,?PART
113	1365724375	app	13. Productive - Habit Tracker - Daily Routine & Goals Planner	5	2016-04-19	partial	A	?OVER
114	4208453591	app	13. Productive - Habit Tracker - Daily Routine & Goals Planner	4	2019-05-25	partial	A	?PART
115	10386872341	app	13. Productive - Habit Tracker - Daily Routine & Goals Planner	5	2023-09-20	partial	A	-PART
116	2282867197	app	13. Productive - Habit Tracker - Daily Routine & Goals Planner	5	2018-03-08	partial	A	?PART
117	2271378587	app	13. Productive - Habit Tracker - Daily Routine & Goals Planner	4	2018-03-04	partial	A	?OVER
118	1565906427	app	13. Productive - Habit Tracker - Daily Routine & Goals Planner	4	2017-03-17	partial	A	?PART
119	1516154219	app	13. Productive - Habit Tracker - Daily Routine & Goals Planner	4	2017-01-06	partial	A	?OVER
120	5b5a7e7e-8b22-407b-9e62-21433b1d4703	play	130. Way of Life - habit tracker	4	2020-04-02	partial	A	NA
121	03ee7076-f26f-47ad-be45-5a9f89f17408	play	14. Habit Pixel - Streak Tracker	4	2026-08-28	partial	A	NA
122	11087707385	app	16. Atoms - from Atomic Habits - The official Atomic Habits app	4	2024-03-26	partial	A	NA
123	9f568268-da4f-4468-bc24-5b1d2b2a31f9	play	19. TheFor - Habit Tracker	4	2025-03-31	partial	A	?PART
124	c3169230-75f2-4a75-b0be-ec70cd6ddcaf	play	2. HabitNow Daily Routine Planner	4	2023-09-30	partial	A	-PART,?SKIP
125	a8b38915-8782-4457-8e1c-147796923a2c	play	2. HabitNow Daily Routine Planner	4	2023-03-22	partial	A	-PART,?STEPS
126	9a1a5df2-2b95-4d8b-ae0a-2ae1b7b16022	play	2. HabitNow Daily Routine Planner	4	2024-03-20	partial	A	?PART
127	a3702b4b-b692-4bd4-be74-abdd77f24205	play	2. HabitNow Daily Routine Planner	5	2024-01-31	partial	A	+STEPS
128	093cf8b6-0111-4c33-b493-867825a335ae	play	2. HabitNow Daily Routine Planner	4	2024-01-23	partial	A	?PART
129	f0ea477e-d5dd-4d16-9145-6e1b93f0c7ea	play	2. HabitNow Daily Routine Planner	3	2021-10-27	partial	A	-PART
130	50a0ef67-f5c1-4969-9be4-dbc3911f72fe	play	2. HabitNow Daily Routine Planner	3	2021-05-04	partial	A	-PART
131	ccec4190-e92a-4e53-8396-1c827696565d	play	2. HabitNow Daily Routine Planner	4	2021-01-13	partial	A	?OVER
132	8016aab6-baf4-4bdb-86d1-ba07deaa1018	play	2. HabitNow Daily Routine Planner	4	2024-06-10	partial	A	?STEPS
133	9a0c8afc-4e14-404a-ac61-f315ea39ec47	play	2. HabitNow Daily Routine Planner	5	2024-06-08	partial	A	?PART
134	e11aaad5-7285-463d-8571-8ecc700451aa	play	2. HabitNow Daily Routine Planner	3	2024-01-15	partial	A	?PART
135	8e931968-e8fe-4cae-bd5a-34ad368c2f6b	play	2. HabitNow Daily Routine Planner	3	2024-01-03	partial	A	?PART
136	5f306dcc-6806-4618-b851-ab754fa2f1ad	play	2. HabitNow Daily Routine Planner	3	2023-06-30	partial	A	-PART,?STEPS
137	5705807d-9849-4f60-a311-a5608475cc7b	play	2. HabitNow Daily Routine Planner	4	2023-02-02	partial	A	?PART
138	454ed8e6-1616-414b-879f-95a7da9d8f8b	play	2. HabitNow Daily Routine Planner	4	2020-02-04	partial	A	?OVER
139	fd4fe6aa-edb2-489b-ba49-c21df3a9ee29	play	2. HabitNow Daily Routine Planner	4	2026-03-11	partial	A	?LEFT,?PERIOD
140	cf9609c8-e16c-4337-aafa-e42fdf3c9277	play	2. HabitNow Daily Routine Planner	5	2022-11-28	partial	A	?STEPS
141	b5b9f625-86e5-4da6-964e-f34bb40e7d97	play	2. HabitNow Daily Routine Planner	4	2026-09-05	partial	A	?STEPS
142	9cf5a69a-b295-41ff-aa5f-de13ebd8ecea	play	2. HabitNow Daily Routine Planner	4	2023-04-18	partial	A	?STEPS
143	24a42ea5-6a4d-4f59-9648-99f84dfab7b6	play	2. HabitNow Daily Routine Planner	4	2022-06-21	partial	A	?PART
144	9d26fb19-43ae-4071-bf53-a078ceeb06b0	play	20. MyRoutine - Routine Habit Goal	5	2024-06-21	partial	A	?PART
145	20f2fe17-1b2b-4a12-a4e8-5d03983dd844	play	20. MyRoutine - Routine Habit Goal	5	2023-08-30	partial	A	?PART
146	13633087910	app	23. Streaks - The habit-forming to-do list	4	2026-01-14	partial	A	?PART
147	8112114156	app	23. Streaks - The habit-forming to-do list	3	2021-12-09	partial	A	?PART
148	1839215067	app	23. Streaks - The habit-forming to-do list	5	2017-10-10	partial	A	?PART
149	10320667734	app	23. Streaks - The habit-forming to-do list	5	2023-08-31	partial	A	?PART
150	10249897584	app	23. Streaks - The habit-forming to-do list	5	2023-08-12	partial	A	?DAYVAL,?OVER
151	8341383590	app	23. Streaks - The habit-forming to-do list	4	2022-02-10	partial	A	?OVER
152	6317641073	app	23. Streaks - The habit-forming to-do list	4	2020-08-14	partial	A	?PART
153	1661272687	app	23. Streaks - The habit-forming to-do list	4	2017-06-28	partial	A	?PART
154	9556979211	app	23. Streaks - The habit-forming to-do list	4	2023-01-28	partial	A	?OVER
155	9227205533	app	23. Streaks - The habit-forming to-do list	5	2022-10-27	partial	A	?PART
156	12190462519	app	23. Streaks - The habit-forming to-do list	4	2025-01-16	partial	A	?OVER
157	7371909494	app	23. Streaks - The habit-forming to-do list	5	2021-05-21	partial	A	?PART
158	10101723442	app	23. Streaks - The habit-forming to-do list	1	2023-07-04	partial	A	-PART
159	8847760481	app	23. Streaks - The habit-forming to-do list	5	2022-07-06	partial	A	?OVER
160	1563210956	app	23. Streaks - The habit-forming to-do list	4	2017-03-13	partial	A	?PART
161	1384666581	app	23. Streaks - The habit-forming to-do list	2	2016-05-27	partial	A	-PART
162	7789adea-711d-4314-beb8-428e21ca4e57	play	24. Habit Tracker	4	2022-03-15	partial	A	?PART
163	7fe9c790-364a-475b-a1dd-b62297de153a	play	24. Habit Tracker	5	2019-06-18	partial	A	?PART
164	753c81c3-07a4-44bb-a105-99c61ebc62a2	play	24. Habit Tracker	4	2016-08-12	partial	A	-PART
165	bccda6b9-ea87-4d34-8975-0ff0b7c00e0b	play	24. Habit Tracker	3	2015-12-01	partial	A	?PART
166	02aa6c4a-1aa9-43aa-9d39-d358868bfbf6	play	24. Habit Tracker	4	2019-11-20	partial	A	-PART
167	575bb139-7996-46ec-956f-ff7110a49074	play	24. Habit Tracker	4	2019-01-10	partial	A	?DAYVAL,?PART
168	12251741381	app	26. Eden - Daily Routine Planner - Self care habit tracker, to do	3	2025-01-31	partial	A	-PART
169	12811356742	app	26. Eden - Daily Routine Planner - Self care habit tracker, to do	4	2025-06-24	partial	A	?PART
170	0e214b1c-451c-4614-aad7-e0ec93969c58	play	3. Loop Habit Tracker	5	2025-08-06	partial	A	?PART
171	e46e20f6-cd70-4105-a8da-258f968a1025	play	3. Loop Habit Tracker	4	2024-07-01	partial	A	?OVER
172	c83f5d8f-f8ed-402c-a65b-7bb6807f41a3	play	3. Loop Habit Tracker	5	2024-06-01	partial	A	?PART
173	1070345e-8ddc-40bf-9faf-7da36b6be7b7	play	3. Loop Habit Tracker	5	2023-10-22	partial	A	+PART
174	cc88b5e5-74ec-4b99-a3de-aab01e8ff760	play	3. Loop Habit Tracker	5	2021-06-22	partial	A	NA
175	628bd9aa-ba24-40c8-8b20-fbe8c25e4278	play	3. Loop Habit Tracker	5	2020-06-29	partial	A	?DAYVAL
176	e3cc3398-4b04-403c-bc4e-281175aa4de0	play	3. Loop Habit Tracker	4	2018-11-30	partial	A	NA
177	032f14fc-08d8-4bac-b92a-c00a84200047	play	3. Loop Habit Tracker	4	2018-02-17	partial	A	NA
178	03c7b989-e10a-418a-adb2-5d2545913060	play	3. Loop Habit Tracker	4	2018-01-18	partial	A	?PART
179	63ac5a37-3c28-419a-bd25-cdcee9e9e759	play	3. Loop Habit Tracker	4	2018-01-02	partial	A	NA
180	fbc840fc-dbb5-4647-abf2-be96c9407264	play	3. Loop Habit Tracker	2	2017-12-23	partial	A	NA
181	c9bfb6fb-4a55-4484-801d-fe09c2cf0a65	play	3. Loop Habit Tracker	4	2017-01-06	partial	A	NA
182	ff538af9-ca2b-4b19-9cba-2a3f04fdec78	play	3. Loop Habit Tracker	4	2016-12-03	partial	A	?TOTAL
183	f11276b3-7197-489e-a73f-e90c4695db34	play	3. Loop Habit Tracker	4	2016-08-21	partial	A	?PART
184	f8e9e16d-9f39-4ee4-bcd9-effeb9cec54e	play	3. Loop Habit Tracker	5	2020-02-04	partial	A	NA
185	13a0de1c-3137-4a7d-ab3e-e7d4f5a8055d	play	3. Loop Habit Tracker	4	2017-11-18	partial	A	NA
186	9353647a-a274-4ade-9416-2ca004169871	play	3. Loop Habit Tracker	5	2020-03-24	partial	A	?OVER
187	8b67707e-6d33-4d26-9dff-cb76fabbd5ef	play	3. Loop Habit Tracker	4	2018-09-09	partial	A	NA
188	31a73966-2a37-4c89-bd50-6c1d475db862	play	3. Loop Habit Tracker	5	2017-10-04	partial	A	?PART
189	26215460-671e-46ae-8477-41e8b00a4dca	play	3. Loop Habit Tracker	4	2017-03-12	partial	A	?DAYVAL
190	09f4ed03-c060-4f12-806c-ef74e1079f53	play	3. Loop Habit Tracker	5	2018-01-16	partial	A	NA
191	932bc496-80eb-4478-9fb3-708d347f91a0	play	3. Loop Habit Tracker	5	2019-12-02	partial	A	?DAYVAL
192	0fbc1b44-b0b8-477f-8fb9-0df9c19f6b41	play	3. Loop Habit Tracker	5	2019-07-12	partial	A	?PART
193	6e0124f6-463c-4e11-a474-bbf6c39fc594	play	3. Loop Habit Tracker	4	2019-07-01	partial	A	?DAYVAL
194	02526bf8-3e44-4822-90a8-12dcb7a19106	play	3. Loop Habit Tracker	1	2019-05-27	partial	A	?PART,?SKIP
195	07260728-5b85-4172-8c52-8d7930d54320	play	3. Loop Habit Tracker	5	2019-01-28	partial	A	NA
196	34c3b06c-f52b-41c1-ac64-4d536c78817f	play	3. Loop Habit Tracker	4	2019-01-13	partial	A	NA
197	2c9d0110-db2d-4fed-9c17-a1b5b59b7ff0	play	3. Loop Habit Tracker	2	2017-04-01	partial	A	?PART
198	6487582e-702a-4d5c-a7e7-b37abafb88fe	play	3. Loop Habit Tracker	5	2016-09-10	partial	A	?PART
199	493b26af-594e-4fa8-9c95-46020ad43f3a	play	3. Loop Habit Tracker	5	2021-09-24	partial	A	+PART,+SKIP
200	81b309d9-c79b-4cef-afcb-491f65f02569	play	30. Habit Tracker - Routine & Goals	5	2021-08-03	partial	A	?PART
201	8781699254	app	33. Habitify - Habit Tracker - Daily Goals, Routine & Streaks	5	2022-06-17	partial	A	+PERIOD
202	9841087824	app	33. Habitify - Habit Tracker - Daily Goals, Routine & Streaks	5	2023-04-20	partial	A	?OVER
203	2569104316	app	33. Habitify - Habit Tracker - Daily Goals, Routine & Streaks	4	2018-05-19	partial	A	?PART
204	5974808544	app	33. Habitify - Habit Tracker - Daily Goals, Routine & Streaks	5	2020-05-21	partial	A	NA
205	8eed5d57-1952-498e-86ed-21306436c878	play	33. Productive - Habit tracker	1	2021-01-19	partial	A	?OVER,?WEEKDAY
206	7d8650ab-7461-4334-996f-5edd9a48d9ce	play	33. Productive - Habit tracker	3	2021-03-16	partial	A	-PART
207	5b116766-22ad-47b8-9b61-cf9c79c57a97	play	33. Productive - Habit tracker	1	2021-03-14	partial	A	-PART
208	f9687147-94a0-4dc2-b7d6-74435cee964c	play	37. Habitify - Habit Tracker	4	2026-01-12	partial	A	?PART
209	aa3e309d-dfbb-4932-8696-c8b6bb1e12a6	play	4. Me+ Lifestyle Routine	1	2024-01-31	partial	A	-PART,?LEFT
210	f12cc0da-9d60-4003-bf18-f2882046005b	play	4. Me+ Lifestyle Routine	5	2026-08-17	partial	A	?STEPS
211	af5d2135-760b-411c-992e-d1db7dcecc62	play	4. Me+ Lifestyle Routine	4	2024-01-08	partial	A	?PART,?STEPS
212	11332444396	app	41. Awesome Habits - Habit Tracker - Streaks, days since & goals	5	2024-06-01	partial	A	+PART
213	4198312666	app	43. Habit Hub - Routine Tracker - Daily Todo, Goals & Schedule	5	2019-05-23	partial	A	?PART
214	11625636896	app	46. everyday - Habit Tracker - Daily Routine Checklist	4	2024-08-18	partial	A	NA
215	6186141665	app	46. everyday - Habit Tracker - Daily Routine Checklist	5	2020-07-11	partial	A	+PART
216	7521539649	app	48. Strides - Habit Tracker + Goals - Goal Planner & Daily Checklist	3	2021-06-30	partial	A	?OVER
217	3e445595-8d0a-4e8a-bbaf-9aaed5c236a4	play	49. RoutineFlow - Routine for ADHD	5	2025-03-11	partial	A	?STEPS
218	11205123752	app	52. ShineDay - Habit Tracker - Micro Habits, ADHD & Focus	5	2024-04-27	partial	A	?PART
219	10555644375	app	52. ShineDay - Habit Tracker - Micro Habits, ADHD & Focus	5	2023-11-06	partial	A	?TOTAL
220	10012321644	app	52. ShineDay - Habit Tracker - Micro Habits, ADHD & Focus	4	2023-06-08	partial	A	?DAYVAL
221	8127931334	app	52. ShineDay - Habit Tracker - Micro Habits, ADHD & Focus	1	2021-12-14	partial	A	?DAYVAL,?PART
222	7327967096	app	52. ShineDay - Habit Tracker - Micro Habits, ADHD & Focus	5	2021-05-12	partial	A	?DAYVAL,?PART
223	5612977913	app	52. ShineDay - Habit Tracker - Micro Habits, ADHD & Focus	5	2020-03-04	partial	A	NA
224	4246888565	app	52. ShineDay - Habit Tracker - Micro Habits, ADHD & Focus	5	2019-06-01	partial	A	NA
225	4649747758	app	53. HabitMinder • Habit Tracker - Daily Reminders & Routines	4	2019-08-21	partial	A	?PART
226	2663728052	app	53. HabitMinder • Habit Tracker - Daily Reminders & Routines	2	2018-06-09	partial	A	-PART
227	a9d88971-8910-4312-974d-31e8a015f185	play	55. HabitTick-Habit Tracker & Todo	4	2026-03-03	partial	A	NA
228	12095285181	app	57. Habit Tracker - DayStamp - Daily Routine, Streak & Widget	5	2024-12-23	partial	A	NA
229	c7a1f7f0-29c8-4c95-91c6-0d06215626fb	play	58. Habitide - Habit Streak Tracker	4	2025-04-12	partial	A	=PART
230	8595218323	app	59. Tappsk - ToDo & Habit Tracker - Task Manager & Daily schedule	5	2022-04-22	partial	A	?PART
231	9442177163	app	59. Tappsk - ToDo & Habit Tracker - Task Manager & Daily schedule	4	2022-12-28	partial	A	?OVER
232	be5ce265-460c-4a90-b796-2f17e903dd6c	play	61. Hizo - Habit Tracker & Todo	5	2024-12-26	partial	A	?PART
233	13453953092	app	62. Streaks – Daily Habit Tracker - Atomic Goals & Accountability	4	2025-11-29	partial	A	?TOTAL
234	d47e78f9-6b40-417b-bc11-1dc1240c3aa9	play	65. Goal & Habit Tracker Calendar	4	2024-06-24	partial	A	?PART
235	4af1a74e-d38c-4674-9d17-339b1acdfad1	play	65. Goal & Habit Tracker Calendar	5	2023-11-19	partial	A	?OVER
236	917575be-6e26-4575-8a08-54b6fdf4f5d7	play	65. Goal & Habit Tracker Calendar	5	2019-04-06	partial	A	+PART
237	336dbeb7-7bae-48ff-b48e-ec364df4ce98	play	65. Goal & Habit Tracker Calendar	4	2018-06-14	partial	A	?PART
238	291ff0b0-c761-4d29-830e-5a93f5783282	play	65. Goal & Habit Tracker Calendar	3	2018-01-18	partial	A	?PART
239	c84b43d4-af81-493a-9efe-93e9a8c8ce26	play	65. Goal & Habit Tracker Calendar	4	2017-07-30	partial	A	?PART
240	6444174d-d146-4d4d-b7ef-4e13dde815a8	play	65. Goal & Habit Tracker Calendar	4	2016-10-17	partial	A	?PART
241	4c3f9454-96ba-452d-b36e-235045d9be62	play	65. Goal & Habit Tracker Calendar	4	2021-11-20	partial	A	?PART
242	53bb94a3-670a-4744-b3a7-ce364c70bee4	play	65. Goal & Habit Tracker Calendar	3	2020-01-17	partial	A	?PART
243	11339667935	app	7. Habit Tracker - HabitKit - Streaks & Accountability	5	2024-06-03	partial	A	+PART
244	13970441144	app	7. Habit Tracker - HabitKit - Streaks & Accountability	4	2026-04-18	partial	A	?DAYS
245	12934585259	app	7. Habit Tracker - HabitKit - Streaks & Accountability	4	2025-07-25	partial	A	+PART
246	12018415873	app	7. Habit Tracker - HabitKit - Streaks & Accountability	3	2024-12-02	partial	A	?OVER,?PART
247	a59f1765-d57d-4d68-9019-033775ec4961	play	71. Habitude Daily Routine Planner	3	2020-12-22	partial	A	?PART
248	3882627763	app	76. Way of Life - Habit Tracker - Build a better, stronger you	2	2019-03-15	partial	A	NA
249	11006362166	app	76. Way of Life - Habit Tracker - Build a better, stronger you	5	2024-03-04	partial	A	?PART
250	1573314918	app	76. Way of Life - Habit Tracker - Build a better, stronger you	4	2017-03-26	partial	A	?PART
251	1494739908	app	76. Way of Life - Habit Tracker - Build a better, stronger you	4	2016-12-02	partial	A	?PART
252	1479505881	app	76. Way of Life - Habit Tracker - Build a better, stronger you	5	2016-11-06	partial	A	?PART
253	1035346873	app	76. Way of Life - Habit Tracker - Build a better, stronger you	4	2014-07-26	partial	A	?PART
254	713539403	app	76. Way of Life - Habit Tracker - Build a better, stronger you	3	2012-12-22	partial	A	NA
255	07eef6cc-ffd1-4d58-86d2-961d1b295ee2	play	8. Habitica - Gamify Your Tasks	4	2026-02-15	partial	A	?DAYVAL
256	2132031574	app	86. Today Habit tracker - For to-dos, routines & goals	5	2018-01-27	partial	A	?PART
257	11646116789	app	9. Dear Me - Daily Routine Tracker - Self Care & ADHD Habit Planner	4	2024-08-24	partial	A	NA
258	00138abf-7bdd-4f34-95d3-e921e54bb8e6	play	9. Habit Tracker - HabitKit	5	2023-12-10	partial	A	?PART
259	f90a6a78-f75d-4d59-9dff-8224b29ecc24	play	98. Rabit - Habit Tracker & Planner	2	2022-05-29	partial	A	-PART
260	5960453106	app	1. Habit Tracker - Goal Tracker & ADHD Planner	5	2020-05-18	amount	A	?PERIOD
261	7065499609	app	1. Habit Tracker - Goal Tracker & ADHD Planner	4	2021-03-04	amount	B	-WRONG,=PERIOD
262	61e262e5-8014-479d-bffe-89fad8a2221e	play	2. HabitNow Daily Routine Planner	4	2024-04-10	amount	B	?DAYS
263	489f587e-fd37-43b5-90a7-380e76b83dc9	play	22. Disciplined - Habit Tracker	4	2024-03-26	amount	A	?TOTAL
264	8964662797	app	24. Fabulous - Daily Habit Tracker - Morning Routines & ADHD Help	5	2022-08-10	amount	B	NA
265	8ddb6bba-f412-422e-b2ba-c97ed35fba60	play	24. Habit Tracker	5	2018-09-19	amount	B	?TOTAL
266	12404001288	app	26. Eden - Daily Routine Planner - Self care habit tracker, to do	5	2025-03-10	amount	B	NA
267	907376fe-7232-4b6e-82f3-e04b354a33dc	play	3. Loop Habit Tracker	4	2017-06-23	amount	A	?TOTAL
268	7878e3aa-31d6-4c3e-aa0c-f3af170d2f8a	play	3. Loop Habit Tracker	2	2023-01-28	amount	B	?AVG
269	7aa6a513-d8f7-45f1-b829-d7abba9405f9	play	3. Loop Habit Tracker	4	2021-10-25	amount	B	?AVG
270	12872024539	app	46. everyday - Habit Tracker - Daily Routine Checklist	5	2025-07-09	amount	B	+TOTAL
271	11101229865	app	48. Strides - Habit Tracker + Goals - Goal Planner & Daily Checklist	5	2024-03-30	amount	A	+PERIOD
272	1263855048	app	48. Strides - Habit Tracker + Goals - Goal Planner & Daily Checklist	2	2015-09-28	amount	B	NA
273	8a349faf-6195-4221-bdc9-40e2a38703ba	play	65. Goal & Habit Tracker Calendar	4	2021-04-16	amount	B	?PERIOD
274	6732160985	app	1. Habit Tracker - Goal Tracker & ADHD Planner	3	2020-12-08	time	A	+PERIOD,+TOTAL
275	5937658867	app	1. Habit Tracker - Goal Tracker & ADHD Planner	5	2020-05-12	time	A	+TOTAL
276	9835382363	app	1. Habit Tracker - Goal Tracker & ADHD Planner	4	2023-04-18	time	A	-WRONG
277	8206328871	app	1. Habit Tracker - Goal Tracker & ADHD Planner	1	2022-01-05	time	B	NA
278	8437295081	app	1. Habit Tracker - Goal Tracker & ADHD Planner	3	2022-03-09	time	B	-WRONG,?AVG
279	13666398214	app	10. Finch - Self-Care Pet - Daily Journal & Habit Tracker	5	2026-01-23	time	A	NA
280	c5f3d773-151e-4ada-aa4a-076e84ae530f	play	10. Habit Tracker - Habit Diary	1	2024-11-06	time	B	NA
281	bb9526ad-32ce-41bb-a805-bc8b94200610	play	101. Habit Tracker - HabitGrid	5	2026-08-21	time	A	?DAYVAL
282	601f8d14-c180-4f54-a4f5-270956902527	play	106. Habit Tracker n Pets - HabitYou	5	2023-03-28	time	B	NA
283	c0d44587-78e9-476a-ac43-d6ecc30e4360	play	12. Fabulous Daily Routine Planner	1	2026-08-12	time	B	NA
284	523a8b65-dd9b-4fb8-ba02-b8cc9040d3af	play	12. Fabulous Daily Routine Planner	2	2022-02-14	time	B	?TOTAL
285	6a952f6f-c9b9-48a0-b545-84ec014f9f3e	play	12. Fabulous Daily Routine Planner	1	2020-01-10	time	B	NA
286	9015003887	app	13. Productive - Habit Tracker - Daily Routine & Goals Planner	4	2022-08-25	time	A	?OVER
287	9841888088	app	13. Productive - Habit Tracker - Daily Routine & Goals Planner	5	2023-04-20	time	B	NA
288	8b99e436-98cb-4a83-952c-f04dfe858063	play	2. HabitNow Daily Routine Planner	4	2024-03-07	time	A	?AVG
289	7ae7d700-06a7-4e5b-a7d0-fe8de621b3ec	play	2. HabitNow Daily Routine Planner	5	2023-10-15	time	A	?PERIOD,?TOTAL
290	fc9afb92-affc-4006-a736-d19b0cedb79b	play	2. HabitNow Daily Routine Planner	4	2021-11-10	time	B	?PERIOD
291	5c6563c9-0960-4c69-a62b-d8abdb953a5b	play	2. HabitNow Daily Routine Planner	5	2021-08-27	time	B	+DAYVAL
292	8050636456	app	23. Streaks - The habit-forming to-do list	4	2021-11-22	time	B	?PART,?PERIOD
293	6cec3aa0-eb77-4857-948f-d6e1eedab7cb	play	24. Habit Tracker	4	2019-09-07	time	A	?TOTAL
294	f763379a-f140-4c74-a39c-e44e2482936e	play	24. Habit Tracker	5	2018-10-03	time	A	+AVG,+TOTAL
295	1a04850f-4a0d-40b3-95a2-4a8f0b7a4e42	play	24. Habit Tracker	5	2016-09-09	time	A	?TOTAL
296	9e8759ac-cabc-459f-8486-b850ec273cd8	play	24. Habit Tracker	4	2018-06-28	time	B	?AVG
297	542ae0d4-4a9c-44d0-b5e3-7f4c88d7898a	play	3. Loop Habit Tracker	4	2024-04-09	time	A	-WRONG,=TOTAL
298	d4d2911c-2347-4f05-9b94-6ca769d795b8	play	3. Loop Habit Tracker	5	2022-05-04	time	A	?PART
299	c7172008-6844-4a70-8c73-4cb0b9428052	play	3. Loop Habit Tracker	5	2022-01-11	time	A	?TOTAL
300	f24ec547-f466-4b3e-87a7-66fcebe99555	play	3. Loop Habit Tracker	4	2019-09-11	time	A	?PART
301	8d36bee7-9b49-47eb-888d-ca8442471889	play	3. Loop Habit Tracker	4	2017-03-01	time	A	?DAYVAL
302	f5d99dc5-ca98-4a93-99e5-329344907c90	play	3. Loop Habit Tracker	4	2016-05-11	time	B	?AVG,?TOTAL
303	0e583e64-c534-46bb-b1a2-4da8f1079f58	play	3. Loop Habit Tracker	5	2021-11-23	time	B	NA
304	2006511f-7f42-42b4-8fc1-eda99c1aacd0	play	3. Loop Habit Tracker	4	2019-12-26	time	B	?DAYVAL,?TOTAL
305	883d324e-2cac-4fbe-997b-89316a6510e6	play	31. HelloHabit - Habit Tracker	5	2026-07-15	time	A	?AVG,?DAYS
306	528d24d1-85c4-4516-91ff-09e42f413851	play	31. HelloHabit - Habit Tracker	5	2025-10-01	time	B	+TOTAL
307	8007504755	app	33. Habitify - Habit Tracker - Daily Goals, Routine & Streaks	5	2021-11-10	time	A	+TOTAL
308	7448583854	app	33. Habitify - Habit Tracker - Daily Goals, Routine & Streaks	5	2021-06-10	time	B	NA
309	9317f37e-dc80-4975-a08e-3727d367ee1c	play	33. Productive - Habit tracker	5	2021-05-23	time	A	?TOTAL
310	65ee1981-d88b-4f4e-b131-05b4beba158b	play	37. Habitify - Habit Tracker	5	2022-03-02	time	B	+TOTAL
311	d331950e-12f4-442c-8269-20c558355425	play	4. Me+ Lifestyle Routine	1	2024-11-05	time	B	NA
312	7538d716-d965-4091-82ee-5edd3af35c9d	play	4. Me+ Lifestyle Routine	1	2023-09-02	time	B	NA
313	14099180858	app	41. Awesome Habits - Habit Tracker - Streaks, days since & goals	5	2026-05-24	time	A	?TOTAL
314	11900786735	app	41. Awesome Habits - Habit Tracker - Streaks, days since & goals	5	2024-11-01	time	A	+TOTAL
315	931792317	app	48. Strides - Habit Tracker + Goals - Goal Planner & Daily Checklist	3	2014-01-27	time	A	-WRONG,=TOTAL
316	4411999096	app	48. Strides - Habit Tracker + Goals - Goal Planner & Daily Checklist	4	2019-07-05	time	A	+AVG
317	11416073129	app	48. Strides - Habit Tracker + Goals - Goal Planner & Daily Checklist	5	2024-06-24	time	B	+PERIOD
318	14155699763	app	49. Life Reset - 66 Day Habit - Gamified Habit Tracker	1	2026-06-07	time	B	NA
319	12546377805	app	49. Life Reset - 66 Day Habit - Gamified Habit Tracker	2	2025-04-15	time	B	NA
320	d3327c35-e451-4565-b660-039408de5ae4	play	49. RoutineFlow - Routine for ADHD	3	2023-01-08	time	A	?AVG
321	8d11fba9-f31e-487d-a9cf-7cc88ba3011d	play	49. RoutineFlow - Routine for ADHD	5	2024-04-25	time	B	+AVG
322	e40b8619-eb5d-4c20-aca2-41bab7d63962	play	49. RoutineFlow - Routine for ADHD	4	2023-11-18	time	B	?TOTAL
323	8382971100	app	5. Routine Planner, Habit Tracker - Daily Time Management for ADHD	3	2022-02-22	time	B	NA
324	13803069187	app	50. HelloHabit - Habit Tracker - Tasks, Routines, & Streaks	5	2026-03-01	time	B	NA
325	8391806786	app	53. HabitMinder • Habit Tracker - Daily Reminders & Routines	3	2022-02-24	time	A	-PART,?AVG
326	5349640195	app	53. HabitMinder • Habit Tracker - Daily Reminders & Routines	1	2020-01-02	time	B	-WRONG
327	5eb15fa2-56b3-47d7-a2a5-1cf644266da2	play	62. RoutineWin - Routine App & ADHD	5	2026-07-07	time	B	?TOTAL
328	10828247772	app	67. Habio - Daily Habit Tracker - Routine planner & To do list	1	2024-01-16	time	B	NA
329	1346846675	app	76. Way of Life - Habit Tracker - Build a better, stronger you	4	2016-03-12	time	B	?TOTAL
330	1161870138	app	76. Way of Life - Habit Tracker - Build a better, stronger you	4	2015-03-02	time	B	+PREV
331	5674123629	app	85. Habitica - Gamified Taskmanager - Stay motivated and organized	1	2020-03-17	time	B	NA
332	10605357337	app	1. Habit Tracker - Goal Tracker & ADHD Planner	5	2023-11-20	amount_time	A	+TOTAL
333	11181452310	app	1. Habit Tracker - Goal Tracker & ADHD Planner	3	2024-04-20	amount_time	A	?DAYVAL
334	8266040597	app	1. Habit Tracker - Goal Tracker & ADHD Planner	4	2022-01-21	amount_time	A	?TOTAL
335	14075111063	app	1. Habit Tracker - Goal Tracker & ADHD Planner	5	2026-05-17	amount_time	A	?TOTAL
336	13581446747	app	1. Habit Tracker - Goal Tracker & ADHD Planner	5	2026-01-01	amount_time	A	?TOTAL
337	12376194056	app	1. Habit Tracker - Goal Tracker & ADHD Planner	5	2025-03-03	amount_time	A	+DAYS
338	12310546479	app	1. Habit Tracker - Goal Tracker & ADHD Planner	5	2025-02-14	amount_time	A	NA
339	11649726397	app	1. Habit Tracker - Goal Tracker & ADHD Planner	5	2024-08-25	amount_time	A	+AVG
340	11469909480	app	1. Habit Tracker - Goal Tracker & ADHD Planner	5	2024-07-08	amount_time	A	+TOTAL
341	11121119139	app	1. Habit Tracker - Goal Tracker & ADHD Planner	1	2024-04-04	amount_time	A	NA
342	11082587517	app	1. Habit Tracker - Goal Tracker & ADHD Planner	5	2024-03-25	amount_time	A	+DAYS
343	11061030490	app	1. Habit Tracker - Goal Tracker & ADHD Planner	5	2024-03-19	amount_time	A	+PERIOD,+TOTAL
344	11009926752	app	1. Habit Tracker - Goal Tracker & ADHD Planner	5	2024-03-05	amount_time	A	?TOTAL
345	10850359533	app	1. Habit Tracker - Goal Tracker & ADHD Planner	5	2024-01-22	amount_time	A	+TOTAL
346	10821207839	app	1. Habit Tracker - Goal Tracker & ADHD Planner	5	2024-01-14	amount_time	A	+TOTAL
347	10719931341	app	1. Habit Tracker - Goal Tracker & ADHD Planner	5	2023-12-19	amount_time	A	?TOTAL
348	9835906642	app	1. Habit Tracker - Goal Tracker & ADHD Planner	5	2023-04-18	amount_time	A	?TIMES
349	9622299267	app	1. Habit Tracker - Goal Tracker & ADHD Planner	5	2023-02-16	amount_time	A	+TOTAL
350	9346815481	app	1. Habit Tracker - Goal Tracker & ADHD Planner	4	2022-11-30	amount_time	A	?TOTAL
351	9157142191	app	1. Habit Tracker - Goal Tracker & ADHD Planner	5	2022-10-06	amount_time	A	?TOTAL
352	9014515943	app	1. Habit Tracker - Goal Tracker & ADHD Planner	5	2022-08-25	amount_time	A	?TOTAL
353	9004383645	app	1. Habit Tracker - Goal Tracker & ADHD Planner	5	2022-08-22	amount_time	A	?TOTAL
354	8681940156	app	1. Habit Tracker - Goal Tracker & ADHD Planner	5	2022-05-18	amount_time	A	+TOTAL
355	8618759485	app	1. Habit Tracker - Goal Tracker & ADHD Planner	5	2022-04-29	amount_time	A	+TOTAL
356	8568050642	app	1. Habit Tracker - Goal Tracker & ADHD Planner	5	2022-04-15	amount_time	A	+DAYS
357	8494263146	app	1. Habit Tracker - Goal Tracker & ADHD Planner	5	2022-03-25	amount_time	A	?TOTAL
358	8272095778	app	1. Habit Tracker - Goal Tracker & ADHD Planner	5	2022-01-23	amount_time	A	+TOTAL
359	8265150217	app	1. Habit Tracker - Goal Tracker & ADHD Planner	5	2022-01-21	amount_time	A	+TOTAL
360	8191308341	app	1. Habit Tracker - Goal Tracker & ADHD Planner	4	2022-01-01	amount_time	A	+DAYVAL,+TOTAL
361	8185278803	app	1. Habit Tracker - Goal Tracker & ADHD Planner	4	2021-12-30	amount_time	A	+TOTAL
362	7319751378	app	1. Habit Tracker - Goal Tracker & ADHD Planner	5	2021-05-10	amount_time	A	+TOTAL
363	6049905490	app	1. Habit Tracker - Goal Tracker & ADHD Planner	4	2020-06-08	amount_time	A	?TOTAL
364	5838495243	app	1. Habit Tracker - Goal Tracker & ADHD Planner	5	2020-04-20	amount_time	A	+PART
365	5634835746	app	1. Habit Tracker - Goal Tracker & ADHD Planner	5	2020-03-09	amount_time	A	+TOTAL
366	5345029857	app	1. Habit Tracker - Goal Tracker & ADHD Planner	5	2020-01-01	amount_time	A	+TOTAL
367	5126045088	app	1. Habit Tracker - Goal Tracker & ADHD Planner	4	2019-11-12	amount_time	A	?TOTAL
368	4636491939	app	1. Habit Tracker - Goal Tracker & ADHD Planner	5	2019-08-18	amount_time	A	?DAYS
369	3914397586	app	1. Habit Tracker - Goal Tracker & ADHD Planner	5	2019-03-23	amount_time	A	+TOTAL
370	3912922726	app	1. Habit Tracker - Goal Tracker & ADHD Planner	5	2019-03-22	amount_time	A	+TOTAL
371	3874881694	app	1. Habit Tracker - Goal Tracker & ADHD Planner	5	2019-03-13	amount_time	A	+TOTAL
372	3780502369	app	1. Habit Tracker - Goal Tracker & ADHD Planner	5	2019-02-17	amount_time	A	+DAYS
373	3711231455	app	1. Habit Tracker - Goal Tracker & ADHD Planner	5	2019-01-30	amount_time	A	+TOTAL
374	9372941776	app	1. Habit Tracker - Goal Tracker & ADHD Planner	2	2022-12-08	amount_time	A	NA
375	12257942805	app	1. Habit Tracker - Goal Tracker & ADHD Planner	5	2025-02-01	amount_time	A	-WRONG,?TOTAL
376	12002585973	app	1. Habit Tracker - Goal Tracker & ADHD Planner	5	2024-11-28	amount_time	A	+TOTAL
377	11962376164	app	1. Habit Tracker - Goal Tracker & ADHD Planner	4	2024-11-18	amount_time	A	NA
378	11449187183	app	1. Habit Tracker - Goal Tracker & ADHD Planner	5	2024-07-02	amount_time	A	NA
379	11596679734	app	1. Habit Tracker - Goal Tracker & ADHD Planner	4	2024-08-11	amount_time	A	?DAYVAL
380	10298594770	app	1. Habit Tracker - Goal Tracker & ADHD Planner	5	2023-08-25	amount_time	A	+LEFT,+PERIOD
381	7048113763	app	1. Habit Tracker - Goal Tracker & ADHD Planner	4	2021-02-28	amount_time	A	+TOTAL
382	13794035727	app	1. Habit Tracker - Goal Tracker & ADHD Planner	5	2026-02-27	amount_time	A	?TOTAL
383	12355584007	app	1. Habit Tracker - Goal Tracker & ADHD Planner	5	2025-02-26	amount_time	A	+TOTAL
384	10886950701	app	1. Habit Tracker - Goal Tracker & ADHD Planner	5	2024-02-01	amount_time	A	+DAYS
385	10102155543	app	1. Habit Tracker - Goal Tracker & ADHD Planner	5	2023-07-04	amount_time	A	+TOTAL
386	9694162625	app	1. Habit Tracker - Goal Tracker & ADHD Planner	5	2023-03-09	amount_time	A	NA
387	9528652414	app	1. Habit Tracker - Goal Tracker & ADHD Planner	4	2023-01-20	amount_time	A	?TOTAL
388	9413479032	app	1. Habit Tracker - Goal Tracker & ADHD Planner	5	2022-12-19	amount_time	A	+DAYS
389	10601793315	app	10. Finch - Self-Care Pet - Daily Journal & Habit Tracker	5	2023-11-19	amount_time	A	?DAYS
390	12596071096	app	10. Finch - Self-Care Pet - Daily Journal & Habit Tracker	1	2025-04-28	amount_time	A	+DAYS,-STREAK
391	12224721380	app	10. Finch - Self-Care Pet - Daily Journal & Habit Tracker	5	2025-01-24	amount_time	A	-STREAK,?TOTAL
392	9951883611	app	10. Finch - Self-Care Pet - Daily Journal & Habit Tracker	5	2023-05-21	amount_time	A	?AVG,?DAYS,?STREAK,?TOTAL
393	fb2fd35f-8e63-4278-bb94-ce88bf179aba	play	10. Habit Tracker - Habit Diary	5	2026-09-04	amount_time	A	+TOTAL
394	d59b28b7-7f2f-4259-8a7c-bb41e697799f	play	10. Habit Tracker - Habit Diary	5	2025-11-28	amount_time	A	?TOTAL
395	4dbc1c09-95a6-4438-8270-8e7f6540ebcf	play	10. Habit Tracker - Habit Diary	5	2023-10-12	amount_time	A	?DAYS
396	7c534116-8a12-42bf-b545-bee2830a21d5	play	10. Habit Tracker - Habit Diary	5	2022-03-05	amount_time	A	?PART
397	a01f26ea-7808-4150-8c66-e27ce56d0301	play	10. Habit Tracker - Habit Diary	5	2021-12-09	amount_time	A	+TOTAL
398	6836fde4-e701-404c-a473-a5cf569b9776	play	10. Habit Tracker - Habit Diary	4	2025-08-12	amount_time	A	?DAYS
399	9281835a-02b1-4c52-ab08-086f1d0913cb	play	10. Habit Tracker - Habit Diary	4	2023-01-03	amount_time	A	-WRONG,=TOTAL
400	6cb25594-bdb8-4383-b43a-5ce602250f7c	play	10. Habit Tracker - Habit Diary	5	2024-03-19	amount_time	A	NA
401	617835bf-0483-4f26-8933-77ba8f1cc23a	play	10. Habit Tracker - Habit Diary	5	2022-10-02	amount_time	A	?TOTAL
402	4956a14d-0089-44de-8d8d-b74290f52ceb	play	101. Habit Tracker - HabitGrid	5	2026-07-31	amount_time	A	?DAYVAL,?PREV
403	62298c1a-43de-4051-9c75-cd5443ade040	play	105. Avocation Goal & Habit Tracker	4	2022-07-22	amount_time	A	?DAYS
404	def36864-fd3e-47a8-b186-f7648ab12a25	play	105. Avocation Goal & Habit Tracker	5	2022-05-31	amount_time	A	?DAYS
405	03a966a7-d386-4474-a51a-2e3194db2c9c	play	105. Avocation Goal & Habit Tracker	5	2020-10-16	amount_time	A	?DAYS
406	331ff45c-5699-4f8c-a1b6-84adf93f6bae	play	105. Avocation Goal & Habit Tracker	5	2020-10-07	amount_time	A	?TOTAL
407	778c920e-1f22-4c4a-81dc-c9e189517e7d	play	105. Avocation Goal & Habit Tracker	2	2021-07-21	amount_time	A	?DAYS
408	c08e6d51-2763-45f8-be23-5cd1ed0b9bdb	play	11. Dear Me - Daily Routine Tracker	4	2025-04-08	amount_time	A	?TOTAL
409	8416d89c-8ec0-43cd-87fc-f794523028da	play	11. Dear Me - Daily Routine Tracker	4	2025-02-03	amount_time	A	?DAYS
410	0f7de8b5-ee0a-4f04-808e-a62a6e0fba07	play	11. Dear Me - Daily Routine Tracker	4	2024-11-30	amount_time	A	?TOTAL
411	f6601e59-9ab5-4641-bc47-6064d94b6c8b	play	12. Fabulous Daily Routine Planner	4	2019-05-28	amount_time	A	?TOTAL
412	d6617b99-de46-4879-9a12-0ba960e186b8	play	12. Fabulous Daily Routine Planner	5	2016-07-05	amount_time	A	NA
413	5b41ba09-9297-47cd-980f-12a636778599	play	123. Rise - Habit List	5	2024-12-29	amount_time	A	+TOTAL
414	71900445-4c28-4153-9bdb-69e96c195fb9	play	123. Rise - Habit List	4	2024-10-15	amount_time	A	?DAYVAL
415	7598c719-6344-42e7-9465-28fa6e3b6714	play	124. Habit Streak Tracker - DotHabit	4	2023-03-06	amount_time	A	?PART,?TOTAL
416	f9c34729-82c4-4f1d-b6e5-7e73b8a26f97	play	124. Habit Streak Tracker - DotHabit	4	2022-06-05	amount_time	A	-STREAK,?TOTAL
417	5585e58c-4820-431d-b313-1915d53b30d9	play	124. Habit Streak Tracker - DotHabit	3	2021-02-03	amount_time	A	?DAYVAL
418	ec89979a-5013-4690-a681-2ab26aa1bbaf	play	124. Habit Streak Tracker - DotHabit	5	2022-06-09	amount_time	A	?TOTAL
419	7f7aab53-6570-45ca-b90c-9bb515f4e27c	play	124. Habit Streak Tracker - DotHabit	5	2020-10-13	amount_time	A	?TOTAL
420	2cb639fd-7820-45b0-9a34-a0a4a8a0dc65	play	124. Habit Streak Tracker - DotHabit	4	2020-03-30	amount_time	A	-STREAK,?DAYS
421	1011aa40-c93a-40b4-862c-4adffbb990e2	play	124. Habit Streak Tracker - DotHabit	5	2020-04-06	amount_time	A	+TOTAL
422	c0838c07-4f8f-42b2-89cd-d94fa5daaf3c	play	124. Habit Streak Tracker - DotHabit	5	2020-01-09	amount_time	A	?DAYS
423	1504995735	app	13. Productive - Habit Tracker - Daily Routine & Goals Planner	3	2016-12-19	amount_time	A	?AVG
424	6149598387	app	13. Productive - Habit Tracker - Daily Routine & Goals Planner	5	2020-07-02	amount_time	A	?TOTAL
425	6153461764	app	13. Productive - Habit Tracker - Daily Routine & Goals Planner	5	2020-07-03	amount_time	A	?TOTAL
426	5990398298	app	13. Productive - Habit Tracker - Daily Routine & Goals Planner	3	2020-05-25	amount_time	A	?TOTAL
427	8501717309	app	13. Productive - Habit Tracker - Daily Routine & Goals Planner	1	2022-03-27	amount_time	A	-TOTAL,?TOTAL
428	7866693049	app	13. Productive - Habit Tracker - Daily Routine & Goals Planner	1	2021-10-01	amount_time	A	-DAYS
429	7866530852	app	13. Productive - Habit Tracker - Daily Routine & Goals Planner	1	2021-10-01	amount_time	A	-TOTAL
430	3239400241	app	13. Productive - Habit Tracker - Daily Routine & Goals Planner	2	2018-09-28	amount_time	A	?PERIOD
431	10537139527	app	13. Productive - Habit Tracker - Daily Routine & Goals Planner	5	2023-11-01	amount_time	A	?DAYS
432	5247491127	app	13. Productive - Habit Tracker - Daily Routine & Goals Planner	4	2019-12-08	amount_time	A	+TOTAL
433	b6145f99-f1ee-47c4-b5d6-613b3633841e	play	130. Way of Life - habit tracker	5	2022-05-07	amount_time	A	?DAYVAL
434	dce9b878-1776-4b23-9214-5622bd16a2ce	play	130. Way of Life - habit tracker	5	2019-03-07	amount_time	A	?DAYVAL
435	1076855737	app	14. My Habits - Daily Habit Builder - Tracker for Goals & Routine	5	2014-10-08	amount_time	A	+DAYVAL
436	2d4aa033-153b-4380-a350-b195b9aefe36	play	144. Table Habit	5	2026-09-03	amount_time	A	?DAYVAL,?TOTAL
437	14102776480	app	18. MyRoutine - Organize your day - Built around your real life	3	2026-05-25	amount_time	A	?DAYVAL
438	14504465163	app	18. MyRoutine - Organize your day - Built around your real life	2	2026-09-03	amount_time	A	?TOTAL
439	13064248357	app	18. MyRoutine - Organize your day - Built around your real life	4	2025-08-26	amount_time	A	?TOTAL
440	12330201573	app	18. MyRoutine - Organize your day - Built around your real life	4	2025-02-19	amount_time	A	?DAYVAL
441	11405240993	app	18. MyRoutine - Organize your day - Built around your real life	5	2024-06-21	amount_time	A	?DAYVAL
442	8833962790	app	18. MyRoutine - Organize your day - Built around your real life	5	2022-07-02	amount_time	A	?DAYVAL
443	8773230635	app	18. MyRoutine - Organize your day - Built around your real life	5	2022-06-14	amount_time	A	?DAYVAL,?PREV
444	11740875730	app	18. MyRoutine - Organize your day - Built around your real life	5	2024-09-19	amount_time	A	+DAYS
445	de8c490e-39d2-4979-94e2-43ce6fab1d92	play	19. TheFor - Habit Tracker	3	2026-08-19	amount_time	A	?DAYS
446	ef36fa17-147a-417d-8290-f14b46b9a6e2	play	19. TheFor - Habit Tracker	5	2024-03-30	amount_time	A	?TOTAL
447	1512585333	app	2. Daily Habits - Habit Tracker - Habit List and Routine Tracker	4	2016-12-31	amount_time	A	?TOTAL
448	d154c2a0-07a9-414b-96f4-2beb3ea12bd7	play	2. HabitNow Daily Routine Planner	5	2025-01-11	amount_time	A	+TOTAL
449	60f98b76-fa1a-4920-8c72-125c1ebe6e75	play	2. HabitNow Daily Routine Planner	5	2025-12-16	amount_time	A	+AVG,+SKIP,+TOTAL
450	91f0e9f1-b9a7-40cb-8a84-1aa4c8762977	play	2. HabitNow Daily Routine Planner	5	2024-02-29	amount_time	A	?SKIP
451	eef88a65-de00-402d-8d29-9cc1e06e94e5	play	2. HabitNow Daily Routine Planner	5	2026-07-08	amount_time	A	NA
452	ac1c63c1-3068-4a5c-a087-72d9ac077490	play	2. HabitNow Daily Routine Planner	4	2025-12-10	amount_time	A	+TOTAL
453	72f6caa2-bdf8-452c-994b-b1cc7c7087c8	play	2. HabitNow Daily Routine Planner	4	2025-08-22	amount_time	A	NA
454	84f95ebb-4255-4577-b97b-0a21af9ea6e4	play	2. HabitNow Daily Routine Planner	5	2025-08-19	amount_time	A	+DAYS
455	a69297c4-dd36-4ab9-a4e1-bffcc166afc3	play	2. HabitNow Daily Routine Planner	3	2025-07-22	amount_time	A	?TOTAL
456	2d45f337-c6df-4df3-b778-26fceb4f9750	play	2. HabitNow Daily Routine Planner	4	2025-05-01	amount_time	A	?DAYVAL
457	af55d5e5-4d7b-42bc-8c44-7d86e97214ed	play	2. HabitNow Daily Routine Planner	4	2025-02-06	amount_time	A	?DAYS
458	ead6336e-4dc8-4098-be4e-d6b66b2ef1b7	play	2. HabitNow Daily Routine Planner	3	2024-11-30	amount_time	A	?TOTAL
459	4224c234-24e8-49d7-8758-846ac42f4105	play	2. HabitNow Daily Routine Planner	4	2024-09-29	amount_time	A	?DAYS
460	80ed39e8-151b-4d05-be0d-861cded196b4	play	2. HabitNow Daily Routine Planner	5	2023-12-01	amount_time	A	?AVG
461	35d91cf2-7afd-4507-a305-f05dc8d79bf0	play	2. HabitNow Daily Routine Planner	5	2023-11-14	amount_time	A	+DAYS
462	9a7eaefb-5171-404d-9ab7-2070025a23dc	play	2. HabitNow Daily Routine Planner	4	2023-08-17	amount_time	A	+DAYVAL
463	bee13c58-6980-46de-b5ad-5da9961a583c	play	2. HabitNow Daily Routine Planner	4	2023-08-01	amount_time	A	?DAYS
464	cddf3dc7-6ab2-456e-9bdf-c67ef21b8b2e	play	2. HabitNow Daily Routine Planner	5	2023-07-04	amount_time	A	NA
465	eaa858c8-be89-411a-822a-69ee706438e4	play	2. HabitNow Daily Routine Planner	4	2023-05-24	amount_time	A	NA
466	b01b52ef-f706-4f66-aa48-50b2432f8bee	play	2. HabitNow Daily Routine Planner	5	2023-04-03	amount_time	A	+TOTAL
467	94c07b2b-be9a-415e-abcb-35db12536f35	play	2. HabitNow Daily Routine Planner	4	2023-03-29	amount_time	A	+TOTAL
468	1caf574a-b53b-4d99-a2f4-c8a9832dc446	play	2. HabitNow Daily Routine Planner	5	2023-03-13	amount_time	A	+PERIOD
469	63a30acc-358d-4d92-bb5d-f9ed3adb8cb9	play	2. HabitNow Daily Routine Planner	5	2023-01-02	amount_time	A	+TOTAL
470	9e45b949-c061-403e-8e9f-3335309ca011	play	2. HabitNow Daily Routine Planner	5	2022-10-29	amount_time	A	?TOTAL
471	66a0ba47-a8ff-4bbf-9a3d-d90b37328463	play	2. HabitNow Daily Routine Planner	4	2022-10-24	amount_time	A	?TOTAL
472	6ad3b25a-2b61-4848-9c90-398f63a97f4e	play	2. HabitNow Daily Routine Planner	4	2022-10-02	amount_time	A	?AVG,?TIMES
473	a338cc40-1f04-4f60-91dc-fb8fa714f420	play	2. HabitNow Daily Routine Planner	4	2022-08-31	amount_time	A	?TIMES
474	e3fed66c-b41c-45f8-9200-c03514bb52fe	play	2. HabitNow Daily Routine Planner	4	2022-01-08	amount_time	A	?TOTAL
475	5ac0b1be-a671-4263-9d31-85e599eb2ff7	play	2. HabitNow Daily Routine Planner	4	2021-09-17	amount_time	A	?DAYS,?TOTAL
476	e3a68168-63e3-444d-a54d-8de19e34d191	play	2. HabitNow Daily Routine Planner	5	2021-07-29	amount_time	A	?AVG
477	08e018db-1ccf-4e65-b08c-cb301776c054	play	2. HabitNow Daily Routine Planner	5	2021-02-04	amount_time	A	NA
478	f65b0fe8-7067-4d9c-94dd-eb72247164b3	play	2. HabitNow Daily Routine Planner	5	2020-05-12	amount_time	A	+TOTAL
479	ec54961c-993a-4f14-9f3a-d13310912ef7	play	2. HabitNow Daily Routine Planner	3	2019-09-08	amount_time	A	+TOTAL
480	7281c848-b25c-4a01-b316-697780e1457b	play	2. HabitNow Daily Routine Planner	5	2026-05-04	amount_time	A	?TOTAL
481	ad6f8e3b-f7d2-462d-99a0-5c72e3015769	play	2. HabitNow Daily Routine Planner	3	2023-07-30	amount_time	A	?TOTAL
482	e7951610-ae68-4881-91a8-436401384a8b	play	2. HabitNow Daily Routine Planner	5	2022-07-06	amount_time	A	+DAYS,+STREAK
483	c9e92df4-e9bf-4ba2-a090-866f7e595f2b	play	2. HabitNow Daily Routine Planner	5	2020-09-20	amount_time	A	+TOTAL
484	2a475ba9-1b25-449b-9f40-d6665fcf4211	play	2. HabitNow Daily Routine Planner	5	2020-05-24	amount_time	A	+TOTAL
485	a2ba423a-57ac-47ea-919d-751489de5012	play	2. HabitNow Daily Routine Planner	5	2022-11-16	amount_time	A	?AVG
486	7b95c080-f913-4f63-a7ab-0281fc2be00a	play	2. HabitNow Daily Routine Planner	4	2021-06-04	amount_time	A	?PERIOD
487	ee8a7612-6aef-4dc0-898e-13dc2136cde5	play	2. HabitNow Daily Routine Planner	3	2022-07-13	amount_time	A	?AVG
488	3d10eefb-72a5-4530-b85f-3c6b5660a685	play	2. HabitNow Daily Routine Planner	4	2024-05-08	amount_time	A	?TOTAL
489	8195196b-300c-4e7e-879d-72d907061da4	play	2. HabitNow Daily Routine Planner	5	2023-01-17	amount_time	A	?TOTAL
490	753f2236-579d-463f-b826-f6eecd71f2d8	play	2. HabitNow Daily Routine Planner	5	2026-06-05	amount_time	A	?TOTAL
491	d53ece49-0c14-4c10-8fb4-8ba609b3827c	play	2. HabitNow Daily Routine Planner	3	2026-01-17	amount_time	A	?TOTAL
492	5faf0dc6-ce12-4340-9da0-450ff75ed420	play	2. HabitNow Daily Routine Planner	5	2025-01-08	amount_time	A	NA
493	b07a8b34-47e2-4b66-982c-eb1f2aeca7bd	play	2. HabitNow Daily Routine Planner	4	2024-01-08	amount_time	A	?TOTAL
494	b25d4c81-0f81-4708-93a7-7f496765f4f5	play	2. HabitNow Daily Routine Planner	4	2022-11-18	amount_time	A	?AVG
495	d725af06-65d5-43ea-a4c8-c7e28e6381cd	play	2. HabitNow Daily Routine Planner	4	2021-07-29	amount_time	A	?TOTAL
496	76ef22d3-3365-4f79-b517-45a94bef6e02	play	2. HabitNow Daily Routine Planner	5	2021-01-15	amount_time	A	?TOTAL
497	71aa351c-f819-46fa-8e35-1c89ba21658e	play	2. HabitNow Daily Routine Planner	5	2024-03-18	amount_time	A	?DAYS
498	0ffe41ef-8bfb-4469-bd1c-a7f74696c1b7	play	2. HabitNow Daily Routine Planner	4	2021-12-18	amount_time	A	NA
499	dec918c2-bda5-4f12-b5c8-1f86dc97aa74	play	2. HabitNow Daily Routine Planner	5	2023-12-10	amount_time	A	?TOTAL
500	b19f03b6-8f4c-4b97-b472-5bd178eb6fdd	play	2. HabitNow Daily Routine Planner	5	2023-11-20	amount_time	A	?TOTAL
501	72f8029d-cbdf-4ae9-927d-174d40d2bfe1	play	2. HabitNow Daily Routine Planner	5	2023-11-19	amount_time	A	+DAYS
502	12523996637	app	20. Habit — Daily Tracker - Crush your goals like a boss	1	2025-04-09	amount_time	A	-WRONG,?PART
503	5999588505	app	20. Habit — Daily Tracker - Crush your goals like a boss	4	2020-05-27	amount_time	A	?DAYS
504	4649192181	app	20. Habit — Daily Tracker - Crush your goals like a boss	4	2019-08-21	amount_time	A	?DAYS
505	5692749106	app	20. Habit — Daily Tracker - Crush your goals like a boss	3	2020-03-21	amount_time	A	?TOTAL
506	4142356133	app	20. Habit — Daily Tracker - Crush your goals like a boss	5	2019-05-13	amount_time	A	+DAYS
507	3999629777	app	20. Habit — Daily Tracker - Crush your goals like a boss	3	2019-04-11	amount_time	A	-WRONG,?DAYS
508	3873731047	app	20. Habit — Daily Tracker - Crush your goals like a boss	5	2019-03-12	amount_time	A	NA
509	7a905e8c-71c6-4c03-8a98-12f865233906	play	20. MyRoutine - Routine Habit Goal	5	2025-03-03	amount_time	A	?TOTAL
510	89f75d34-cbe3-47f4-b9ef-73cab38ebc4c	play	20. MyRoutine - Routine Habit Goal	5	2023-12-04	amount_time	A	?DAYS
511	61889971-0301-45ad-916d-f4016192618a	play	20. MyRoutine - Routine Habit Goal	5	2022-02-08	amount_time	A	?DAYS
512	58f732fa-19f3-4f42-9118-b2d0443cbe9a	play	20. MyRoutine - Routine Habit Goal	5	2024-07-24	amount_time	A	+TOTAL
513	4428f2c5-fb97-4e72-b35a-7ed7254213ee	play	22. Disciplined - Habit Tracker	5	2024-12-11	amount_time	A	+TOTAL
514	48fae19d-9b71-4ecc-9991-4a8ea4df9f3a	play	22. Disciplined - Habit Tracker	4	2025-03-03	amount_time	A	-TOTAL
515	13735945699	app	23. Streaks - The habit-forming to-do list	3	2026-02-11	amount_time	A	?DAYS
516	7889694500	app	23. Streaks - The habit-forming to-do list	2	2021-10-08	amount_time	A	?DAYS
517	12776433938	app	23. Streaks - The habit-forming to-do list	4	2025-06-15	amount_time	A	?OVER,?TOTAL
518	4911187863	app	23. Streaks - The habit-forming to-do list	5	2019-10-09	amount_time	A	?TOTAL
519	4687446058	app	23. Streaks - The habit-forming to-do list	5	2019-08-28	amount_time	A	?PART
520	1869537608	app	23. Streaks - The habit-forming to-do list	5	2017-10-23	amount_time	A	?TOTAL
521	1737269359	app	23. Streaks - The habit-forming to-do list	5	2017-08-21	amount_time	A	?DAYVAL
522	4762216932	app	23. Streaks - The habit-forming to-do list	3	2019-09-11	amount_time	A	NA
523	3203535229	app	23. Streaks - The habit-forming to-do list	5	2018-09-18	amount_time	A	?TOTAL
524	1601241811	app	23. Streaks - The habit-forming to-do list	3	2017-04-30	amount_time	A	?TOTAL
525	12209604326	app	23. Streaks - The habit-forming to-do list	4	2025-01-20	amount_time	A	?OVER
526	9592238918	app	23. Streaks - The habit-forming to-do list	5	2023-02-07	amount_time	A	?OVER,?PART
527	5637974973	app	23. Streaks - The habit-forming to-do list	5	2020-03-09	amount_time	A	-DAYVAL,?TOTAL
528	8402281989	app	23. Streaks - The habit-forming to-do list	2	2022-02-27	amount_time	A	?AVG,?PART
529	6476624583	app	23. Streaks - The habit-forming to-do list	5	2020-09-28	amount_time	A	?OVER
530	10991304601	app	23. Streaks - The habit-forming to-do list	5	2024-02-29	amount_time	A	-STREAK,?DAYS
531	1694943634	app	23. Streaks - The habit-forming to-do list	1	2017-07-23	amount_time	A	?NOTES,?TOTAL
532	8f518db5-9120-4b86-8614-1a4cc4776448	play	24. Habit Tracker	1	2019-06-21	amount_time	A	-AVG,?DAYS,?SKIP
533	ee03b46e-decd-4d8f-b766-5ac96f6adbdb	play	24. Habit Tracker	4	2020-05-25	amount_time	A	+AVG,+PART
534	23354508-92da-4749-9d1b-91bd34bdffe9	play	24. Habit Tracker	5	2019-04-22	amount_time	A	?TOTAL
535	3f3a6d88-509e-4a8d-8cdf-d49cb69aed00	play	24. Habit Tracker	3	2019-02-08	amount_time	A	?DAYS
536	ea6b3d6f-3634-46b6-b13a-70e9e9450efa	play	24. Habit Tracker	5	2019-01-11	amount_time	A	?TOTAL
537	737d0163-66a1-4dc8-b299-1d750349e09e	play	24. Habit Tracker	3	2015-04-08	amount_time	A	?TOTAL
538	e4caab0a-b727-4499-99e4-232ff05d43fc	play	24. Habit Tracker	5	2015-03-18	amount_time	A	?DAYS
539	92b2092c-ec89-4be4-9012-750631d54882	play	24. Habit Tracker	3	2020-01-09	amount_time	A	?AVG
540	1b45ea66-2279-4fbe-b99a-e05057ebf7d4	play	24. Habit Tracker	5	2019-12-12	amount_time	A	+DAYVAL
541	85a3ed1a-b775-4674-90b8-449429740e7f	play	24. Habit Tracker	5	2018-06-28	amount_time	A	+TOTAL
542	01abd985-2444-4fba-9af4-f9571cbe6e24	play	24. Habit Tracker	5	2015-10-02	amount_time	A	?DAYS
543	7ff9adad-ad91-4093-b85e-4089c6ad7403	play	24. Habit Tracker	5	2015-06-10	amount_time	A	?TOTAL
544	12265166141	app	26. Eden - Daily Routine Planner - Self care habit tracker, to do	3	2025-02-03	amount_time	A	?DAYS
545	e67bcb03-40c7-4c6e-8353-f8ed3ae8f8d1	play	3. Loop Habit Tracker	4	2026-02-26	amount_time	A	NA
546	6f242224-c85a-4035-8b93-4056cdbec4e6	play	3. Loop Habit Tracker	5	2025-01-06	amount_time	A	?DAYVAL
547	936b6d59-ceab-43b3-88c8-439b138bf643	play	3. Loop Habit Tracker	5	2024-03-14	amount_time	A	?PERIOD
548	b2201913-a5c8-4cfa-b3b0-740b39daf4a4	play	3. Loop Habit Tracker	5	2022-09-12	amount_time	A	NA
549	4707182e-89a1-40e1-b7a2-a487d2fd15a3	play	3. Loop Habit Tracker	5	2020-05-30	amount_time	A	+TOTAL
550	6811fd58-4016-4d3e-b9f5-28c73a2850cb	play	3. Loop Habit Tracker	5	2019-01-20	amount_time	A	NA
551	52e1bf26-3d3e-40d7-8d1e-8c58a102400b	play	3. Loop Habit Tracker	4	2016-06-01	amount_time	A	?TOTAL
552	9fd7b817-d5e9-4b8a-908f-2cdc9d591ac7	play	3. Loop Habit Tracker	5	2026-07-19	amount_time	A	+TOTAL
553	24d18596-d46c-49f1-976d-fee3b3a1aa27	play	3. Loop Habit Tracker	5	2026-07-16	amount_time	A	?AVG
554	dee71eaa-ea6c-44b4-88f9-e7ec244039fd	play	3. Loop Habit Tracker	5	2026-06-22	amount_time	A	+PERIOD
555	ada34683-434c-416b-91c0-a66e8f5eecd1	play	3. Loop Habit Tracker	5	2026-06-18	amount_time	A	+TOTAL
556	e60f1559-6a9b-467e-8a42-33e2a86c74e3	play	3. Loop Habit Tracker	5	2026-01-31	amount_time	A	?DAYS
557	19f4fd10-f81e-4737-adb8-e831b3cfbf04	play	3. Loop Habit Tracker	3	2025-10-20	amount_time	A	NA
558	080640d0-523b-475b-ae6b-e70a0d854660	play	3. Loop Habit Tracker	3	2025-09-10	amount_time	A	NA
559	e4811446-1c58-4cb1-8e5f-ebb00977ed17	play	3. Loop Habit Tracker	5	2025-02-20	amount_time	A	?AVG
560	59844743-fccc-4579-9da4-0a9b0f464cf9	play	3. Loop Habit Tracker	5	2025-01-06	amount_time	A	?TOTAL
561	48f58e46-14fa-47f3-91c9-893b8b6765cb	play	3. Loop Habit Tracker	5	2025-01-02	amount_time	A	?AVG,?TIMES
562	68affeba-559d-44ba-8946-553ab6264ceb	play	3. Loop Habit Tracker	5	2024-09-15	amount_time	A	NA
563	b899e2cc-da43-4d52-947d-4510a07a69bc	play	3. Loop Habit Tracker	5	2024-06-17	amount_time	A	+TOTAL
564	39d782e0-e05f-4340-bfa5-21efffd4c905	play	3. Loop Habit Tracker	5	2023-11-02	amount_time	A	NA
565	1803e724-46a7-4e27-8fdd-c305d5fda474	play	3. Loop Habit Tracker	5	2023-08-25	amount_time	A	+DAYVAL
566	1abdc96b-4fd2-4d0e-9aa4-dd2c4aa9dfa4	play	3. Loop Habit Tracker	4	2023-08-02	amount_time	A	NA
567	f38d84b3-4a7a-4108-9e43-aa5f7f15a84d	play	3. Loop Habit Tracker	5	2023-01-19	amount_time	A	NA
568	bca6b522-2a04-40b8-805a-7843c3f707f9	play	3. Loop Habit Tracker	5	2022-08-25	amount_time	A	+TOTAL
569	984473ec-aa97-44e9-b037-884f5efa6d10	play	3. Loop Habit Tracker	5	2022-07-02	amount_time	A	+TOTAL
570	5dd1c9a4-be72-45e8-8dfa-b012e15bc3a4	play	3. Loop Habit Tracker	5	2022-02-07	amount_time	A	+DAYVAL
571	3ce96739-be28-4e1b-afb4-a7fdfef8cdf3	play	3. Loop Habit Tracker	5	2021-12-31	amount_time	A	NA
572	eb51a74d-c3bc-4901-9b0a-b53f694da181	play	3. Loop Habit Tracker	3	2021-07-16	amount_time	A	?DAYS
573	e19b77bf-0fa9-4ab8-ab6b-b5d84702878f	play	3. Loop Habit Tracker	4	2021-01-27	amount_time	A	?DAYVAL
574	3932af8c-3bd0-483d-b34c-0057312ba23f	play	3. Loop Habit Tracker	5	2021-01-05	amount_time	A	+DAYS
575	f1843ee1-7a45-444c-b95d-d37ef391c3f6	play	3. Loop Habit Tracker	4	2020-05-25	amount_time	A	?DAYVAL
576	9c27e0a1-959c-42c6-b399-237e2771ddd6	play	3. Loop Habit Tracker	5	2020-05-12	amount_time	A	?OVER,?PART
577	bca653c7-7975-4401-bab5-6bb196d93845	play	3. Loop Habit Tracker	5	2020-04-22	amount_time	A	?TOTAL
578	4a81b2b4-c913-461f-b6d8-3576a4fbca62	play	3. Loop Habit Tracker	4	2020-04-21	amount_time	A	?DAYVAL
579	480339b3-edb9-46a7-85dc-7b5a539c40ec	play	3. Loop Habit Tracker	5	2020-02-21	amount_time	A	?DAYVAL
580	223fcf89-2a0f-4045-9723-51b39d542e36	play	3. Loop Habit Tracker	5	2019-12-30	amount_time	A	NA
581	0b9a13e1-044c-4908-8a50-00f248a5e365	play	3. Loop Habit Tracker	3	2019-10-08	amount_time	A	?DAYVAL
582	00f9a005-9710-4a09-adff-07d9f07000ee	play	3. Loop Habit Tracker	4	2019-08-09	amount_time	A	?TOTAL
583	8c63352d-103a-4c34-85ab-0efe65f8f24d	play	3. Loop Habit Tracker	4	2019-05-07	amount_time	A	?DAYVAL
584	67f56df5-cd29-4670-912c-f44162880a75	play	3. Loop Habit Tracker	3	2019-03-16	amount_time	A	?TOTAL
585	99d121e1-396f-47c8-82ab-fcadc7721fc4	play	3. Loop Habit Tracker	4	2019-01-03	amount_time	A	?DAYVAL
586	3edeb0dc-57ab-447c-82a8-288697ea90ad	play	3. Loop Habit Tracker	4	2018-01-08	amount_time	A	?OVER,?TOTAL
587	db835125-5952-4a93-87a5-2fe092661b1d	play	3. Loop Habit Tracker	5	2017-12-14	amount_time	A	?DAYVAL
588	ffd07327-7756-448f-95d6-a30eca07f8a3	play	3. Loop Habit Tracker	3	2017-09-04	amount_time	A	?DAYVAL
589	8a815f2a-dc1e-4c60-bdd5-588c7f62f80a	play	3. Loop Habit Tracker	5	2017-06-15	amount_time	A	+TOTAL
590	5774e216-581a-4d32-8ef5-59efcfaf11ec	play	3. Loop Habit Tracker	3	2016-09-03	amount_time	A	+PART
591	a01dc508-5b5b-46c3-8015-5699a899462f	play	3. Loop Habit Tracker	5	2025-01-02	amount_time	A	NA
592	58582ae5-d6b4-44a8-86dd-25e19a80a49d	play	3. Loop Habit Tracker	5	2023-11-29	amount_time	A	NA
593	89dbe78d-c4ad-49fd-bfdb-bd68b5a8d959	play	3. Loop Habit Tracker	2	2019-01-02	amount_time	A	?DAYVAL
594	a8344a60-ba77-4eab-bda9-6241e1018fa1	play	3. Loop Habit Tracker	3	2017-06-16	amount_time	A	?TOTAL
595	29bd8b4b-1963-452d-9616-10c9a6095166	play	3. Loop Habit Tracker	5	2017-04-19	amount_time	A	NA
596	0a9042b6-3b88-4d79-a0d0-931ddb416639	play	3. Loop Habit Tracker	5	2026-03-21	amount_time	A	NA
597	1b178983-7ee6-4f2a-8403-d2982bb3b7f9	play	3. Loop Habit Tracker	5	2019-07-27	amount_time	A	?DAYVAL
598	9c4c7209-cd55-4988-ab3f-17603538baf9	play	3. Loop Habit Tracker	5	2017-07-26	amount_time	A	?DAYVAL
599	5780096d-0cb1-4519-bb21-758ec7b5ef39	play	3. Loop Habit Tracker	5	2021-09-01	amount_time	A	NA
600	e1138bb8-a3d0-430a-ace2-35358a7acaa9	play	3. Loop Habit Tracker	4	2019-11-20	amount_time	A	NA
601	6b5afa0d-3a8d-4fda-94fa-4f25b7527180	play	3. Loop Habit Tracker	4	2020-07-02	amount_time	A	?TOTAL
602	e330ffc8-62fa-47fa-a0ba-a6efcb6e402a	play	3. Loop Habit Tracker	4	2020-03-21	amount_time	A	?DAYVAL
603	35db95ff-ddcf-4243-bf74-c0462cf53031	play	3. Loop Habit Tracker	4	2017-08-11	amount_time	A	?TOTAL
604	513eee7f-bcc8-4ffa-81b6-b6362b8a931d	play	3. Loop Habit Tracker	4	2017-07-31	amount_time	A	?TOTAL
605	b5b5f5ec-38c9-48f6-b854-598e6ef67157	play	3. Loop Habit Tracker	5	2022-02-01	amount_time	A	NA
606	aebb8eef-6886-4008-bfde-b458b6d90973	play	3. Loop Habit Tracker	3	2019-12-02	amount_time	A	?DAYVAL
607	b276355b-ca78-40ff-9b40-cd3976ea6490	play	3. Loop Habit Tracker	5	2024-11-11	amount_time	A	+TOTAL
608	9def315e-7cc7-4d9d-9b53-9427a9718044	play	3. Loop Habit Tracker	5	2024-09-21	amount_time	A	+TOTAL
609	a8021200-12f6-4692-9ea8-e98b60c47c97	play	3. Loop Habit Tracker	5	2024-08-29	amount_time	A	+DAYVAL
610	c7a87b5c-c5c3-4ea1-9932-c1364ffd1327	play	3. Loop Habit Tracker	5	2022-11-17	amount_time	A	+DAYVAL
611	1245d16d-6bb9-4117-86eb-7ed78100f292	play	3. Loop Habit Tracker	5	2022-06-09	amount_time	A	?DAYVAL
612	b6a18a43-14e4-4651-9cbc-32cc42c173f5	play	3. Loop Habit Tracker	5	2022-02-20	amount_time	A	+DAYVAL
613	c4123d26-24d7-4c28-b5a1-15abff2cf306	play	3. Loop Habit Tracker	5	2021-12-13	amount_time	A	+DAYVAL
614	7e6c4940-43b8-4d7e-8438-3603531e0f4f	play	3. Loop Habit Tracker	5	2021-10-18	amount_time	A	?TOTAL
615	f3645617-b039-489c-9bbd-a15b799bde96	play	3. Loop Habit Tracker	5	2021-02-18	amount_time	A	?TOTAL
616	4593a89c-ce77-4d27-8dc6-3faec57a1463	play	3. Loop Habit Tracker	5	2021-01-09	amount_time	A	+DAYS
617	cb06490a-d818-4682-bfbd-240dd884e8e5	play	3. Loop Habit Tracker	5	2020-10-03	amount_time	A	+TOTAL
618	13d1b193-da36-4327-89ed-a21f8c4ecd6d	play	3. Loop Habit Tracker	5	2020-05-21	amount_time	A	?DAYVAL
619	3c367e1a-65d4-4f94-be19-5ef346a9b698	play	3. Loop Habit Tracker	4	2020-01-30	amount_time	A	?TOTAL
620	f831bf7a-ad7a-48a4-9a95-b054cfc3a82e	play	3. Loop Habit Tracker	5	2018-10-17	amount_time	A	?DAYVAL
621	74089d70-effb-44dc-8f21-c0d254ba21ae	play	3. Loop Habit Tracker	4	2018-01-01	amount_time	A	?DAYVAL
622	b374e898-7a5f-4688-ba49-ddff7ab6972f	play	3. Loop Habit Tracker	4	2016-09-01	amount_time	A	?TOTAL
623	602b99f3-5e3d-4920-b9f7-a4e16c840bcd	play	3. Loop Habit Tracker	5	2016-07-24	amount_time	A	?PART
624	c603b916-e750-41c4-90dd-f0d7b33aaef5	play	3. Loop Habit Tracker	3	2025-02-19	amount_time	A	NA
625	b5bfde34-578b-4b49-8949-1365ef8f4c5e	play	3. Loop Habit Tracker	4	2026-04-12	amount_time	A	?TOTAL
626	5b66485c-3e97-4bb3-b789-84ee3fb17277	play	3. Loop Habit Tracker	4	2016-07-12	amount_time	A	?TOTAL
627	d727b113-4ff1-42a0-b5ac-546705603e5c	play	30. Habit Tracker - Routine & Goals	3	2021-04-28	amount_time	A	?PERIOD
628	9572275448	app	31. Do Habits - Get It Done - Daily Routine & Goal Planner	3	2023-02-01	amount_time	A	-TOTAL
629	7908224726	app	31. Do Habits - Get It Done - Daily Routine & Goal Planner	4	2021-10-13	amount_time	A	?DAYVAL,?TOTAL
630	7123282964	app	31. Do Habits - Get It Done - Daily Routine & Goal Planner	5	2021-03-20	amount_time	A	?DAYVAL
631	3304229802	app	31. Do Habits - Get It Done - Daily Routine & Goal Planner	5	2018-10-15	amount_time	A	+PERIOD,+TOTAL
632	4002333805	app	31. Do Habits - Get It Done - Daily Routine & Goal Planner	4	2019-04-12	amount_time	A	?AVG
633	10630990785	app	31. Do Habits - Get It Done - Daily Routine & Goal Planner	4	2023-11-27	amount_time	A	?TOTAL
634	1917951798	app	31. Do Habits - Get It Done - Daily Routine & Goal Planner	4	2017-11-13	amount_time	A	NA
635	10475289942	app	31. Do Habits - Get It Done - Daily Routine & Goal Planner	5	2023-10-14	amount_time	A	+DAYVAL
636	9604308889	app	31. Do Habits - Get It Done - Daily Routine & Goal Planner	2	2023-02-10	amount_time	A	+TOTAL
637	1493429986	app	31. Do Habits - Get It Done - Daily Routine & Goal Planner	5	2016-11-30	amount_time	A	+DAYVAL
638	1751385257	app	33. Habitify - Habit Tracker - Daily Goals, Routine & Streaks	1	2017-08-26	amount_time	A	?TOTAL
639	10006624684	app	33. Habitify - Habit Tracker - Daily Goals, Routine & Streaks	4	2023-06-06	amount_time	A	?DAYVAL
640	3660092503	app	33. Habitify - Habit Tracker - Daily Goals, Routine & Streaks	4	2019-01-17	amount_time	A	?TOTAL
641	7509611510	app	33. Habitify - Habit Tracker - Daily Goals, Routine & Streaks	4	2021-06-26	amount_time	A	-AVG,-TOTAL
642	6433494859	app	33. Habitify - Habit Tracker - Daily Goals, Routine & Streaks	2	2020-09-16	amount_time	A	-TOTAL
643	5332861460	app	33. Habitify - Habit Tracker - Daily Goals, Routine & Streaks	5	2019-12-29	amount_time	A	NA
644	3908519910	app	33. Habitify - Habit Tracker - Daily Goals, Routine & Streaks	5	2019-03-21	amount_time	A	+DAYS,+WEEKDAY
645	12673912487	app	33. Habitify - Habit Tracker - Daily Goals, Routine & Streaks	5	2025-05-19	amount_time	A	+DAYS
646	6421137652	app	33. Habitify - Habit Tracker - Daily Goals, Routine & Streaks	2	2020-09-12	amount_time	A	-TOTAL
647	5739188181	app	33. Habitify - Habit Tracker - Daily Goals, Routine & Streaks	5	2020-03-31	amount_time	A	?OVER
648	3372620292	app	33. Habitify - Habit Tracker - Daily Goals, Routine & Streaks	3	2018-11-02	amount_time	A	?PART,?TOTAL
649	53908388-2eda-475f-ad7d-2ec03a841abf	play	33. Productive - Habit tracker	4	2021-03-15	amount_time	A	?DAYVAL,?PART
650	ea8036b8-2c37-43e9-9cb1-aa6949a14658	play	33. Productive - Habit tracker	4	2020-07-25	amount_time	A	?TOTAL
651	12464367645	app	34. Habit Tracker - Evoday - Daily Streaks Calendar & Goals	5	2025-03-25	amount_time	A	-STREAK,?TOTAL
652	8132383485	app	34. Habit Tracker - Evoday - Daily Streaks Calendar & Goals	5	2021-12-15	amount_time	A	+DAYS
653	c07ba42a-761a-48fe-bbc5-cbaeea317a5a	play	35. Motivated - Habit Tracker	3	2026-01-30	amount_time	A	?DAYVAL,?TOTAL
654	9ffc53dd-235e-40a5-b2dd-c6c7ae4b54e9	play	36. Fun Habit - Habit Tracker	5	2024-09-16	amount_time	A	?TOTAL
655	74f5a754-6591-4cc6-aa83-cf4b01a3ebab	play	36. Fun Habit - Habit Tracker	4	2024-01-04	amount_time	A	?TOTAL
656	0f223d02-b26e-40ea-9bad-d57114b399bf	play	36. Fun Habit - Habit Tracker	5	2026-06-03	amount_time	A	?AVG
657	a71ec015-a449-45a4-80b1-b9b8486b1d53	play	37. Habitify - Habit Tracker	3	2024-10-15	amount_time	A	?DAYVAL
658	83facbfa-0231-4349-97cd-e2b3e29b86c1	play	37. Habitify - Habit Tracker	3	2024-08-01	amount_time	A	?OVER
659	63fa35ab-72ce-4586-a7a1-98672b160202	play	37. Habitify - Habit Tracker	4	2020-06-05	amount_time	A	?OVER,?TIMES
660	72a520d7-8b25-462e-a7cc-5393f898a370	play	37. Habitify - Habit Tracker	4	2020-04-25	amount_time	A	+TOTAL
661	d48dafbe-4158-43b9-9e88-4ddfb5ca8485	play	37. Habitify - Habit Tracker	5	2024-04-15	amount_time	A	+TOTAL
662	2a087867-1bc3-4602-80c4-5f81191e7d26	play	38. Roubit -Daily Life Routine Care	4	2025-03-05	amount_time	A	?TOTAL
663	2c54a49e-b624-4088-b06f-faf01d8bc5f9	play	4. Me+ Lifestyle Routine	4	2025-11-13	amount_time	A	?DAYVAL
664	2c40725c-3354-40ae-9593-17cb37989f31	play	4. Me+ Lifestyle Routine	5	2025-04-10	amount_time	A	?DAYS
665	3ad712a3-fd4b-4ba1-8bee-62f6bc001f59	play	4. Me+ Lifestyle Routine	3	2024-01-11	amount_time	A	NA
666	10757437113	app	4. Me+ Lifestyle Routine - Daily Planner & Habit Tracker	3	2023-12-29	amount_time	A	-TOTAL
667	13555175231	app	4. Me+ Lifestyle Routine - Daily Planner & Habit Tracker	5	2025-12-26	amount_time	A	+DAYS
668	13548079058	app	41. Awesome Habits - Habit Tracker - Streaks, days since & goals	5	2025-12-24	amount_time	A	+DAYVAL,+OVER
669	12059685717	app	41. Awesome Habits - Habit Tracker - Streaks, days since & goals	5	2024-12-13	amount_time	A	NA
670	7783301115	app	41. Awesome Habits - Habit Tracker - Streaks, days since & goals	4	2021-09-08	amount_time	A	?DAYVAL
671	11845038528	app	41. Awesome Habits - Habit Tracker - Streaks, days since & goals	4	2024-10-17	amount_time	A	NA
672	7938484525	app	43. Habit Hub - Routine Tracker - Daily Todo, Goals & Schedule	5	2021-10-21	amount_time	A	+DAYS
673	11699884156	app	43. Habit Hub - Routine Tracker - Daily Todo, Goals & Schedule	2	2024-09-07	amount_time	A	-TOTAL
674	53595f9b-eef8-47d0-83b4-9030a7b0073e	play	45. PlanMe - Daily Routine Planner	3	2023-12-22	amount_time	A	?TOTAL
675	11568277514	app	46. everyday - Habit Tracker - Daily Routine Checklist	5	2024-08-03	amount_time	A	+DAYS
676	11190606798	app	46. everyday - Habit Tracker - Daily Routine Checklist	5	2024-04-23	amount_time	A	?TOTAL
677	10994959286	app	46. everyday - Habit Tracker - Daily Routine Checklist	4	2024-03-01	amount_time	A	?TOTAL
678	11402316703	app	46. everyday - Habit Tracker - Daily Routine Checklist	5	2024-06-20	amount_time	A	+DAYVAL
679	13875654371	app	47. Habit Streak Tracker - DotHabit - Daily Routine, Goals & Planner	4	2026-03-22	amount_time	A	?AVG,?TOTAL
680	12226979658	app	47. Habit Streak Tracker - DotHabit - Daily Routine, Goals & Planner	5	2025-01-25	amount_time	A	+STREAK,+TOTAL
681	1501650317	app	48. Strides - Habit Tracker + Goals - Goal Planner & Daily Checklist	5	2016-12-14	amount_time	A	+TOTAL
682	1371864388	app	48. Strides - Habit Tracker + Goals - Goal Planner & Daily Checklist	5	2016-05-01	amount_time	A	+AVG,+PERIOD
683	985621867	app	48. Strides - Habit Tracker + Goals - Goal Planner & Daily Checklist	4	2014-05-01	amount_time	A	+PERIOD
684	2259299575	app	48. Strides - Habit Tracker + Goals - Goal Planner & Daily Checklist	5	2018-03-01	amount_time	A	+DAYVAL
685	1086299962	app	48. Strides - Habit Tracker + Goals - Goal Planner & Daily Checklist	5	2014-10-25	amount_time	A	?PART
686	975717912	app	48. Strides - Habit Tracker + Goals - Goal Planner & Daily Checklist	5	2014-04-12	amount_time	A	+AVG,+PERIOD
687	12238791871	app	48. Strides - Habit Tracker + Goals - Goal Planner & Daily Checklist	5	2025-01-27	amount_time	A	+AVG
688	11949290873	app	48. Strides - Habit Tracker + Goals - Goal Planner & Daily Checklist	5	2024-11-14	amount_time	A	?TOTAL
689	9496188970	app	48. Strides - Habit Tracker + Goals - Goal Planner & Daily Checklist	1	2023-01-11	amount_time	A	?DAYVAL
690	6790034274	app	48. Strides - Habit Tracker + Goals - Goal Planner & Daily Checklist	5	2020-12-25	amount_time	A	+PERIOD
691	5460803165	app	48. Strides - Habit Tracker + Goals - Goal Planner & Daily Checklist	1	2020-01-29	amount_time	A	-DAYVAL
692	4626368847	app	48. Strides - Habit Tracker + Goals - Goal Planner & Daily Checklist	4	2019-08-16	amount_time	A	?AVG
693	1943905286	app	48. Strides - Habit Tracker + Goals - Goal Planner & Daily Checklist	5	2017-11-24	amount_time	A	+LEFT,+PERIOD
694	1647692459	app	48. Strides - Habit Tracker + Goals - Goal Planner & Daily Checklist	5	2017-06-17	amount_time	A	+TOTAL
695	940401264	app	48. Strides - Habit Tracker + Goals - Goal Planner & Daily Checklist	1	2014-02-09	amount_time	A	NA
696	6a0a8f8b-4811-46e4-9998-ea90d084fd3c	play	49. RoutineFlow - Routine for ADHD	5	2024-06-13	amount_time	A	+AVG
697	a2969fe3-0909-4762-b06a-c53e56217545	play	49. RoutineFlow - Routine for ADHD	5	2026-06-07	amount_time	A	+AVG
698	36f563d0-837f-46cc-9d16-60d8cb433ba3	play	49. RoutineFlow - Routine for ADHD	5	2023-08-30	amount_time	A	+AVG
699	f53710ab-4220-494b-827f-95664879ef29	play	49. RoutineFlow - Routine for ADHD	4	2023-07-28	amount_time	A	NA
700	dcf21145-873f-485f-8ef7-0c6254485c4f	play	49. RoutineFlow - Routine for ADHD	4	2023-07-10	amount_time	A	+AVG
701	3415197c-8655-443b-b3dc-f17d0e32c624	play	49. RoutineFlow - Routine for ADHD	5	2023-03-29	amount_time	A	+AVG
702	03740a1f-f60d-48ac-91e6-c08c00690bec	play	49. RoutineFlow - Routine for ADHD	5	2023-03-09	amount_time	A	+AVG
703	a15c02e1-a000-4d7f-9634-9e540c6b9106	play	49. RoutineFlow - Routine for ADHD	5	2023-01-30	amount_time	A	+AVG,+TIMES
704	c7cf7a40-ad93-4c6b-a6fc-f7184a458dc8	play	49. RoutineFlow - Routine for ADHD	4	2023-01-26	amount_time	A	?AVG
705	e5093781-c696-4643-bfcc-64ad21377a08	play	5. Routine Planner, Habit Tracker	4	2021-01-13	amount_time	A	?TOTAL
706	3570c16c-2ed0-44e1-810c-c7633ecd8068	play	5. Routine Planner, Habit Tracker	4	2020-08-20	amount_time	A	?STEPS,?TOTAL
707	83df2524-07b5-48ea-a2eb-dcd23a30298d	play	5. Routine Planner, Habit Tracker	5	2020-08-03	amount_time	A	?DAYVAL,?TOTAL
708	26682574-6470-489d-bb19-4bc94fd221e7	play	5. Routine Planner, Habit Tracker	4	2022-01-22	amount_time	A	?AVG
709	14362113001	app	5. Routine Planner, Habit Tracker - Daily Time Management for ADHD	5	2026-07-29	amount_time	A	?TIMES
710	7786048610	app	5. Routine Planner, Habit Tracker - Daily Time Management for ADHD	5	2021-09-09	amount_time	A	?TIMES
711	7671112450	app	5. Routine Planner, Habit Tracker - Daily Time Management for ADHD	5	2021-08-09	amount_time	A	?TIMES
712	14009851946	app	50. HelloHabit - Habit Tracker - Tasks, Routines, & Streaks	5	2026-04-29	amount_time	A	?DAYS
713	14448727567	app	52. ShineDay - Habit Tracker - Micro Habits, ADHD & Focus	3	2026-08-19	amount_time	A	?TOTAL
714	14108344608	app	52. ShineDay - Habit Tracker - Micro Habits, ADHD & Focus	5	2026-05-26	amount_time	A	?TOTAL
715	14048870466	app	52. ShineDay - Habit Tracker - Micro Habits, ADHD & Focus	5	2026-05-10	amount_time	A	+TOTAL
716	13873616246	app	52. ShineDay - Habit Tracker - Micro Habits, ADHD & Focus	5	2026-03-22	amount_time	A	+TOTAL
717	13460364702	app	52. ShineDay - Habit Tracker - Micro Habits, ADHD & Focus	5	2025-11-30	amount_time	A	?TOTAL
718	13231664066	app	52. ShineDay - Habit Tracker - Micro Habits, ADHD & Focus	5	2025-10-06	amount_time	A	-STREAK,?DAYS
719	13229374881	app	52. ShineDay - Habit Tracker - Micro Habits, ADHD & Focus	1	2025-10-06	amount_time	A	?TIMES,?TOTAL
720	13221417630	app	52. ShineDay - Habit Tracker - Micro Habits, ADHD & Focus	5	2025-10-04	amount_time	A	?DAYVAL
721	13086204945	app	52. ShineDay - Habit Tracker - Micro Habits, ADHD & Focus	3	2025-09-01	amount_time	A	?TOTAL
722	13023163790	app	52. ShineDay - Habit Tracker - Micro Habits, ADHD & Focus	4	2025-08-16	amount_time	A	?DAYS
723	12776743184	app	52. ShineDay - Habit Tracker - Micro Habits, ADHD & Focus	5	2025-06-15	amount_time	A	-TOTAL
724	12735336788	app	52. ShineDay - Habit Tracker - Micro Habits, ADHD & Focus	5	2025-06-04	amount_time	A	?TOTAL
725	12653895417	app	52. ShineDay - Habit Tracker - Micro Habits, ADHD & Focus	4	2025-05-14	amount_time	A	?TIMES,?TOTAL
726	12364432193	app	52. ShineDay - Habit Tracker - Micro Habits, ADHD & Focus	5	2025-02-28	amount_time	A	?TOTAL
727	12336278784	app	52. ShineDay - Habit Tracker - Micro Habits, ADHD & Focus	5	2025-02-21	amount_time	A	+TIMES,+TOTAL
728	12137705403	app	52. ShineDay - Habit Tracker - Micro Habits, ADHD & Focus	5	2025-01-03	amount_time	A	?TOTAL
729	12113544189	app	52. ShineDay - Habit Tracker - Micro Habits, ADHD & Focus	5	2024-12-27	amount_time	A	?TOTAL
730	12050689834	app	52. ShineDay - Habit Tracker - Micro Habits, ADHD & Focus	5	2024-12-11	amount_time	A	?TOTAL
731	11948532396	app	52. ShineDay - Habit Tracker - Micro Habits, ADHD & Focus	5	2024-11-14	amount_time	A	+TOTAL
732	11820936121	app	52. ShineDay - Habit Tracker - Micro Habits, ADHD & Focus	5	2024-10-11	amount_time	A	?TIMES,?TOTAL
733	11754819241	app	52. ShineDay - Habit Tracker - Micro Habits, ADHD & Focus	5	2024-09-23	amount_time	A	?TOTAL
734	11446711631	app	52. ShineDay - Habit Tracker - Micro Habits, ADHD & Focus	5	2024-07-02	amount_time	A	?DAYS,?STREAK
735	11370775611	app	52. ShineDay - Habit Tracker - Micro Habits, ADHD & Focus	4	2024-06-11	amount_time	A	?TOTAL
736	9416299198	app	52. ShineDay - Habit Tracker - Micro Habits, ADHD & Focus	5	2022-12-20	amount_time	A	+TOTAL
737	8478321694	app	52. ShineDay - Habit Tracker - Micro Habits, ADHD & Focus	5	2022-03-21	amount_time	A	+DAYS
738	8123992753	app	52. ShineDay - Habit Tracker - Micro Habits, ADHD & Focus	4	2021-12-13	amount_time	A	?TOTAL
739	7989837744	app	52. ShineDay - Habit Tracker - Micro Habits, ADHD & Focus	4	2021-11-05	amount_time	A	?DAYS
740	7758895072	app	52. ShineDay - Habit Tracker - Micro Habits, ADHD & Focus	4	2021-09-01	amount_time	A	?DAYS
741	7549303559	app	52. ShineDay - Habit Tracker - Micro Habits, ADHD & Focus	4	2021-07-07	amount_time	A	?DAYS
742	7519299252	app	52. ShineDay - Habit Tracker - Micro Habits, ADHD & Focus	4	2021-06-29	amount_time	A	?TIMES
743	7515141724	app	52. ShineDay - Habit Tracker - Micro Habits, ADHD & Focus	4	2021-06-28	amount_time	A	?TOTAL
744	7497080858	app	52. ShineDay - Habit Tracker - Micro Habits, ADHD & Focus	5	2021-06-23	amount_time	A	?TOTAL
745	7463792335	app	52. ShineDay - Habit Tracker - Micro Habits, ADHD & Focus	4	2021-06-14	amount_time	A	?DAYVAL
746	7415689791	app	52. ShineDay - Habit Tracker - Micro Habits, ADHD & Focus	5	2021-06-02	amount_time	A	?TOTAL
747	7308084571	app	52. ShineDay - Habit Tracker - Micro Habits, ADHD & Focus	5	2021-05-07	amount_time	A	?TOTAL
748	7196419615	app	52. ShineDay - Habit Tracker - Micro Habits, ADHD & Focus	4	2021-04-08	amount_time	A	?TOTAL
749	7189848910	app	52. ShineDay - Habit Tracker - Micro Habits, ADHD & Focus	5	2021-04-06	amount_time	A	?TOTAL
750	7109285956	app	52. ShineDay - Habit Tracker - Micro Habits, ADHD & Focus	5	2021-03-16	amount_time	A	?TOTAL
751	7083671103	app	52. ShineDay - Habit Tracker - Micro Habits, ADHD & Focus	5	2021-03-09	amount_time	A	?TOTAL
752	7060719232	app	52. ShineDay - Habit Tracker - Micro Habits, ADHD & Focus	4	2021-03-03	amount_time	A	?TOTAL
753	7040655287	app	52. ShineDay - Habit Tracker - Micro Habits, ADHD & Focus	5	2021-02-26	amount_time	A	?TOTAL
754	6993450289	app	52. ShineDay - Habit Tracker - Micro Habits, ADHD & Focus	5	2021-02-14	amount_time	A	+TOTAL
755	6695294206	app	52. ShineDay - Habit Tracker - Micro Habits, ADHD & Focus	5	2020-11-28	amount_time	A	+DAYS
756	6645009104	app	52. ShineDay - Habit Tracker - Micro Habits, ADHD & Focus	5	2020-11-14	amount_time	A	?DAYS
757	6525549618	app	52. ShineDay - Habit Tracker - Micro Habits, ADHD & Focus	5	2020-10-11	amount_time	A	?TOTAL
758	6490703466	app	52. ShineDay - Habit Tracker - Micro Habits, ADHD & Focus	5	2020-10-02	amount_time	A	?TOTAL
759	6472411716	app	52. ShineDay - Habit Tracker - Micro Habits, ADHD & Focus	4	2020-09-27	amount_time	A	?TOTAL
760	6426905580	app	52. ShineDay - Habit Tracker - Micro Habits, ADHD & Focus	4	2020-09-14	amount_time	A	?TOTAL
761	6394455585	app	52. ShineDay - Habit Tracker - Micro Habits, ADHD & Focus	4	2020-09-04	amount_time	A	?TOTAL
762	6023927127	app	52. ShineDay - Habit Tracker - Micro Habits, ADHD & Focus	5	2020-06-02	amount_time	A	?TOTAL
763	5781119799	app	52. ShineDay - Habit Tracker - Micro Habits, ADHD & Focus	4	2020-04-08	amount_time	A	?TOTAL
764	5482030335	app	52. ShineDay - Habit Tracker - Micro Habits, ADHD & Focus	4	2020-02-03	amount_time	A	?TOTAL
765	5162326165	app	52. ShineDay - Habit Tracker - Micro Habits, ADHD & Focus	4	2019-11-18	amount_time	A	?DAYS
766	4719456866	app	52. ShineDay - Habit Tracker - Micro Habits, ADHD & Focus	5	2019-09-03	amount_time	A	?TOTAL
767	4607533473	app	52. ShineDay - Habit Tracker - Micro Habits, ADHD & Focus	5	2019-08-12	amount_time	A	?TOTAL
768	4255567862	app	52. ShineDay - Habit Tracker - Micro Habits, ADHD & Focus	4	2019-06-03	amount_time	A	-STREAK,?DAYS
769	3512305183	app	52. ShineDay - Habit Tracker - Micro Habits, ADHD & Focus	3	2018-12-09	amount_time	A	?TOTAL
770	2671928005	app	52. ShineDay - Habit Tracker - Micro Habits, ADHD & Focus	5	2018-06-10	amount_time	A	?TOTAL
771	2481049739	app	52. ShineDay - Habit Tracker - Micro Habits, ADHD & Focus	5	2018-04-29	amount_time	A	NA
772	2470784191	app	52. ShineDay - Habit Tracker - Micro Habits, ADHD & Focus	1	2018-04-26	amount_time	A	-WRONG,=DAYS
773	2409927863	app	52. ShineDay - Habit Tracker - Micro Habits, ADHD & Focus	1	2018-04-11	amount_time	A	-WRONG,=TOTAL
774	2382904670	app	52. ShineDay - Habit Tracker - Micro Habits, ADHD & Focus	5	2018-04-04	amount_time	A	?TOTAL
775	2300743421	app	52. ShineDay - Habit Tracker - Micro Habits, ADHD & Focus	5	2018-03-13	amount_time	A	?TOTAL
776	2270266140	app	52. ShineDay - Habit Tracker - Micro Habits, ADHD & Focus	4	2018-03-04	amount_time	A	NA
777	1887680918	app	52. ShineDay - Habit Tracker - Micro Habits, ADHD & Focus	4	2017-10-31	amount_time	A	+TOTAL
778	1868162140	app	52. ShineDay - Habit Tracker - Micro Habits, ADHD & Focus	5	2017-10-23	amount_time	A	?TOTAL
779	1847160053	app	52. ShineDay - Habit Tracker - Micro Habits, ADHD & Focus	5	2017-10-14	amount_time	A	+TOTAL
780	13469147323	app	52. ShineDay - Habit Tracker - Micro Habits, ADHD & Focus	5	2025-12-03	amount_time	A	+TOTAL
781	6175299045	app	53. HabitMinder • Habit Tracker - Daily Reminders & Routines	2	2020-07-09	amount_time	A	?TOTAL
782	3788462118	app	53. HabitMinder • Habit Tracker - Daily Reminders & Routines	3	2019-02-19	amount_time	A	?TOTAL
783	2605837563	app	53. HabitMinder • Habit Tracker - Daily Reminders & Routines	4	2018-05-28	amount_time	A	?TOTAL
784	2563809309	app	53. HabitMinder • Habit Tracker - Daily Reminders & Routines	5	2018-05-18	amount_time	A	?TOTAL
785	3469612741	app	53. HabitMinder • Habit Tracker - Daily Reminders & Routines	5	2018-11-28	amount_time	A	?TOTAL
786	6527194656	app	53. HabitMinder • Habit Tracker - Daily Reminders & Routines	4	2020-10-12	amount_time	A	?TOTAL
787	3803899677	app	53. HabitMinder • Habit Tracker - Daily Reminders & Routines	4	2019-02-23	amount_time	A	?DAYS
788	4406268110	app	53. HabitMinder • Habit Tracker - Daily Reminders & Routines	5	2019-07-03	amount_time	A	?TOTAL
789	9544393489	app	53. HabitMinder • Habit Tracker - Daily Reminders & Routines	2	2023-01-25	amount_time	A	-PART,?TOTAL
790	8389450436	app	53. HabitMinder • Habit Tracker - Daily Reminders & Routines	3	2022-02-24	amount_time	A	?AVG
791	10904975030	app	54. Avocation - Habit Tracker - Daily planner & ADHD organizer	2	2024-02-05	amount_time	A	?TOTAL
792	f71e0df6-4aa2-4d91-8966-147430c74335	play	54. Habit Tracker Kit - HabitDone	4	2024-04-28	amount_time	A	?DAYVAL
793	9205205216	app	55. Habit-Bull - Daily Goal Planner - Best To Do List Streak Tracker	3	2022-10-20	amount_time	A	?AVG
794	1564510993	app	55. Habit-Bull - Daily Goal Planner - Best To Do List Streak Tracker	5	2017-03-14	amount_time	A	+DAYVAL
795	1286107824	app	55. Habit-Bull - Daily Goal Planner - Best To Do List Streak Tracker	5	2015-11-13	amount_time	A	+DAYVAL
796	1326707609	app	55. Habit-Bull - Daily Goal Planner - Best To Do List Streak Tracker	4	2016-02-02	amount_time	A	?DAYVAL
797	3663633916	app	55. Habit-Bull - Daily Goal Planner - Best To Do List Streak Tracker	5	2019-01-18	amount_time	A	?DAYVAL
798	6370566280	app	55. Habit-Bull - Daily Goal Planner - Best To Do List Streak Tracker	4	2020-08-28	amount_time	A	?TOTAL
799	1480931123	app	55. Habit-Bull - Daily Goal Planner - Best To Do List Streak Tracker	5	2016-11-08	amount_time	A	+DAYVAL
800	1402014813	app	55. Habit-Bull - Daily Goal Planner - Best To Do List Streak Tracker	5	2016-06-28	amount_time	A	+DAYVAL
801	1361211433	app	55. Habit-Bull - Daily Goal Planner - Best To Do List Streak Tracker	5	2016-04-10	amount_time	A	+DAYVAL
802	74a6df9c-83e2-4e25-be76-c2ec93430ffd	play	55. HabitTick-Habit Tracker & Todo	4	2026-03-25	amount_time	A	?DAYVAL
803	7173823668	app	57. Habit Tracker - DayStamp - Daily Routine, Streak & Widget	5	2021-04-02	amount_time	A	?TOTAL
804	4901780444	app	57. Habit Tracker - DayStamp - Daily Routine, Streak & Widget	4	2019-10-06	amount_time	A	+TOTAL
805	6319546601	app	59. Tappsk - ToDo & Habit Tracker - Task Manager & Daily schedule	5	2020-08-14	amount_time	A	?TOTAL
806	5723128357	app	59. Tappsk - ToDo & Habit Tracker - Task Manager & Daily schedule	4	2020-03-27	amount_time	A	?TOTAL
807	12607928057	app	59. Tappsk - ToDo & Habit Tracker - Task Manager & Daily schedule	5	2025-05-01	amount_time	A	+TOTAL
808	9538862630	app	59. Tappsk - ToDo & Habit Tracker - Task Manager & Daily schedule	5	2023-01-23	amount_time	A	?PERIOD
809	6803401767	app	59. Tappsk - ToDo & Habit Tracker - Task Manager & Daily schedule	5	2020-12-28	amount_time	A	+DAYS
810	5597165111	app	59. Tappsk - ToDo & Habit Tracker - Task Manager & Daily schedule	5	2020-02-29	amount_time	A	?TOTAL
811	5971465614	app	59. Tappsk - ToDo & Habit Tracker - Task Manager & Daily schedule	5	2020-05-20	amount_time	A	?TOTAL
812	a4f8ba74-e837-404a-86f8-509b1e66e37f	play	65. Goal & Habit Tracker Calendar	5	2020-11-12	amount_time	A	?DAYS
813	082f049f-17b8-442b-b133-49db16236a44	play	65. Goal & Habit Tracker Calendar	4	2020-07-19	amount_time	A	+DAYS,+STREAK
814	74ed6e9c-b259-4673-b45c-828610668d41	play	65. Goal & Habit Tracker Calendar	4	2020-05-16	amount_time	A	?TOTAL
815	ed7a3a9e-e6fa-48dc-8c84-63c419cc95c8	play	65. Goal & Habit Tracker Calendar	3	2019-11-07	amount_time	A	?DAYVAL
816	df4ae632-dcb9-436d-87d8-029ccf7584b8	play	65. Goal & Habit Tracker Calendar	4	2019-04-08	amount_time	A	NA
817	8995f8ac-c89c-4996-8147-94696f560a25	play	65. Goal & Habit Tracker Calendar	4	2020-11-23	amount_time	A	?DAYS
818	faa903ed-d22e-4adc-921b-a2c309e9fae5	play	65. Goal & Habit Tracker Calendar	5	2025-06-01	amount_time	A	+TOTAL
819	a8a1cc86-6b1a-4be1-aa4f-023aa4fb276c	play	65. Goal & Habit Tracker Calendar	5	2019-01-16	amount_time	A	?DAYS
820	e1b26c84-a559-4edb-8ef0-dd0f1803448e	play	65. Goal & Habit Tracker Calendar	5	2019-12-21	amount_time	A	?DAYVAL
821	7166721323	app	65. Rabit - Daily Routine Planner - Habit Tracker & ADHD Help	4	2021-03-31	amount_time	A	?TOTAL
822	12544569042	app	68. Ultiself - Self-Improvement - Biohacker Routine Planner App	5	2025-04-15	amount_time	A	+TOTAL
823	12246131772	app	7. Habit Tracker - HabitKit - Streaks & Accountability	4	2025-01-29	amount_time	A	?TOTAL
824	10426806329	app	7. Habit Tracker - HabitKit - Streaks & Accountability	5	2023-10-01	amount_time	A	NA
825	12313286063	app	7. Habit Tracker - HabitKit - Streaks & Accountability	5	2025-02-15	amount_time	A	+STREAK,+TOTAL
826	11674324275	app	7. Habit Tracker - HabitKit - Streaks & Accountability	5	2024-08-31	amount_time	A	+TOTAL
827	13914535649	app	70. Habit - Daily routine tracker - Goal planner & Streaks	5	2026-04-02	amount_time	A	NA
828	11538765911	app	70. Habit - Daily routine tracker - Goal planner & Streaks	5	2024-07-26	amount_time	A	NA
829	8311794244	app	70. Habit - Daily routine tracker - Goal planner & Streaks	5	2022-02-02	amount_time	A	+DAYS
830	6075576990	app	70. Habit - Daily routine tracker - Goal planner & Streaks	5	2020-06-14	amount_time	A	?DAYVAL,?OVER
831	28e4ed52-5513-4f0f-a32c-db6c1a3f0d04	play	70. everyday Habit Tracker	4	2022-01-03	amount_time	A	?DAYVAL
832	d503029c-1be4-4232-bf7f-4d03d796166b	play	70. everyday Habit Tracker	2	2021-04-13	amount_time	A	?TOTAL
833	ffa9db26-357f-438f-bebc-5b30f63d6de6	play	71. Habitude Daily Routine Planner	5	2026-07-27	amount_time	A	?AVG
834	1335095195	app	76. Way of Life - Habit Tracker - Build a better, stronger you	4	2016-02-19	amount_time	A	?DAYVAL,?TOTAL
835	1137543563	app	76. Way of Life - Habit Tracker - Build a better, stronger you	5	2015-01-28	amount_time	A	?TOTAL
836	7247286183	app	76. Way of Life - Habit Tracker - Build a better, stronger you	4	2021-04-21	amount_time	A	?DAYVAL,?PART
837	4940591081	app	76. Way of Life - Habit Tracker - Build a better, stronger you	3	2019-10-13	amount_time	A	?DAYVAL
838	602558441	app	76. Way of Life - Habit Tracker - Build a better, stronger you	3	2012-06-15	amount_time	A	?DAYVAL
839	6363147255	app	76. Way of Life - Habit Tracker - Build a better, stronger you	5	2020-08-26	amount_time	A	+TOTAL
840	883703693	app	76. Way of Life - Habit Tracker - Build a better, stronger you	4	2013-10-16	amount_time	A	?DAYVAL,?PART
841	3636682280	app	76. Way of Life - Habit Tracker - Build a better, stronger you	5	2019-01-11	amount_time	A	?TOTAL
842	990292843	app	76. Way of Life - Habit Tracker - Build a better, stronger you	5	2014-05-09	amount_time	A	+DAYS
843	1355868507	app	76. Way of Life - Habit Tracker - Build a better, stronger you	5	2016-03-30	amount_time	A	?DAYVAL
844	628504555	app	76. Way of Life - Habit Tracker - Build a better, stronger you	1	2012-07-24	amount_time	A	?STREAK,?TOTAL
845	1275695834	app	76. Way of Life - Habit Tracker - Build a better, stronger you	4	2015-10-23	amount_time	A	?TOTAL
846	1730493483	app	76. Way of Life - Habit Tracker - Build a better, stronger you	4	2017-08-16	amount_time	A	?DAYVAL
847	8632176534	app	76. Way of Life - Habit Tracker - Build a better, stronger you	5	2022-05-03	amount_time	A	+DAYVAL
848	3319018942	app	76. Way of Life - Habit Tracker - Build a better, stronger you	5	2018-10-19	amount_time	A	NA
849	1521409409	app	76. Way of Life - Habit Tracker - Build a better, stronger you	5	2017-01-13	amount_time	A	?DAYVAL
850	1356121310	app	76. Way of Life - Habit Tracker - Build a better, stronger you	4	2016-03-31	amount_time	A	?DAYVAL
851	1342395768	app	76. Way of Life - Habit Tracker - Build a better, stronger you	5	2016-03-04	amount_time	A	+DAYS,+STREAK
852	1020336166	app	76. Way of Life - Habit Tracker - Build a better, stronger you	4	2014-07-01	amount_time	A	-TOTAL
853	661632720	app	76. Way of Life - Habit Tracker - Build a better, stronger you	4	2012-09-20	amount_time	A	?DAYVAL
854	524123475	app	76. Way of Life - Habit Tracker - Build a better, stronger you	3	2012-02-07	amount_time	A	?TOTAL
855	11528747861	app	79. Habit Tracker - Ripples - Routines, streaks, reminders	5	2024-07-24	amount_time	A	+TOTAL
856	13669961043	app	79. Habit Tracker - Ripples - Routines, streaks, reminders	5	2026-01-24	amount_time	A	NA
857	11622746398	app	79. Habit Tracker - Ripples - Routines, streaks, reminders	5	2024-08-18	amount_time	A	+DAYVAL
858	02d499ca-4609-4138-be76-5d9035904fa8	play	8. Habitica - Gamify Your Tasks	4	2026-04-15	amount_time	A	?DAYS
859	f1543c9c-30dd-42a7-bc50-f0df107458a1	play	8. Habitica - Gamify Your Tasks	4	2024-11-05	amount_time	A	?DAYS
860	cb0b7e75-4460-40c1-a968-d3616db2efb1	play	8. Habitica - Gamify Your Tasks	4	2024-02-27	amount_time	A	?TOTAL
861	c3e403fd-c442-4a57-89cf-4f9e4a26fbca	play	8. Habitica - Gamify Your Tasks	4	2022-06-12	amount_time	A	?TOTAL
862	7aac3361-ad4a-42e9-8cfe-0622f6f1024d	play	8. Habitica - Gamify Your Tasks	5	2025-11-13	amount_time	A	?TOTAL
863	cd315fb5-4a4e-43b4-a681-d359283185ce	play	8. Habitica - Gamify Your Tasks	4	2021-11-23	amount_time	A	?TOTAL
864	11f131b4-714d-46bd-8407-4a13d1d66f75	play	8. Habitica - Gamify Your Tasks	4	2020-02-28	amount_time	A	?TOTAL
865	000c5a41-4f55-4c1a-bc70-a0a3b227131e	play	8. Habitica - Gamify Your Tasks	4	2021-04-30	amount_time	A	?TOTAL
866	be961aec-c401-4429-8008-da9a6ccb8e7e	play	8. Habitica - Gamify Your Tasks	3	2023-06-27	amount_time	A	?TOTAL
867	9f56fc0b-51e1-4b63-aa7e-b5f6097ce7e6	play	8. Habitica - Gamify Your Tasks	5	2021-08-18	amount_time	A	?TOTAL
868	0fcd1482-a1ac-46a3-aa86-d546e3b719a3	play	8. Habitica - Gamify Your Tasks	3	2017-07-04	amount_time	A	?DAYVAL
869	13357878863	app	8. Onrise - Habit Tracker & Focus - Build habits, focus & journal	4	2025-11-05	amount_time	A	?DAYS
870	12089133132	app	8. Onrise - Habit Tracker & Focus - Build habits, focus & journal	5	2024-12-21	amount_time	A	?TOTAL
871	12481758518	app	8. Onrise - Habit Tracker & Focus - Build habits, focus & journal	4	2025-03-30	amount_time	A	?DAYVAL
872	11083558221	app	8. Onrise - Habit Tracker & Focus - Build habits, focus & journal	4	2024-03-25	amount_time	A	?STREAK,?TOTAL
873	d9ad51e9-ad05-4433-b28d-49016ef20513	play	81. Goal Tracker - Routine Planner	5	2025-11-19	amount_time	A	?OVER
874	14287319536	app	85. Habitica - Gamified Taskmanager - Stay motivated and organized	5	2026-07-10	amount_time	A	?TOTAL
875	6640604563	app	85. Habitica - Gamified Taskmanager - Stay motivated and organized	5	2020-11-13	amount_time	A	?TOTAL
876	3867871679	app	85. Habitica - Gamified Taskmanager - Stay motivated and organized	4	2019-03-11	amount_time	A	+TOTAL
877	b8e2b71b-3d82-4b9b-852c-cab70d76a0f9	play	86. Miracle Morning Routine	4	2022-01-30	amount_time	A	?TOTAL
878	3659008632	app	86. Today Habit tracker - For to-dos, routines & goals	4	2019-01-17	amount_time	A	?TIMES,?TOTAL
879	3365037613	app	86. Today Habit tracker - For to-dos, routines & goals	5	2018-10-31	amount_time	A	?TOTAL
880	1536086402	app	86. Today Habit tracker - For to-dos, routines & goals	5	2017-02-03	amount_time	A	?DAYVAL
881	1470478249	app	86. Today Habit tracker - For to-dos, routines & goals	5	2016-10-21	amount_time	A	NA
882	1446749694	app	86. Today Habit tracker - For to-dos, routines & goals	5	2016-09-09	amount_time	A	?TOTAL
883	5616563031	app	86. Today Habit tracker - For to-dos, routines & goals	5	2020-03-04	amount_time	A	+DAYVAL
884	1658498475	app	86. Today Habit tracker - For to-dos, routines & goals	5	2017-06-26	amount_time	A	NA
885	1808438163	app	86. Today Habit tracker - For to-dos, routines & goals	5	2017-09-25	amount_time	A	NA
886	3852184749	app	86. Today Habit tracker - For to-dos, routines & goals	5	2019-03-07	amount_time	A	NA
887	1509544281	app	86. Today Habit tracker - For to-dos, routines & goals	5	2016-12-26	amount_time	A	+TOTAL
888	1355439617	app	86. Today Habit tracker - For to-dos, routines & goals	4	2016-03-29	amount_time	A	+DAYVAL
889	13800362190	app	89. Check Calendar - Habit Tracker - Check your habit calendar!	5	2026-03-01	amount_time	A	-WRONG,=TOTAL
890	8b7be536-f14b-414f-9394-547d848613da	play	9. Habit Tracker - HabitKit	4	2026-05-18	amount_time	A	NA
891	c6ecf22f-4006-4713-89ef-c97f8bfa4826	play	9. Habit Tracker - HabitKit	4	2024-11-18	amount_time	A	?DAYVAL,?PART
892	102367eb-cb68-4f4b-bfe8-058689c901e1	play	9. Habit Tracker - HabitKit	4	2026-01-09	amount_time	A	?TOTAL
893	b26cb1b2-b9bb-4594-8c2d-3935e63f34da	play	94. Pixel Habit Tracker	5	2026-08-13	amount_time	A	?LEFT
894	e77132c7-7a45-4785-aeb8-dd8bc74bab74	play	98. Rabit - Habit Tracker & Planner	2	2021-03-21	amount_time	A	?TIMES
895	10587217586	app	1. Habit Tracker - Goal Tracker & ADHD Planner	3	2023-11-15	checklist	B	NA
896	13398540036	app	1. Habit Tracker - Goal Tracker & ADHD Planner	5	2025-11-14	checklist	B	NA
897	14014469410	app	10. Finch - Self-Care Pet - Daily Journal & Habit Tracker	5	2026-05-01	checklist	B	NA
898	10672508832	app	10. Finch - Self-Care Pet - Daily Journal & Habit Tracker	5	2023-12-09	checklist	B	NA
899	13386212582	app	10. Finch - Self-Care Pet - Daily Journal & Habit Tracker	5	2025-11-11	checklist	B	NA
900	14138981817	app	10. Finch - Self-Care Pet - Daily Journal & Habit Tracker	5	2026-06-03	checklist	B	NA
901	12486596971	app	10. Finch - Self-Care Pet - Daily Journal & Habit Tracker	5	2025-03-31	checklist	B	NA
902	11560353990	app	10. Finch - Self-Care Pet - Daily Journal & Habit Tracker	5	2024-08-01	checklist	B	NA
903	8803394534	app	10. Finch - Self-Care Pet - Daily Journal & Habit Tracker	5	2022-06-23	checklist	B	NA
904	75fea715-7eb4-4acd-ae98-70382104eece	play	105. Avocation Goal & Habit Tracker	4	2020-07-28	checklist	B	?STEPS,?TOTAL
905	734ef523-d594-4655-9008-f75754c81bcb	play	106. Habit Tracker n Pets - HabitYou	5	2021-01-31	checklist	B	NA
906	6017b9d1-dbbd-4b7c-bbc6-0e542ef643ec	play	11. Dear Me - Daily Routine Tracker	1	2025-03-17	checklist	B	NA
907	c71da51a-46ad-42bb-b979-054618ccf848	play	117. Tiimo - Daily To Do List	3	2026-09-06	checklist	B	NA
908	f0f90762-a3e8-423a-85d9-b2eb1f3c2d15	play	117. Tiimo - Daily To Do List	3	2026-05-31	checklist	B	NA
909	d42ce003-6bd9-41fe-9ac2-e350757b16ed	play	12. Fabulous Daily Routine Planner	5	2023-12-20	checklist	B	NA
910	9d513171-2b5d-403b-9ba5-8511f0fafeea	play	12. Fabulous Daily Routine Planner	5	2022-03-27	checklist	B	NA
911	fdf51eaf-2de9-4b3f-a8fa-c30d4efdea9a	play	12. Fabulous Daily Routine Planner	4	2022-03-25	checklist	B	-WRONG
912	abafb634-ff35-40b5-89b9-50e6e890c50b	play	12. Fabulous Daily Routine Planner	5	2021-01-06	checklist	B	NA
913	5788356641	app	13. Productive - Habit Tracker - Daily Routine & Goals Planner	3	2020-04-10	checklist	A	?OVER
914	11056783101	app	13. Productive - Habit Tracker - Daily Routine & Goals Planner	4	2024-03-18	checklist	B	NA
915	9136846595	app	13. Productive - Habit Tracker - Daily Routine & Goals Planner	4	2022-09-30	checklist	B	-CLUTTER
916	5598428308	app	13. Productive - Habit Tracker - Daily Routine & Goals Planner	3	2020-02-29	checklist	B	NA
917	4220634537	app	13. Productive - Habit Tracker - Daily Routine & Goals Planner	5	2019-05-27	checklist	B	+TOTAL
918	3356123757	app	13. Productive - Habit Tracker - Daily Routine & Goals Planner	2	2018-10-29	checklist	B	NA
919	1592749996	app	13. Productive - Habit Tracker - Daily Routine & Goals Planner	5	2017-04-19	checklist	B	NA
920	edce1b20-bbf9-454a-b05a-43ce774658f2	play	15. Habit Tracker - HabitGenius	5	2026-04-01	checklist	B	NA
921	0248ff1a-ac6d-4201-9479-e485d1f2885d	play	15. Habit Tracker - HabitGenius	5	2025-01-23	checklist	B	NA
922	67bf8f79-4802-4ef9-b22a-36fd92de11af	play	2. HabitNow Daily Routine Planner	4	2026-01-30	checklist	A	?STEPS
923	56e28d8f-cc22-4ca1-b259-12f5eefbdb46	play	2. HabitNow Daily Routine Planner	4	2026-07-06	checklist	A	?STEPS
924	aa0d4e95-a16f-4ad7-bbf4-5e32e81a05f7	play	2. HabitNow Daily Routine Planner	5	2025-01-13	checklist	A	?PART,?STEPS
925	78abeae1-3ea1-4644-98a0-502773208dda	play	2. HabitNow Daily Routine Planner	5	2024-09-18	checklist	A	?PART
926	85ce3bb1-6cc2-4817-9afa-a9e0b8355830	play	2. HabitNow Daily Routine Planner	5	2024-08-03	checklist	A	?STEPS
927	123e40b9-9af1-470d-a5a0-2c7ccccc821f	play	2. HabitNow Daily Routine Planner	4	2024-07-09	checklist	A	?STEPS
928	65a789b1-0a30-42c2-b42e-ec7356bf95f1	play	2. HabitNow Daily Routine Planner	5	2024-02-26	checklist	A	?STEPS
929	ce926ce8-f93b-498e-a9ed-31ebea20b3fe	play	2. HabitNow Daily Routine Planner	4	2024-01-26	checklist	A	-WRONG,?STEPS
930	68a14829-3fa7-448d-b360-632284f2f182	play	2. HabitNow Daily Routine Planner	5	2023-01-18	checklist	A	?PERIOD,?STEPS
931	1e6345c8-46d8-466e-8a23-cfab2bd28a66	play	2. HabitNow Daily Routine Planner	4	2022-11-20	checklist	A	?PART
932	aa33bc95-fcc1-4934-920b-799c97538ed6	play	2. HabitNow Daily Routine Planner	4	2025-11-20	checklist	A	?STEPS
933	8bbd2d7d-efd3-47ac-bc9a-3a335c67cb67	play	2. HabitNow Daily Routine Planner	3	2020-05-20	checklist	B	?PART
934	8d51294e-3793-4d15-9d98-528f01d40233	play	2. HabitNow Daily Routine Planner	4	2026-06-02	checklist	B	NA
935	e1eb0dac-8c9d-4ee9-a5c3-7444384f35ea	play	2. HabitNow Daily Routine Planner	4	2025-07-10	checklist	B	NA
936	992cba06-e3eb-45bc-a4b8-2921a16b863d	play	2. HabitNow Daily Routine Planner	1	2025-04-30	checklist	B	NA
937	a7860dd2-56c3-4f5f-aa14-ee24a4e9e159	play	2. HabitNow Daily Routine Planner	5	2025-02-06	checklist	B	NA
938	da37ba3d-09c8-4516-a18d-22c411388966	play	2. HabitNow Daily Routine Planner	5	2024-06-24	checklist	B	NA
939	000a6259-bfa4-4d2d-8557-2e5ae48201e8	play	2. HabitNow Daily Routine Planner	5	2024-01-30	checklist	B	?PART
940	28a2e073-54f2-4fab-bbf3-210759452778	play	2. HabitNow Daily Routine Planner	5	2023-12-28	checklist	B	NA
941	78b319fd-f775-4105-a6c6-2e971a7fc795	play	2. HabitNow Daily Routine Planner	5	2023-11-22	checklist	B	NA
942	e33c8473-3e07-4ed6-9fe1-dfe52dcec223	play	2. HabitNow Daily Routine Planner	4	2023-08-23	checklist	B	NA
943	b44b7949-e822-4522-bfcc-4a497cf78649	play	2. HabitNow Daily Routine Planner	3	2022-02-28	checklist	B	NA
944	b32c9496-693b-4bef-b058-97cd4d31e9ee	play	2. HabitNow Daily Routine Planner	4	2022-02-28	checklist	B	NA
945	2e778c7e-e437-4337-86b1-42d348e69b77	play	2. HabitNow Daily Routine Planner	5	2021-10-24	checklist	B	?OVER
946	a2096426-8ae0-489d-8dd1-2d186705ea9f	play	2. HabitNow Daily Routine Planner	5	2021-10-23	checklist	B	?NOTES
947	69d5ea69-e2cc-4fae-a2ca-806c75601e65	play	2. HabitNow Daily Routine Planner	5	2021-03-04	checklist	B	NA
948	d8c67ea7-01f6-4ed1-be94-4cca2621ee0b	play	2. HabitNow Daily Routine Planner	3	2019-08-18	checklist	B	?PART
949	ae353c88-bff4-4bae-81f2-5b83ced47cb7	play	2. HabitNow Daily Routine Planner	4	2024-08-17	checklist	B	?SKIP,?STEPS
950	d29f87d5-d695-4c2a-9d58-3a0d79273930	play	2. HabitNow Daily Routine Planner	5	2023-10-19	checklist	B	NA
951	295970ec-bb73-4d57-ae11-e72a476bf734	play	2. HabitNow Daily Routine Planner	5	2023-08-18	checklist	B	NA
952	11243132812	app	23. Streaks - The habit-forming to-do list	1	2024-05-07	checklist	B	NA
953	10645505684	app	24. Fabulous - Daily Habit Tracker - Morning Routines & ADHD Help	1	2023-12-01	checklist	B	NA
954	7053928762	app	24. Fabulous - Daily Habit Tracker - Morning Routines & ADHD Help	1	2021-03-01	checklist	B	NA
955	13815368119	app	24. Fabulous - Daily Habit Tracker - Morning Routines & ADHD Help	1	2026-03-05	checklist	B	NA
956	4365341682	app	24. Fabulous - Daily Habit Tracker - Morning Routines & ADHD Help	1	2019-06-24	checklist	B	NA
957	14018348437	app	24. Fabulous - Daily Habit Tracker - Morning Routines & ADHD Help	1	2026-05-02	checklist	B	?STEPS
958	13512444114	app	24. Fabulous - Daily Habit Tracker - Morning Routines & ADHD Help	3	2025-12-14	checklist	B	NA
959	8522973456	app	24. Fabulous - Daily Habit Tracker - Morning Routines & ADHD Help	5	2022-04-02	checklist	B	NA
960	7358110746	app	24. Fabulous - Daily Habit Tracker - Morning Routines & ADHD Help	5	2021-05-18	checklist	B	NA
961	7267687611	app	24. Fabulous - Daily Habit Tracker - Morning Routines & ADHD Help	1	2021-04-26	checklist	B	NA
962	5718952459	app	24. Fabulous - Daily Habit Tracker - Morning Routines & ADHD Help	4	2020-03-27	checklist	B	NA
963	a949042c-39f0-4a2e-b460-311f9d9ea910	play	24. Habit Tracker	1	2022-01-03	checklist	B	NA
964	06c18d18-6d09-416d-9193-b823d8a8940a	play	24. Habit Tracker	4	2019-03-24	checklist	B	NA
965	f8de881f-fcf8-4320-8eeb-ee11631c97c3	play	24. Habit Tracker	5	2014-12-03	checklist	B	NA
966	9879336314	app	26. Eden - Daily Routine Planner - Self care habit tracker, to do	3	2023-05-01	checklist	B	NA
967	10839728215	app	28. Habit Rabbit - Habit Tracker - Your productivity pet	5	2024-01-19	checklist	B	NA
968	d03f698f-6a99-4f60-aafb-84072a4741c3	play	3. Loop Habit Tracker	5	2019-01-28	checklist	A	NA
969	f93e4d55-9569-49fc-85a4-a468d53cb32d	play	3. Loop Habit Tracker	5	2025-07-31	checklist	A	?STEPS
970	b4317119-5c0e-408d-9ca6-f38f65a82a51	play	3. Loop Habit Tracker	4	2024-07-07	checklist	A	?DAYVAL
971	67520938-b13d-4b02-98de-3cc18b3df7f2	play	3. Loop Habit Tracker	5	2019-11-06	checklist	A	?STEPS
972	94b175e1-8673-4f40-ac82-c6a15e59111a	play	3. Loop Habit Tracker	5	2024-05-27	checklist	B	NA
973	bce507bd-c667-4eae-888f-513a361aa67c	play	3. Loop Habit Tracker	4	2020-07-29	checklist	B	-WRONG
974	ec9f7259-7d89-4899-9235-9094f49b3e08	play	3. Loop Habit Tracker	5	2019-01-15	checklist	B	NA
975	bb487ad0-b1a5-4c4a-a0ff-02ca63668908	play	3. Loop Habit Tracker	5	2018-03-16	checklist	B	NA
976	9616f42f-3d24-4392-b7bf-360063f5d8d8	play	3. Loop Habit Tracker	5	2017-10-18	checklist	B	NA
977	8322360433	app	31. Do Habits - Get It Done - Daily Routine & Goal Planner	5	2022-02-05	checklist	A	?NOTDUE
978	6954839639	app	31. Do Habits - Get It Done - Daily Routine & Goal Planner	2	2021-02-05	checklist	B	NA
979	b16c29e4-4e66-41cb-a0bf-5e1456e359b4	play	32. Daily Habits - AI Habit Tracker	5	2024-01-01	checklist	B	NA
980	87972185-1571-4e0d-9264-fb3e63fe7ccf	play	33. Productive - Habit tracker	1	2021-02-03	checklist	B	NA
981	d1daabf9-8d91-4f27-a530-75900de4d4f0	play	4. Me+ Lifestyle Routine	2	2024-01-18	checklist	A	-PART
982	02c58d76-f82a-4b3c-a193-af7eac9c71a6	play	4. Me+ Lifestyle Routine	5	2025-11-16	checklist	B	NA
983	c183c62b-a2d7-4e03-9626-6a323407c4b7	play	4. Me+ Lifestyle Routine	5	2025-04-09	checklist	B	NA
984	cd9a55b6-753c-459b-b423-d9b82434af85	play	4. Me+ Lifestyle Routine	3	2024-01-17	checklist	B	-PART
985	581e8604-e713-48c8-906c-0be6b8821d00	play	4. Me+ Lifestyle Routine	4	2023-11-15	checklist	B	?DAYS
986	09db994a-42ea-43ec-b34b-0f0088c5332c	play	4. Me+ Lifestyle Routine	2	2023-11-05	checklist	B	NA
987	d0404264-914f-4659-8a29-2e0bcb3864f1	play	4. Me+ Lifestyle Routine	1	2023-08-27	checklist	B	NA
988	f12e8e8d-d23c-4280-8d99-5e2e1bfdb681	play	4. Me+ Lifestyle Routine	2	2024-06-05	checklist	B	NA
989	fdeecf31-e155-4bef-af65-0b11b92f1045	play	4. Me+ Lifestyle Routine	2	2024-01-07	checklist	B	NA
990	10905831477	app	4. Me+ Lifestyle Routine - Daily Planner & Habit Tracker	3	2024-02-05	checklist	A	-STREAK,-TOTAL
991	11616405513	app	4. Me+ Lifestyle Routine - Daily Planner & Habit Tracker	3	2024-08-16	checklist	B	NA
992	13044206297	app	4. Me+ Lifestyle Routine - Daily Planner & Habit Tracker	3	2025-08-21	checklist	B	NA
993	12133046296	app	4. Me+ Lifestyle Routine - Daily Planner & Habit Tracker	5	2025-01-01	checklist	B	NA
994	11927875978	app	4. Me+ Lifestyle Routine - Daily Planner & Habit Tracker	3	2024-11-08	checklist	B	NA
995	10763728134	app	4. Me+ Lifestyle Routine - Daily Planner & Habit Tracker	2	2023-12-30	checklist	B	-PART
996	9732310318	app	4. Me+ Lifestyle Routine - Daily Planner & Habit Tracker	1	2023-03-20	checklist	B	NA
997	1522226211	app	43. Habit Hub - Routine Tracker - Daily Todo, Goals & Schedule	4	2017-01-14	checklist	B	NA
998	6b31fe24-5e5e-45ee-8f14-41054366f9ee	play	44. Habit Tracker - TickOff	5	2026-06-24	checklist	A	?PART,?STEPS
999	cf8d9173-f1e6-404e-afad-60e46c5669b3	play	44. Habit Tracker - TickOff	1	2026-06-10	checklist	B	NA
1000	6a2eee36-7dca-489f-9436-de5db41ffa6c	play	45. PlanMe - Daily Routine Planner	2	2024-03-01	checklist	B	?STEPS
1001	12820397000	app	49. Life Reset - 66 Day Habit - Gamified Habit Tracker	2	2025-06-26	checklist	B	NA
1002	12488374198	app	49. Life Reset - 66 Day Habit - Gamified Habit Tracker	4	2025-03-31	checklist	B	NA
1003	77e52808-068e-48db-8243-0f434e7df60b	play	49. RoutineFlow - Routine for ADHD	4	2023-12-01	checklist	A	+AVG
1004	fb921ce5-b206-434b-a1be-c5e894efdc82	play	5. Routine Planner, Habit Tracker	4	2022-01-19	checklist	B	NA
1005	12293195916	app	5. Routine Planner, Habit Tracker - Daily Time Management for ADHD	4	2025-02-10	checklist	B	NA
1006	49683f6b-667f-4f34-bf7f-b319764fbf5b	play	61. Hizo - Habit Tracker & Todo	5	2025-08-26	checklist	B	NA
1007	33c2d0c6-94d2-4ee2-a565-bf1507436c1f	play	65. Goal & Habit Tracker Calendar	5	2019-12-05	checklist	B	NA
1008	1a549a8c-bd97-4e8a-97e4-1decad8f1926	play	65. Goal & Habit Tracker Calendar	5	2017-08-30	checklist	B	NA
1009	12504162864	app	7. Habit Tracker - HabitKit - Streaks & Accountability	5	2025-04-04	checklist	B	NA
1010	5941794930	app	76. Way of Life - Habit Tracker - Build a better, stronger you	5	2020-05-13	checklist	B	NA
1011	abdd6331-a60f-4e12-9d61-67ae88961534	play	8. Habitica - Gamify Your Tasks	3	2017-03-06	checklist	A	?PART,?STEPS
1012	0209cfed-1cc5-4b13-8486-8bfb8951b5fc	play	8. Habitica - Gamify Your Tasks	5	2026-09-03	checklist	B	?PART
1013	09b1c2a3-bb44-463a-9f2e-fbc2be8e2dbc	play	8. Habitica - Gamify Your Tasks	5	2024-02-28	checklist	B	?DAYS
1014	9ca86871-1cad-42e2-b39e-161809ac6d72	play	8. Habitica - Gamify Your Tasks	5	2017-05-23	checklist	B	NA
1015	3a93062a-d526-46d0-b489-05f7e356c687	play	8. Habitica - Gamify Your Tasks	3	2022-08-13	checklist	B	NA
1016	a0203228-f877-4463-b4e7-8b722a0984f3	play	8. Habitica - Gamify Your Tasks	4	2023-04-09	checklist	B	NA
1017	5778957971	app	85. Habitica - Gamified Taskmanager - Stay motivated and organized	1	2020-04-08	checklist	B	NA
1018	7191087650	app	85. Habitica - Gamified Taskmanager - Stay motivated and organized	2	2021-04-06	checklist	B	NA
1019	11818976750	app	85. Habitica - Gamified Taskmanager - Stay motivated and organized	3	2024-10-10	checklist	B	NA
1020	8490459007	app	85. Habitica - Gamified Taskmanager - Stay motivated and organized	3	2022-03-24	checklist	B	NA
1021	95d05b79-8411-4f5d-8fe8-b0bfcce68a4a	play	86. Miracle Morning Routine	3	2022-01-03	checklist	B	NA
1022	f14073de-d893-45eb-b421-208f83c08391	play	87. Micro Habits - Self-Improvement	2	2024-08-29	checklist	B	NA
1023	12663050322	app	9. Dear Me - Daily Routine Tracker - Self Care & ADHD Habit Planner	2	2025-05-16	checklist	B	NA
1024	c0c57a1d-42e5-4a4b-b61b-f40033f8c488	play	9. Habit Tracker - HabitKit	5	2025-02-10	checklist	B	?STEPS
1025	9d14dfe9-c4fa-45c0-b96b-20a579974b18	play	1. Habit Builder	3	2023-01-08	weekly_goal	A	NA
1026	1609ed02-182b-45d4-801e-0edf54b6a303	play	1. Habit Builder	4	2026-03-03	weekly_goal	A	-NOTDUE
1027	7081813364	app	1. Habit Tracker - Goal Tracker & ADHD Planner	4	2021-03-09	weekly_goal	A	-WRONG,=PERIOD
1028	10411467361	app	1. Habit Tracker - Goal Tracker & ADHD Planner	5	2023-09-27	weekly_goal	A	NA
1029	6289490858	app	1. Habit Tracker - Goal Tracker & ADHD Planner	3	2020-08-07	weekly_goal	A	-WRONG,=PERIOD
1030	8342186028	app	1. Habit Tracker - Goal Tracker & ADHD Planner	3	2022-02-11	weekly_goal	A	-WRONG,=SKIP
1031	12025704546	app	1. Habit Tracker - Goal Tracker & ADHD Planner	4	2024-12-04	weekly_goal	A	?PERIOD
1032	10106331870	app	1. Habit Tracker - Goal Tracker & ADHD Planner	5	2023-07-05	weekly_goal	A	?SKIP
1033	8677996819	app	1. Habit Tracker - Goal Tracker & ADHD Planner	5	2022-05-16	weekly_goal	A	?PSTREAK,?TOTAL
1034	14169481190	app	1. Habit Tracker - Goal Tracker & ADHD Planner	5	2026-06-11	weekly_goal	A	?OVER
1035	12135715610	app	1. Habit Tracker - Goal Tracker & ADHD Planner	5	2025-01-02	weekly_goal	A	-WRONG,=PERIOD
1036	10783499005	app	1. Habit Tracker - Goal Tracker & ADHD Planner	4	2024-01-04	weekly_goal	A	-NOTDUE
1037	6779182833	app	1. Habit Tracker - Goal Tracker & ADHD Planner	5	2020-12-21	weekly_goal	A	-NOTDUE
1038	11383854158	app	1. Habit Tracker - Goal Tracker & ADHD Planner	1	2024-06-15	weekly_goal	A	-WRONG,=PERIOD
1039	10003790281	app	1. Habit Tracker - Goal Tracker & ADHD Planner	5	2023-06-06	weekly_goal	A	?SKIP
1040	9609224608	app	1. Habit Tracker - Goal Tracker & ADHD Planner	5	2023-02-12	weekly_goal	A	-PERIOD,?DAYVAL
1041	12512793253	app	1. Habit Tracker - Goal Tracker & ADHD Planner	4	2025-04-07	weekly_goal	A	-SKIP
1042	13899857744	app	1. Habit Tracker - Goal Tracker & ADHD Planner	4	2026-03-29	weekly_goal	A	?PERIOD
1043	11163941293	app	1. Habit Tracker - Goal Tracker & ADHD Planner	3	2024-04-16	weekly_goal	A	-SKIP,?TOTAL
1044	9496045343	app	1. Habit Tracker - Goal Tracker & ADHD Planner	4	2023-01-11	weekly_goal	A	?OVER
1045	6541706829	app	1. Habit Tracker - Goal Tracker & ADHD Planner	2	2020-10-16	weekly_goal	A	-PERIOD,?DAYVAL
1046	13592147865	app	1. Habit Tracker - Goal Tracker & ADHD Planner	5	2026-01-04	weekly_goal	B	+PERIOD
1047	11216713038	app	1. Habit Tracker - Goal Tracker & ADHD Planner	1	2024-04-30	weekly_goal	B	NA
1048	12722690362	app	1. Habit Tracker - Goal Tracker & ADHD Planner	5	2025-06-01	weekly_goal	B	?OVER,?PERIOD
1049	11658225021	app	1. Habit Tracker - Goal Tracker & ADHD Planner	5	2024-08-27	weekly_goal	B	+PERIOD
1050	10094826669	app	1. Habit Tracker - Goal Tracker & ADHD Planner	2	2023-07-02	weekly_goal	B	-WRONG,=PERIOD
1051	10989965386	app	1. Habit Tracker - Goal Tracker & ADHD Planner	5	2024-02-28	weekly_goal	B	+PERIOD
1052	11502774826	app	1. Habit Tracker - Goal Tracker & ADHD Planner	5	2024-07-17	weekly_goal	B	?LEFT,?PERIOD
1053	12221806840	app	1. Habit Tracker - Goal Tracker & ADHD Planner	2	2025-01-23	weekly_goal	B	NA
1054	13919097816	app	1. Habit Tracker - Goal Tracker & ADHD Planner	3	2026-04-03	weekly_goal	B	NA
1055	12903925742	app	1. Habit Tracker - Goal Tracker & ADHD Planner	2	2025-07-17	weekly_goal	B	NA
1056	11265157991	app	1. Habit Tracker - Goal Tracker & ADHD Planner	3	2024-05-14	weekly_goal	B	-WRONG,=STREAK
1057	9491514469	app	10. Finch - Self-Care Pet - Daily Journal & Habit Tracker	5	2023-01-10	weekly_goal	A	NA
1058	9446216788	app	10. Finch - Self-Care Pet - Daily Journal & Habit Tracker	5	2022-12-29	weekly_goal	A	NA
1059	14241117951	app	10. Finch - Self-Care Pet - Daily Journal & Habit Tracker	1	2026-06-29	weekly_goal	B	-PERIOD
1060	13060445516	app	10. Finch - Self-Care Pet - Daily Journal & Habit Tracker	4	2025-08-25	weekly_goal	B	?PERIOD
1061	ba6b1860-0991-4b2b-afa8-c071ed4422bc	play	10. Habit Tracker - Habit Diary	4	2022-08-15	weekly_goal	A	NA
1062	f0a04469-ff62-4a4a-9242-f028ad2f786e	play	10. Habit Tracker - Habit Diary	4	2023-08-04	weekly_goal	A	?PERIOD
1063	19d506f0-c6bb-4bf5-bf8c-cf5fccb59dcc	play	10. Habit Tracker - Habit Diary	4	2022-11-09	weekly_goal	A	-NOTDUE
1064	a66f9e8d-8694-4456-b02a-dd7b971fda57	play	101. Habit Tracker - HabitGrid	5	2026-06-29	weekly_goal	A	-NOTDUE
1065	911af8f5-d026-4f55-bfc1-b7052b05a56b	play	105. Avocation Goal & Habit Tracker	4	2022-04-28	weekly_goal	A	NA
1066	baad7b43-67f5-4856-9f41-858e02baa2fd	play	105. Avocation Goal & Habit Tracker	4	2021-03-25	weekly_goal	A	?PERIOD,?TOTAL
1067	38067595-443c-431f-a851-4bbd56a6608c	play	105. Avocation Goal & Habit Tracker	5	2020-06-12	weekly_goal	B	NA
1068	a110f4b2-2cb4-48a8-8355-e5352c7131cf	play	12. Fabulous Daily Routine Planner	3	2026-06-27	weekly_goal	A	NA
1069	2ac2b205-49ec-4aa4-8b52-b186d36256a1	play	12. Fabulous Daily Routine Planner	5	2023-08-06	weekly_goal	A	NA
1070	e29c96eb-33ed-4d96-9cf0-fcc8447e76e7	play	12. Fabulous Daily Routine Planner	1	2023-07-01	weekly_goal	A	NA
1071	8e23e75b-3c22-4f84-bc42-65bcf13488ac	play	12. Fabulous Daily Routine Planner	1	2023-04-15	weekly_goal	A	NA
1072	28198ea6-ec62-4073-88ad-49f7de7b3f23	play	12. Fabulous Daily Routine Planner	3	2022-07-14	weekly_goal	A	NA
1073	a5ca10ab-98b1-422a-9d3b-22f37d45e3be	play	12. Fabulous Daily Routine Planner	2	2021-02-20	weekly_goal	A	NA
1074	c3df0f5d-febc-4036-9fff-225fcd211a8d	play	12. Fabulous Daily Routine Planner	4	2019-06-12	weekly_goal	A	NA
1075	7024356155	app	13. Productive - Habit Tracker - Daily Routine & Goals Planner	3	2021-02-22	weekly_goal	A	-NOTDUE,-PERIOD
1076	3728600545	app	13. Productive - Habit Tracker - Daily Routine & Goals Planner	3	2019-02-03	weekly_goal	A	?OVER
1077	1342731992	app	13. Productive - Habit Tracker - Daily Routine & Goals Planner	2	2016-03-04	weekly_goal	A	?OVER
1078	5502163614	app	13. Productive - Habit Tracker - Daily Routine & Goals Planner	1	2020-02-08	weekly_goal	A	-WRONG,=PSTREAK
1079	5336849357	app	13. Productive - Habit Tracker - Daily Routine & Goals Planner	1	2019-12-30	weekly_goal	A	-WRONG,=PERIOD
1080	3171844571	app	13. Productive - Habit Tracker - Daily Routine & Goals Planner	4	2018-09-09	weekly_goal	A	?SKIP
1081	1323578741	app	13. Productive - Habit Tracker - Daily Routine & Goals Planner	2	2016-01-28	weekly_goal	A	-PERIOD
1082	5334259610	app	13. Productive - Habit Tracker - Daily Routine & Goals Planner	3	2019-12-29	weekly_goal	B	NA
1083	4807439316	app	13. Productive - Habit Tracker - Daily Routine & Goals Planner	1	2019-09-20	weekly_goal	B	NA
1084	9296762089	app	13. Productive - Habit Tracker - Daily Routine & Goals Planner	3	2022-11-16	weekly_goal	B	NA
1085	1950960297	app	13. Productive - Habit Tracker - Daily Routine & Goals Planner	1	2017-11-26	weekly_goal	B	NA
1086	5909868820	app	13. Productive - Habit Tracker - Daily Routine & Goals Planner	2	2020-05-06	weekly_goal	B	-PERIOD,-STREAK
1087	5124722372	app	13. Productive - Habit Tracker - Daily Routine & Goals Planner	3	2019-11-11	weekly_goal	B	-WRONG
1088	6018275635	app	13. Productive - Habit Tracker - Daily Routine & Goals Planner	2	2020-05-31	weekly_goal	B	-WRONG
1089	4275349920	app	13. Productive - Habit Tracker - Daily Routine & Goals Planner	3	2019-06-07	weekly_goal	B	NA
1090	1766784821	app	13. Productive - Habit Tracker - Daily Routine & Goals Planner	4	2017-09-01	weekly_goal	B	?SKIP
1091	e64177a6-6cca-4245-89a7-f0bc8b065e23	play	130. Way of Life - habit tracker	3	2017-09-14	weekly_goal	A	-WRONG
1092	11018442332	app	16. Atoms - from Atomic Habits - The official Atomic Habits app	4	2024-03-07	weekly_goal	B	NA
1093	dec1c619-2849-41b8-b566-f563cda9e2d0	play	18. Habit Tracker - Habit Radar	5	2025-12-15	weekly_goal	A	?PERIOD
1094	12327851126	app	18. MyRoutine - Organize your day - Built around your real life	5	2025-02-19	weekly_goal	A	?NOTDUE,?PERIOD
1095	6785727766	app	18. MyRoutine - Organize your day - Built around your real life	4	2020-12-23	weekly_goal	A	NA
1096	f2deb61a-8fac-4e83-b476-3dfb5b5293f8	play	2. HabitNow Daily Routine Planner	5	2026-01-25	weekly_goal	A	+PERIOD
1097	e807b438-d1d0-44b4-8a3a-9f2207d7d88e	play	2. HabitNow Daily Routine Planner	5	2025-06-14	weekly_goal	A	NA
1098	307f94ee-bd4d-4637-a208-9ccb6664b6e4	play	2. HabitNow Daily Routine Planner	5	2023-07-13	weekly_goal	A	?OVER
1099	3ba5e198-23f9-4ac7-aa3c-2a1286fb38b0	play	2. HabitNow Daily Routine Planner	4	2021-12-16	weekly_goal	A	?OVER
1100	89c0b669-9777-4cf7-b966-197ff68e259e	play	2. HabitNow Daily Routine Planner	4	2021-09-20	weekly_goal	A	+NOTDUE,+SKIP
1101	d644a385-c9fe-4ea3-872c-ee21f81de859	play	2. HabitNow Daily Routine Planner	4	2022-12-30	weekly_goal	A	-WRONG,?PERIOD
1102	7ad472e7-f7fa-4364-a70b-ce9f9aafc254	play	2. HabitNow Daily Routine Planner	5	2024-02-19	weekly_goal	B	+PERIOD,+TOTAL
1103	5120285c-2b0c-4a53-b59f-71389fc318f9	play	2. HabitNow Daily Routine Planner	5	2024-01-15	weekly_goal	B	+OVER,+SKIP
1104	65477e69-ac14-4914-a439-89939f65cb4a	play	2. HabitNow Daily Routine Planner	2	2022-09-20	weekly_goal	B	-WRONG,?PERIOD,?TOTAL
1105	5083167229	app	20. Habit — Daily Tracker - Crush your goals like a boss	5	2019-11-04	weekly_goal	A	-PERIOD,-WRONG
1106	4685770593	app	20. Habit — Daily Tracker - Crush your goals like a boss	4	2019-08-28	weekly_goal	A	-WRONG,?PERIOD
1107	3901732031	app	20. Habit — Daily Tracker - Crush your goals like a boss	4	2019-03-19	weekly_goal	A	-WRONG,?PERIOD
1108	10298454471	app	20. Habit — Daily Tracker - Crush your goals like a boss	4	2023-08-25	weekly_goal	A	-WRONG,?PERIOD
1109	6227159275	app	20. Habit — Daily Tracker - Crush your goals like a boss	1	2020-07-22	weekly_goal	A	?DAYS
1110	6817194319	app	20. Habit — Daily Tracker - Crush your goals like a boss	3	2021-01-01	weekly_goal	A	-PERIOD,-WRONG
1111	4690039855	app	20. Habit — Daily Tracker - Crush your goals like a boss	2	2019-08-29	weekly_goal	A	-WRONG
1112	5890950298	app	20. Habit — Daily Tracker - Crush your goals like a boss	5	2020-05-02	weekly_goal	A	-WRONG,?PERIOD
1113	4410162141	app	20. Habit — Daily Tracker - Crush your goals like a boss	5	2019-07-04	weekly_goal	A	-WRONG
1114	4244160061	app	20. Habit — Daily Tracker - Crush your goals like a boss	5	2019-06-01	weekly_goal	A	-WRONG
1115	4200099192	app	20. Habit — Daily Tracker - Crush your goals like a boss	5	2019-05-24	weekly_goal	A	-WRONG
1116	4152604780	app	20. Habit — Daily Tracker - Crush your goals like a boss	5	2019-05-15	weekly_goal	A	-WRONG
1117	7330745927	app	20. Habit — Daily Tracker - Crush your goals like a boss	4	2021-05-12	weekly_goal	A	-WRONG
1118	9054847515	app	20. Habit — Daily Tracker - Crush your goals like a boss	3	2022-09-05	weekly_goal	B	-WRONG
1119	5364934470	app	20. Habit — Daily Tracker - Crush your goals like a boss	4	2020-01-05	weekly_goal	B	-WRONG,?PERIOD
1120	6808231135	app	20. Habit — Daily Tracker - Crush your goals like a boss	4	2020-12-29	weekly_goal	B	?TOTAL
1121	4839534150	app	20. Habit — Daily Tracker - Crush your goals like a boss	3	2019-09-26	weekly_goal	B	-WRONG,?PERIOD
1122	3940095679	app	20. Habit — Daily Tracker - Crush your goals like a boss	4	2019-03-29	weekly_goal	B	NA
1123	5985102033	app	20. Habit — Daily Tracker - Crush your goals like a boss	3	2020-05-23	weekly_goal	B	-WRONG,?PERIOD
1124	5865009022	app	20. Habit — Daily Tracker - Crush your goals like a boss	3	2020-04-26	weekly_goal	B	-WRONG,?PERIOD
1125	5665898512	app	20. Habit — Daily Tracker - Crush your goals like a boss	3	2020-03-15	weekly_goal	B	NA
1126	5300977337	app	20. Habit — Daily Tracker - Crush your goals like a boss	5	2019-12-21	weekly_goal	B	NA
1127	4469518998	app	20. Habit — Daily Tracker - Crush your goals like a boss	4	2019-07-16	weekly_goal	B	-WRONG,?PERIOD
1128	4002933043	app	20. Habit — Daily Tracker - Crush your goals like a boss	3	2019-04-12	weekly_goal	B	?DAYVAL
1129	3989149597	app	20. Habit — Daily Tracker - Crush your goals like a boss	4	2019-04-09	weekly_goal	B	NA
1130	32dd3ad9-6bbe-4a26-bc26-28fe1e101f22	play	20. MyRoutine - Routine Habit Goal	5	2025-03-14	weekly_goal	A	?LEFT,?PERIOD
1131	3eb8b6f4-3278-4421-a83f-b5a424f0a04c	play	20. MyRoutine - Routine Habit Goal	5	2024-09-12	weekly_goal	A	?PERIOD
1132	13487231237	app	23. Streaks - The habit-forming to-do list	2	2025-12-07	weekly_goal	A	-CLUTTER
1133	8311226676	app	23. Streaks - The habit-forming to-do list	5	2022-02-02	weekly_goal	A	NA
1134	1764142379	app	23. Streaks - The habit-forming to-do list	5	2017-08-31	weekly_goal	A	NA
1135	9130197102	app	23. Streaks - The habit-forming to-do list	4	2022-09-28	weekly_goal	A	+PERIOD
1136	5928421818	app	23. Streaks - The habit-forming to-do list	4	2020-05-10	weekly_goal	A	-WRONG,=PERIOD
1137	6107839995	app	23. Streaks - The habit-forming to-do list	3	2020-06-22	weekly_goal	A	NA
1138	14137410764	app	23. Streaks - The habit-forming to-do list	2	2026-06-03	weekly_goal	A	-PERIOD,?DAYVAL
1139	14054701616	app	23. Streaks - The habit-forming to-do list	3	2026-05-12	weekly_goal	A	?DAYVAL,?PERIOD
1140	12551640529	app	23. Streaks - The habit-forming to-do list	3	2025-04-16	weekly_goal	A	NA
1141	8840891221	app	23. Streaks - The habit-forming to-do list	2	2022-07-04	weekly_goal	A	NA
1142	7081085174	app	23. Streaks - The habit-forming to-do list	5	2021-03-08	weekly_goal	A	+PERIOD,?DAYVAL
1143	10719343015	app	23. Streaks - The habit-forming to-do list	5	2023-12-19	weekly_goal	B	NA
1144	6463461053	app	23. Streaks - The habit-forming to-do list	4	2020-09-24	weekly_goal	B	?PERIOD
1145	1501407454	app	23. Streaks - The habit-forming to-do list	5	2016-12-14	weekly_goal	B	NA
1146	7303549788	app	24. Fabulous - Daily Habit Tracker - Morning Routines & ADHD Help	4	2021-05-06	weekly_goal	A	NA
1147	2200121886	app	24. Fabulous - Daily Habit Tracker - Morning Routines & ADHD Help	2	2018-02-12	weekly_goal	B	NA
1148	2062980039	app	24. Fabulous - Daily Habit Tracker - Morning Routines & ADHD Help	5	2018-01-06	weekly_goal	B	NA
1149	d8f9d827-31e4-4115-8e21-d8dc3ad9fb79	play	24. Habit Tracker	4	2021-04-08	weekly_goal	A	-PERIOD,-WRONG
1150	c4edd404-e58b-4ee2-a635-dd26bc8f0691	play	24. Habit Tracker	3	2019-11-02	weekly_goal	A	?SKIP
1151	b089d9d5-ad2a-4901-a6eb-b7ee592d920e	play	24. Habit Tracker	4	2016-05-20	weekly_goal	A	?PERIOD,?TOTAL
1152	5c7928a0-0397-4fc9-9ca1-83a1f557e0d6	play	24. Habit Tracker	4	2016-01-12	weekly_goal	A	-WRONG,?PERIOD
1153	e9aad552-cb36-4ea4-8265-d25372b0ca45	play	24. Habit Tracker	4	2018-08-08	weekly_goal	A	-CLUTTER,-PERIOD
1154	7170861a-4ae3-4536-9186-3854e48212da	play	24. Habit Tracker	4	2015-07-28	weekly_goal	B	NA
1155	26e63eb3-a504-4876-8231-57752fbd471b	play	24. Habit Tracker	3	2015-11-16	weekly_goal	B	NA
1156	074b9e99-2679-4d2b-acdb-23742c20ecbf	play	24. Habit Tracker	4	2017-02-08	weekly_goal	B	?LEFT,?NEXT,?PERIOD
1157	e522e28c-7bcc-4db8-9ca4-1c76d8c8db83	play	24. Habit Tracker	4	2020-05-20	weekly_goal	B	+PERIOD
1158	dbf59948-0c4b-49b3-ace8-42372bcdc4a3	play	24. Habit Tracker	4	2019-02-05	weekly_goal	B	-WRONG
1159	7475cba4-70a6-42f3-83c3-ba6eadcc251f	play	24. Habit Tracker	5	2017-08-09	weekly_goal	B	NA
1160	379fb360-6a79-46cf-87e1-44f27b4f335b	play	24. Habit Tracker	4	2015-09-01	weekly_goal	B	?PERIOD,?TOTAL
1161	bf9762f3-9484-463a-91d7-8dc0a4c6765c	play	24. Habit Tracker	1	2016-04-11	weekly_goal	B	?PERIOD
1162	11687820487	app	25. Grit - Daily Habit Tracker - Routines & Goals ADHD Planner	5	2024-09-04	weekly_goal	A	+PERIOD
1163	13785834428	app	25. Grit - Daily Habit Tracker - Routines & Goals ADHD Planner	4	2026-02-25	weekly_goal	A	?PERIOD
1164	11312965919	app	25. Grit - Daily Habit Tracker - Routines & Goals ADHD Planner	5	2024-05-27	weekly_goal	B	NA
1165	11435151688	app	26. Eden - Daily Routine Planner - Self care habit tracker, to do	2	2024-06-29	weekly_goal	A	-PART
1166	11058527816	app	26. Eden - Daily Routine Planner - Self care habit tracker, to do	4	2024-03-18	weekly_goal	A	NA
1167	12944050597	app	27. Goal Streak - Habit Tracker - Build a growth mindset, daily	5	2025-07-27	weekly_goal	A	NA
1168	11605088272	app	3. Days Since - Quit Habit Tracker - Sober Streak Day Counter	5	2024-08-13	weekly_goal	B	+DAYS
1169	f0dfd7f5-c816-4249-99f5-d2664c83c799	play	3. Loop Habit Tracker	4	2019-07-31	weekly_goal	A	?NEXT,?NOTDUE
1170	7a9cb862-ce5c-4308-9c9a-ef889f7d1b42	play	3. Loop Habit Tracker	5	2025-08-02	weekly_goal	A	-STREAK,-WRONG
1171	fda8cc4f-2517-4527-9cd9-fc0f1fce499c	play	3. Loop Habit Tracker	3	2019-09-24	weekly_goal	A	-WRONG
1172	39175be9-2ffc-4318-9244-c92acbaef1e9	play	3. Loop Habit Tracker	5	2026-09-03	weekly_goal	A	NA
1173	76fc3a7b-23e2-4e57-93c0-262c4233448b	play	3. Loop Habit Tracker	4	2025-12-04	weekly_goal	A	?LEFT,?PERIOD
1174	03537d34-72f7-4cc5-a8ee-a8319d8b8ad9	play	3. Loop Habit Tracker	5	2024-03-05	weekly_goal	A	+PERIOD
1175	1262947e-4cef-40b3-a5d5-2632776f8d97	play	3. Loop Habit Tracker	5	2023-07-29	weekly_goal	A	?NOTDUE
1176	2b4f32b3-6073-4523-91a6-a6c28fa05efc	play	3. Loop Habit Tracker	4	2022-08-05	weekly_goal	A	+STREAK,+WEEKDAY
1177	6091a1ec-d924-4f02-8fee-d12f7fd558d4	play	3. Loop Habit Tracker	5	2022-02-07	weekly_goal	A	-NOTDUE
1178	0024e688-4865-49df-890a-de0c271c0605	play	3. Loop Habit Tracker	5	2020-12-07	weekly_goal	A	NA
1179	90063b41-2d9e-44e5-9803-5d87f367c87b	play	3. Loop Habit Tracker	4	2020-08-18	weekly_goal	A	NA
1180	a599f0d4-9fa4-462e-bb81-d13181c814f4	play	3. Loop Habit Tracker	4	2020-05-04	weekly_goal	A	?NOTDUE
1181	187a7bcf-7713-43c8-91d6-445a6722166d	play	3. Loop Habit Tracker	4	2020-03-03	weekly_goal	A	?PERIOD
1182	e3d3e10f-8769-47d5-9d6d-4c2186af344a	play	3. Loop Habit Tracker	3	2019-08-23	weekly_goal	A	+WEEKDAY
1183	0c22f078-3f42-4f45-aff2-2cd3f43eb636	play	3. Loop Habit Tracker	4	2019-07-06	weekly_goal	A	-WRONG
1184	6150ecc0-babf-4eb0-93c8-ada663693c01	play	3. Loop Habit Tracker	4	2018-10-02	weekly_goal	A	-STREAK,-WRONG
1185	1cdee30f-b7ea-490e-aa86-c80ba1424018	play	3. Loop Habit Tracker	3	2018-08-21	weekly_goal	A	?PERIOD
1186	686259ad-b933-4faf-abdf-54aaecb86063	play	3. Loop Habit Tracker	3	2017-12-18	weekly_goal	A	NA
1187	d505cb19-88ad-4c8b-b6b6-db4262ba38ea	play	3. Loop Habit Tracker	5	2017-09-23	weekly_goal	A	-WRONG,?PERIOD
1188	6d74c4ef-9687-4b22-bff7-6cb213845021	play	3. Loop Habit Tracker	5	2017-08-24	weekly_goal	A	-WRONG
1189	d0675d6e-5b74-4a2e-9048-05fcdf19a93e	play	3. Loop Habit Tracker	5	2023-05-01	weekly_goal	A	-WRONG,?NOTDUE
1190	98dba346-9cc6-4bd6-9f60-68a686ab588f	play	3. Loop Habit Tracker	5	2021-10-02	weekly_goal	A	?OVER
1191	4e861071-98c6-4ab7-b7fd-8c4208b4da7f	play	3. Loop Habit Tracker	5	2022-03-30	weekly_goal	A	NA
1192	4aee33c7-3a16-49ec-b6fb-b1db61dd6720	play	3. Loop Habit Tracker	1	2021-10-22	weekly_goal	A	NA
1193	b5f5a013-c39f-45ec-9b07-8b119ea85927	play	3. Loop Habit Tracker	5	2020-10-28	weekly_goal	A	NA
1194	994183bb-2c00-4ee9-a5bd-218ecf612949	play	3. Loop Habit Tracker	3	2019-09-01	weekly_goal	A	-WRONG,?PERIOD
1195	882a2fc3-ae56-4eea-b5a4-5fa77138f67a	play	3. Loop Habit Tracker	4	2018-08-01	weekly_goal	A	-WRONG,?PERIOD
1196	cbe27a1a-e6d5-40a2-b722-3f049f562533	play	3. Loop Habit Tracker	1	2016-09-23	weekly_goal	A	-WRONG
1197	59550cd2-6096-463b-b66f-13c9165cf038	play	3. Loop Habit Tracker	4	2025-03-17	weekly_goal	A	?LEFT,?PERIOD
1198	794a0640-bb16-431a-b14e-d6076edffa22	play	3. Loop Habit Tracker	1	2024-05-08	weekly_goal	A	NA
1199	fc775579-8025-407d-8df8-209c323ed9b0	play	3. Loop Habit Tracker	5	2021-02-27	weekly_goal	A	-NOTDUE
1200	496cfc8d-827b-4943-ad95-29bd4b69087c	play	3. Loop Habit Tracker	4	2018-01-17	weekly_goal	A	NA
1201	6380784c-4af1-4e0e-8531-f413e81c7818	play	3. Loop Habit Tracker	5	2020-04-08	weekly_goal	A	-STREAK,-WRONG
1202	60c5830c-7802-45c6-b69b-98a89442bfcb	play	3. Loop Habit Tracker	5	2023-09-27	weekly_goal	B	-WRONG,?PERIOD
1203	b39045ca-8862-444e-aeb2-530acee75acd	play	3. Loop Habit Tracker	5	2017-10-31	weekly_goal	B	NA
1204	e7638414-12d2-4b8d-9fbd-50e1152b0185	play	3. Loop Habit Tracker	3	2024-12-24	weekly_goal	B	NA
1205	94382aab-04e0-4099-b5c1-c7b041dba1ab	play	3. Loop Habit Tracker	5	2024-12-13	weekly_goal	B	NA
1206	2aa6b683-3c90-484c-8312-5e8f296c5a43	play	3. Loop Habit Tracker	4	2024-03-28	weekly_goal	B	?DAYVAL,?PERIOD
1207	02d96f42-ce7d-4ef7-b987-1475e929af77	play	3. Loop Habit Tracker	5	2022-06-14	weekly_goal	B	+PERIOD
1208	67925ed7-9fe3-4008-bdc3-d634683fe0a8	play	3. Loop Habit Tracker	5	2022-02-24	weekly_goal	B	+DAYVAL
1209	381fa839-d325-433b-87e7-40b405029b8f	play	3. Loop Habit Tracker	4	2022-01-20	weekly_goal	B	-WRONG,?PERIOD
1210	a1336363-a691-4210-9837-bddbaf4f0fe0	play	3. Loop Habit Tracker	2	2021-11-18	weekly_goal	B	-WRONG,?PERIOD
1211	7d1f9426-282e-435a-9734-14ab8e28449a	play	3. Loop Habit Tracker	5	2020-07-10	weekly_goal	B	+PERIOD,+WEEKDAY
1212	0320a5f1-4b55-4b8b-8374-97c4cc8c3ce5	play	3. Loop Habit Tracker	3	2020-02-15	weekly_goal	B	-WRONG,?PERIOD
1213	00fdec88-b1de-4ec7-9ec5-f57aa8e1e399	play	3. Loop Habit Tracker	3	2020-02-10	weekly_goal	B	-WRONG,?PERIOD
1214	6027cefe-5845-4cee-b703-affcc7baee73	play	3. Loop Habit Tracker	5	2019-07-19	weekly_goal	B	+PERIOD
1215	a281b8aa-0e21-44c9-9000-484dcd4ca166	play	3. Loop Habit Tracker	4	2019-02-20	weekly_goal	B	?PERIOD
1216	6d025c22-c0fa-44ec-b851-6700c9a3e9b6	play	3. Loop Habit Tracker	5	2018-05-26	weekly_goal	B	-WRONG
1217	b87f43d8-39ae-48c5-9a18-62e91ba8b9dc	play	3. Loop Habit Tracker	5	2018-01-11	weekly_goal	B	+PERIOD
1218	df6ecbc8-d4f1-4c27-8e2e-d0bbe22e47e0	play	3. Loop Habit Tracker	2	2016-10-19	weekly_goal	B	-WRONG,?PERIOD
1219	1615635479	app	31. Do Habits - Get It Done - Daily Routine & Goal Planner	3	2017-05-16	weekly_goal	A	-WRONG
1220	10839216758	app	31. Do Habits - Get It Done - Daily Routine & Goal Planner	4	2024-01-19	weekly_goal	A	?PERIOD
1221	7462593752	app	31. Do Habits - Get It Done - Daily Routine & Goal Planner	4	2021-06-14	weekly_goal	A	?PERIOD,?TOTAL
1222	12583934039	app	31. Do Habits - Get It Done - Daily Routine & Goal Planner	4	2025-04-25	weekly_goal	B	-CLUTTER
1223	6747810911	app	31. Do Habits - Get It Done - Daily Routine & Goal Planner	5	2020-12-13	weekly_goal	B	+PERIOD
1224	9821919858	app	31. Do Habits - Get It Done - Daily Routine & Goal Planner	2	2023-04-14	weekly_goal	B	-WRONG,=PERIOD
1225	9485981026	app	31. Do Habits - Get It Done - Daily Routine & Goal Planner	1	2023-01-08	weekly_goal	B	NA
1226	11030718864	app	31. Do Habits - Get It Done - Daily Routine & Goal Planner	5	2024-03-10	weekly_goal	B	+PERIOD,+TOTAL
1227	5362493092	app	31. Do Habits - Get It Done - Daily Routine & Goal Planner	5	2020-01-05	weekly_goal	B	NA
1228	3568324524	app	33. Habitify - Habit Tracker - Daily Goals, Routine & Streaks	3	2018-12-24	weekly_goal	A	?OVER
1229	3621969230	app	33. Habitify - Habit Tracker - Daily Goals, Routine & Streaks	3	2019-01-07	weekly_goal	A	-WRONG,?TOTAL
1230	7386841861	app	33. Habitify - Habit Tracker - Daily Goals, Routine & Streaks	4	2021-05-25	weekly_goal	A	?PERIOD
1231	13253185208	app	33. Habitify - Habit Tracker - Daily Goals, Routine & Streaks	5	2025-10-11	weekly_goal	A	?NOTDUE
1232	13291400972	app	33. Habitify - Habit Tracker - Daily Goals, Routine & Streaks	3	2025-10-20	weekly_goal	A	?SKIP,?TOTAL
1233	6379245285	app	33. Habitify - Habit Tracker - Daily Goals, Routine & Streaks	1	2020-08-31	weekly_goal	A	-PSTREAK
1234	2136537133	app	33. Habitify - Habit Tracker - Daily Goals, Routine & Streaks	4	2018-01-28	weekly_goal	A	?OVER
1235	6461110648	app	33. Habitify - Habit Tracker - Daily Goals, Routine & Streaks	2	2020-09-23	weekly_goal	B	NA
1236	3116626877	app	33. Habitify - Habit Tracker - Daily Goals, Routine & Streaks	4	2018-08-26	weekly_goal	B	NA
1237	a4e63604-2134-41c3-9c2e-6f8ff9dddd7f	play	36. Fun Habit - Habit Tracker	5	2023-01-04	weekly_goal	A	NA
1238	23956f6e-89df-4eda-8e4f-348e7fccd40c	play	36. Fun Habit - Habit Tracker	5	2022-07-20	weekly_goal	B	?DAYVAL
1239	d0b06856-5dfc-4120-baa9-bb0a4dcf32f4	play	36. Fun Habit - Habit Tracker	5	2020-11-14	weekly_goal	B	?PERIOD
1240	235cbc77-fd20-48e6-9b52-744fd725dd5e	play	37. Habitify - Habit Tracker	3	2024-08-19	weekly_goal	A	?OVER
1241	9cefa7ff-ffe4-4c38-9770-b94a81d07329	play	37. Habitify - Habit Tracker	2	2024-02-04	weekly_goal	A	-NOTDUE,-STREAK,-WRONG
1242	64f97e60-e5a1-4872-8053-d307bcf2fc14	play	37. Habitify - Habit Tracker	1	2024-02-09	weekly_goal	B	-PSTREAK
1243	149c3d47-5015-4ef1-a5d5-ba4c151f71a1	play	4. Me+ Lifestyle Routine	1	2023-11-06	weekly_goal	A	?TOTAL
1244	ae0e956a-55cf-4ae9-a8d9-e27d7279318a	play	4. Me+ Lifestyle Routine	5	2025-02-16	weekly_goal	A	NA
1245	10802194978	app	4. Me+ Lifestyle Routine - Daily Planner & Habit Tracker	4	2024-01-09	weekly_goal	A	NA
1246	12188839568	app	41. Awesome Habits - Habit Tracker - Streaks, days since & goals	5	2025-01-15	weekly_goal	A	NA
1247	12153222646	app	41. Awesome Habits - Habit Tracker - Streaks, days since & goals	4	2025-01-06	weekly_goal	B	-WRONG
1248	12113172399	app	41. Awesome Habits - Habit Tracker - Streaks, days since & goals	4	2024-12-27	weekly_goal	B	?PERIOD
1249	6879060899	app	41. Awesome Habits - Habit Tracker - Streaks, days since & goals	5	2021-01-17	weekly_goal	B	+PERIOD
1250	9673984947	app	42. Daily Habit & Routine Tracker - Goals planner. Productive days	3	2023-03-03	weekly_goal	A	-WRONG
1251	3c594fa4-c104-4327-91e0-11b0f79441c6	play	44. Habit Tracker - TickOff	3	2025-09-10	weekly_goal	A	?NOTDUE
1252	19cc6d59-acde-4f50-8566-0366da1443ce	play	44. Habit Tracker - TickOff	5	2025-07-23	weekly_goal	A	+PERIOD
1253	11806786855	app	46. everyday - Habit Tracker - Daily Routine Checklist	5	2024-10-07	weekly_goal	A	?TOTAL
1254	10653733837	app	46. everyday - Habit Tracker - Daily Routine Checklist	5	2023-12-03	weekly_goal	A	+PERIOD
1255	9126481477	app	47. Habit Streak Tracker - DotHabit - Daily Routine, Goals & Planner	5	2022-09-27	weekly_goal	A	+DAYS
1256	6888291481	app	47. Habit Streak Tracker - DotHabit - Daily Routine, Goals & Planner	3	2021-01-19	weekly_goal	A	?TOTAL
1257	11989364204	app	48. Strides - Habit Tracker + Goals - Goal Planner & Daily Checklist	5	2024-11-25	weekly_goal	A	+PART,+TOTAL
1258	5930907915	app	48. Strides - Habit Tracker + Goals - Goal Planner & Daily Checklist	5	2020-05-11	weekly_goal	A	+LEFT,+PERIOD,+TOTAL
1259	2670818221	app	48. Strides - Habit Tracker + Goals - Goal Planner & Daily Checklist	3	2018-06-10	weekly_goal	A	?NOTDUE,?SKIP
1260	1525975526	app	48. Strides - Habit Tracker + Goals - Goal Planner & Daily Checklist	4	2017-01-19	weekly_goal	A	-NOTDUE
1261	946607984	app	48. Strides - Habit Tracker + Goals - Goal Planner & Daily Checklist	5	2014-02-19	weekly_goal	B	+AVG
1262	2075631711	app	48. Strides - Habit Tracker + Goals - Goal Planner & Daily Checklist	5	2018-01-10	weekly_goal	B	+PERIOD
1263	1892314955	app	48. Strides - Habit Tracker + Goals - Goal Planner & Daily Checklist	4	2017-11-02	weekly_goal	B	NA
1264	12948658478	app	49. Life Reset - 66 Day Habit - Gamified Habit Tracker	1	2025-07-29	weekly_goal	B	NA
1265	12657002625	app	49. Life Reset - 66 Day Habit - Gamified Habit Tracker	1	2025-05-15	weekly_goal	B	NA
1266	8dbfc64f-2a9b-48ba-858b-0cbd2204c41c	play	5. Routine Planner, Habit Tracker	5	2020-05-29	weekly_goal	A	?PERIOD
1267	13073134030	app	52. ShineDay - Habit Tracker - Micro Habits, ADHD & Focus	5	2025-08-29	weekly_goal	A	NA
1268	9379605242	app	52. ShineDay - Habit Tracker - Micro Habits, ADHD & Focus	4	2022-12-10	weekly_goal	A	-NOTDUE
1269	7773539185	app	52. ShineDay - Habit Tracker - Micro Habits, ADHD & Focus	5	2021-09-05	weekly_goal	A	NA
1270	7611036169	app	52. ShineDay - Habit Tracker - Micro Habits, ADHD & Focus	5	2021-07-24	weekly_goal	A	-STREAK,?DAYS
1271	7139527591	app	52. ShineDay - Habit Tracker - Micro Habits, ADHD & Focus	5	2021-03-24	weekly_goal	A	?DAYS,?TOTAL
1272	6783703096	app	52. ShineDay - Habit Tracker - Micro Habits, ADHD & Focus	4	2020-12-23	weekly_goal	A	?PERIOD
1273	5606476644	app	52. ShineDay - Habit Tracker - Micro Habits, ADHD & Focus	5	2020-03-02	weekly_goal	A	?DAYS,?PERIOD
1274	3618392295	app	52. ShineDay - Habit Tracker - Micro Habits, ADHD & Focus	5	2019-01-06	weekly_goal	A	NA
1275	3500329515	app	52. ShineDay - Habit Tracker - Micro Habits, ADHD & Focus	5	2018-12-06	weekly_goal	A	?PERIOD
1276	3432668038	app	52. ShineDay - Habit Tracker - Micro Habits, ADHD & Focus	5	2018-11-18	weekly_goal	A	?PERIOD,?TOTAL
1277	2823719818	app	52. ShineDay - Habit Tracker - Micro Habits, ADHD & Focus	4	2018-07-03	weekly_goal	A	NA
1278	2788770381	app	52. ShineDay - Habit Tracker - Micro Habits, ADHD & Focus	5	2018-06-28	weekly_goal	A	-WRONG,?STREAK
1279	2670020354	app	52. ShineDay - Habit Tracker - Micro Habits, ADHD & Focus	5	2018-06-10	weekly_goal	A	-WRONG,?STREAK
1280	2454810720	app	52. ShineDay - Habit Tracker - Micro Habits, ADHD & Focus	3	2018-04-22	weekly_goal	A	?DAYS,?PERIOD
1281	2401747155	app	52. ShineDay - Habit Tracker - Micro Habits, ADHD & Focus	5	2018-04-09	weekly_goal	A	?TOTAL
1282	2224392413	app	52. ShineDay - Habit Tracker - Micro Habits, ADHD & Focus	4	2018-02-19	weekly_goal	A	NA
1283	3828842561	app	53. HabitMinder • Habit Tracker - Daily Reminders & Routines	3	2019-03-01	weekly_goal	A	-WRONG,=PERIOD
1284	7342524208	app	53. HabitMinder • Habit Tracker - Daily Reminders & Routines	4	2021-05-15	weekly_goal	A	-WRONG,?SKIP
1285	2479189057	app	53. HabitMinder • Habit Tracker - Daily Reminders & Routines	3	2018-04-28	weekly_goal	A	NA
1286	4282581105	app	53. HabitMinder • Habit Tracker - Daily Reminders & Routines	4	2019-06-08	weekly_goal	A	?TOTAL
1287	3810462929	app	53. HabitMinder • Habit Tracker - Daily Reminders & Routines	4	2019-02-24	weekly_goal	A	?OVER
1288	3638140023	app	53. HabitMinder • Habit Tracker - Daily Reminders & Routines	4	2019-01-11	weekly_goal	A	-WRONG,?NOTDUE
1289	3594922582	app	53. HabitMinder • Habit Tracker - Daily Reminders & Routines	3	2018-12-31	weekly_goal	A	-SKIP
1290	5249089593	app	53. HabitMinder • Habit Tracker - Daily Reminders & Routines	5	2019-12-08	weekly_goal	B	-PERIOD
1291	6370677225	app	54. Avocation - Habit Tracker - Daily planner & ADHD organizer	3	2020-08-28	weekly_goal	A	NA
1292	5861611445	app	55. Habit-Bull - Daily Goal Planner - Best To Do List Streak Tracker	3	2020-04-25	weekly_goal	A	NA
1293	1430631367	app	55. Habit-Bull - Daily Goal Planner - Best To Do List Streak Tracker	3	2016-08-10	weekly_goal	B	NA
1294	4214624985	app	55. Habit-Bull - Daily Goal Planner - Best To Do List Streak Tracker	5	2019-05-26	weekly_goal	B	NA
1295	6380916859	app	57. Habit Tracker - DayStamp - Daily Routine, Streak & Widget	4	2020-08-31	weekly_goal	A	-NOTDUE
1296	8755220237	app	57. Habit Tracker - DayStamp - Daily Routine, Streak & Widget	5	2022-06-09	weekly_goal	A	?PERIOD
1297	7028234235	app	57. Habit Tracker - DayStamp - Daily Routine, Streak & Widget	2	2021-02-23	weekly_goal	B	NA
1298	6984556001	app	59. Tappsk - ToDo & Habit Tracker - Task Manager & Daily schedule	5	2021-02-12	weekly_goal	A	-NOTDUE
1299	5919792318	app	59. Tappsk - ToDo & Habit Tracker - Task Manager & Daily schedule	5	2020-05-08	weekly_goal	A	?DAYS
1300	8e78b70e-c96f-4d21-9611-1692ad068e00	play	65. Goal & Habit Tracker Calendar	5	2026-04-25	weekly_goal	A	NA
1301	de8a01c4-ff03-4813-bf02-f9649f9fe721	play	65. Goal & Habit Tracker Calendar	4	2016-02-17	weekly_goal	A	NA
1302	1700a2f6-d336-4a30-85b9-8248665ab68b	play	65. Goal & Habit Tracker Calendar	2	2018-06-02	weekly_goal	A	-WRONG
1303	4a6a2cd8-041d-432b-ab47-aebe71630376	play	65. Goal & Habit Tracker Calendar	4	2017-06-14	weekly_goal	A	?DAYS
1304	323d6a08-f9e5-48e8-8a5a-7cceafdb40c5	play	65. Goal & Habit Tracker Calendar	5	2018-02-08	weekly_goal	B	+PERIOD
1305	43f90436-7a1d-476c-bc21-398882d0b280	play	65. Goal & Habit Tracker Calendar	5	2017-01-08	weekly_goal	B	?PART,?PERIOD
1306	12527077135	app	68. Ultiself - Self-Improvement - Biohacker Routine Planner App	3	2025-04-10	weekly_goal	B	NA
1307	e6518cc2-b371-487e-a123-da093d076add	play	69. EZ Habit - simple habit tracker	4	2023-02-16	weekly_goal	A	-NOTDUE
1308	ecd8504d-a8b5-4791-a284-957bfd0df12b	play	69. EZ Habit - simple habit tracker	3	2021-11-21	weekly_goal	A	-STREAK
1309	13989061268	app	7. Habit Tracker - HabitKit - Streaks & Accountability	4	2026-04-23	weekly_goal	A	NA
1310	10422430745	app	7. Habit Tracker - HabitKit - Streaks & Accountability	5	2023-09-30	weekly_goal	B	NA
1311	13856682531	app	7. Habit Tracker - HabitKit - Streaks & Accountability	4	2026-03-17	weekly_goal	B	-PSTREAK
1312	a98d0bbb-ca3c-4061-9c6d-759faa541318	play	70. everyday Habit Tracker	4	2024-07-04	weekly_goal	B	?PERIOD
1313	11419110433	app	74. Habit Check Calendar - Track habits with a calendar!	4	2024-06-24	weekly_goal	A	NA
1314	74790082-df44-45d0-b277-49048d397e90	play	75. Habit Tracker & ToDo - HabitJar	5	2026-07-23	weekly_goal	A	NA
1315	838585374	app	76. Way of Life - Habit Tracker - Build a better, stronger you	2	2013-07-18	weekly_goal	A	-NOTDUE
1316	12736364629	app	76. Way of Life - Habit Tracker - Build a better, stronger you	5	2025-06-04	weekly_goal	A	NA
1317	2946955236	app	76. Way of Life - Habit Tracker - Build a better, stronger you	5	2018-07-22	weekly_goal	A	?PSTREAK
1318	1141452981	app	76. Way of Life - Habit Tracker - Build a better, stronger you	5	2015-02-04	weekly_goal	A	NA
1319	1065171792	app	76. Way of Life - Habit Tracker - Build a better, stronger you	5	2014-09-16	weekly_goal	A	?STREAK,?TOTAL
1320	1025894362	app	76. Way of Life - Habit Tracker - Build a better, stronger you	4	2014-07-10	weekly_goal	A	-NOTDUE
1321	1190940680	app	76. Way of Life - Habit Tracker - Build a better, stronger you	5	2015-05-02	weekly_goal	A	-NOTDUE,?PERIOD
1322	1341665515	app	76. Way of Life - Habit Tracker - Build a better, stronger you	4	2016-03-02	weekly_goal	A	NA
1323	1188558106	app	76. Way of Life - Habit Tracker - Build a better, stronger you	3	2015-04-26	weekly_goal	A	?PART
1324	1132276738	app	76. Way of Life - Habit Tracker - Build a better, stronger you	5	2015-01-18	weekly_goal	A	NA
1325	1021291729	app	76. Way of Life - Habit Tracker - Build a better, stronger you	5	2014-07-03	weekly_goal	A	NA
1326	13772192538	app	76. Way of Life - Habit Tracker - Build a better, stronger you	4	2026-02-21	weekly_goal	A	NA
1327	5474298514	app	76. Way of Life - Habit Tracker - Build a better, stronger you	5	2020-02-01	weekly_goal	A	NA
1328	1464495567	app	76. Way of Life - Habit Tracker - Build a better, stronger you	5	2016-10-10	weekly_goal	A	NA
1329	1450917883	app	76. Way of Life - Habit Tracker - Build a better, stronger you	4	2016-09-17	weekly_goal	A	-WRONG
1330	812386962	app	76. Way of Life - Habit Tracker - Build a better, stronger you	3	2013-05-29	weekly_goal	A	-WRONG
1331	781401077	app	76. Way of Life - Habit Tracker - Build a better, stronger you	3	2013-04-03	weekly_goal	A	NA
1332	723329204	app	76. Way of Life - Habit Tracker - Build a better, stronger you	4	2013-01-05	weekly_goal	A	NA
1333	477778912	app	76. Way of Life - Habit Tracker - Build a better, stronger you	3	2011-11-03	weekly_goal	A	-NOTDUE
1334	6375698560	app	76. Way of Life - Habit Tracker - Build a better, stronger you	4	2020-08-30	weekly_goal	B	NA
1335	1770075721	app	76. Way of Life - Habit Tracker - Build a better, stronger you	3	2017-09-03	weekly_goal	B	NA
1336	1155362058	app	76. Way of Life - Habit Tracker - Build a better, stronger you	4	2015-02-21	weekly_goal	B	NA
1337	925057163	app	76. Way of Life - Habit Tracker - Build a better, stronger you	5	2014-01-14	weekly_goal	B	?LEFT,?PERIOD
1338	861717501	app	76. Way of Life - Habit Tracker - Build a better, stronger you	4	2013-08-28	weekly_goal	B	NA
1339	728195005	app	76. Way of Life - Habit Tracker - Build a better, stronger you	5	2013-01-13	weekly_goal	B	+PERIOD
1340	442485690	app	76. Way of Life - Habit Tracker - Build a better, stronger you	5	2011-07-05	weekly_goal	B	+PERIOD
1341	d60563e5-2ff6-4463-a96f-bad3aae62477	play	8. Habitica - Gamify Your Tasks	2	2023-09-16	weekly_goal	A	NA
1342	3570e993-af89-46bc-b602-8864c1d6cf93	play	8. Habitica - Gamify Your Tasks	2	2017-10-05	weekly_goal	A	NA
1343	6b095e5b-e41c-4a41-9e3e-186bdd1df00e	play	8. Habitica - Gamify Your Tasks	3	2017-05-14	weekly_goal	A	?TOTAL
1344	d4c98cd6-b242-4c49-9474-f52517957961	play	8. Habitica - Gamify Your Tasks	4	2022-06-25	weekly_goal	A	?PERIOD
1345	0e26c8d7-5c1f-48e9-9e0b-614a0b79abea	play	8. Habitica - Gamify Your Tasks	2	2026-05-11	weekly_goal	A	NA
1346	13ce4269-d738-4ae0-982a-84b63dcd6331	play	8. Habitica - Gamify Your Tasks	3	2020-01-29	weekly_goal	A	?DAYVAL
1347	11761511083	app	8. Onrise - Habit Tracker & Focus - Build habits, focus & journal	3	2024-09-25	weekly_goal	A	NA
1348	13522897637	app	8. Onrise - Habit Tracker & Focus - Build habits, focus & journal	4	2025-12-17	weekly_goal	A	NA
1349	10758055262	app	8. Onrise - Habit Tracker & Focus - Build habits, focus & journal	4	2023-12-29	weekly_goal	A	?PERIOD
1350	14359179692	app	8. Onrise - Habit Tracker & Focus - Build habits, focus & journal	4	2026-07-28	weekly_goal	A	NA
1351	14045501473	app	8. Onrise - Habit Tracker & Focus - Build habits, focus & journal	4	2026-05-09	weekly_goal	B	NA
1352	10400204219	app	8. Onrise - Habit Tracker & Focus - Build habits, focus & journal	5	2023-09-23	weekly_goal	B	NA
1353	4407117439	app	86. Today Habit tracker - For to-dos, routines & goals	4	2019-07-03	weekly_goal	A	?DAYVAL
1354	1542707018	app	86. Today Habit tracker - For to-dos, routines & goals	4	2017-02-12	weekly_goal	A	NA
1355	1430182193	app	86. Today Habit tracker - For to-dos, routines & goals	4	2016-08-10	weekly_goal	A	-PSTREAK
1356	1352038034	app	86. Today Habit tracker - For to-dos, routines & goals	4	2016-03-23	weekly_goal	A	NA
1357	1351577209	app	86. Today Habit tracker - For to-dos, routines & goals	4	2016-03-22	weekly_goal	A	NA
1358	9b2b8485-2519-4910-b9db-69135a1e3fc3	play	87. Micro Habits - Self-Improvement	3	2023-03-11	weekly_goal	A	-NOTDUE
1359	567ccb32-1ea8-403a-b2fb-ad72b7272745	play	87. Micro Habits - Self-Improvement	5	2022-08-18	weekly_goal	B	NA
1360	5c0c21ba-eb8b-42f5-8c11-a9ef76d41c0c	play	9. Habit Tracker - HabitKit	4	2026-02-06	weekly_goal	A	NA
1361	7845ed6d-268c-4bd3-9576-a57aaab921e1	play	9. Habit Tracker - HabitKit	4	2024-02-06	weekly_goal	B	?PERIOD
1362	e11138ff-527c-4595-90e9-5796481112e0	play	98. Rabit - Habit Tracker & Planner	3	2021-04-24	weekly_goal	A	-NOTDUE,?TOTAL
1363	3e383499-af05-43fc-b378-e716e0239c1a	play	98. Rabit - Habit Tracker & Planner	4	2021-04-08	weekly_goal	A	?PERIOD
1364	6485735501	app	1. Habit Tracker - Goal Tracker & ADHD Planner	4	2020-09-30	monthly_goal	A	-WRONG,?PERIOD
1365	9542552588	app	1. Habit Tracker - Goal Tracker & ADHD Planner	4	2023-01-24	monthly_goal	A	-PERIOD,?DAYVAL
1366	9905665070	app	1. Habit Tracker - Goal Tracker & ADHD Planner	5	2023-05-08	monthly_goal	B	NA
1367	9928669455	app	1. Habit Tracker - Goal Tracker & ADHD Planner	5	2023-05-15	monthly_goal	B	NA
1368	9619458707	app	1. Habit Tracker - Goal Tracker & ADHD Planner	5	2023-02-15	monthly_goal	B	NA
1369	11045533030	app	1. Habit Tracker - Goal Tracker & ADHD Planner	5	2024-03-15	monthly_goal	B	NA
1370	10185921495	app	1. Habit Tracker - Goal Tracker & ADHD Planner	5	2023-07-27	monthly_goal	B	NA
1371	10149582010	app	1. Habit Tracker - Goal Tracker & ADHD Planner	2	2023-07-17	monthly_goal	B	NA
1372	12301456109	app	1. Habit Tracker - Goal Tracker & ADHD Planner	5	2025-02-12	monthly_goal	B	NA
1373	05594620-71bc-4e04-8d2f-e2b34d0b701f	play	10. Habit Tracker - Habit Diary	5	2022-02-16	monthly_goal	B	NA
1374	8134835359	app	13. Productive - Habit Tracker - Daily Routine & Goals Planner	4	2021-12-16	monthly_goal	A	NA
1375	3622775547	app	13. Productive - Habit Tracker - Daily Routine & Goals Planner	5	2019-01-07	monthly_goal	A	?OVER,?PERIOD
1376	3639851800	app	13. Productive - Habit Tracker - Daily Routine & Goals Planner	5	2019-01-12	monthly_goal	B	NA
1377	5327757609	app	13. Productive - Habit Tracker - Daily Routine & Goals Planner	1	2019-12-27	monthly_goal	B	NA
1378	11715418924	app	16. Atoms - from Atomic Habits - The official Atomic Habits app	5	2024-09-12	monthly_goal	B	NA
1379	11099243811	app	16. Atoms - from Atomic Habits - The official Atomic Habits app	4	2024-03-29	monthly_goal	B	NA
1380	99ac61ca-d5c6-44ae-98bc-3470e63427c5	play	2. HabitNow Daily Routine Planner	5	2021-08-05	monthly_goal	B	NA
1381	8469399280	app	20. Habit — Daily Tracker - Crush your goals like a boss	4	2022-03-18	monthly_goal	B	-WRONG,?PERIOD
1382	3964671953	app	20. Habit — Daily Tracker - Crush your goals like a boss	4	2019-04-03	monthly_goal	B	-WRONG,?PERIOD
1383	4237573811	app	23. Streaks - The habit-forming to-do list	4	2019-05-31	monthly_goal	B	NA
1384	14429216966	app	24. Fabulous - Daily Habit Tracker - Morning Routines & ADHD Help	1	2026-08-15	monthly_goal	B	NA
1385	13912821580	app	24. Fabulous - Daily Habit Tracker - Morning Routines & ADHD Help	1	2026-04-02	monthly_goal	B	NA
1386	1bca877e-faf0-4604-b5da-f5932c8c7d12	play	24. Habit Tracker	5	2022-08-09	monthly_goal	B	+PERIOD
1387	c22ca43f-f4f6-4082-8728-ee8353eb22bd	play	24. Habit Tracker	5	2021-05-30	monthly_goal	B	NA
1388	13522287635	app	3. Days Since - Quit Habit Tracker - Sober Streak Day Counter	5	2025-12-17	monthly_goal	B	NA
1389	a689113c-660c-41bb-a736-6b32930daa6e	play	3. Loop Habit Tracker	5	2025-02-20	monthly_goal	B	NA
1390	e433c66f-d0a1-488a-8fbf-213d38d4a16a	play	3. Loop Habit Tracker	5	2026-01-02	monthly_goal	B	NA
1391	4658eea4-26f4-4337-b2ac-359f9a1cd066	play	3. Loop Habit Tracker	4	2020-09-27	monthly_goal	B	-WRONG
1392	a44d6dc0-3474-488b-9520-aadef4e32616	play	3. Loop Habit Tracker	4	2017-12-04	monthly_goal	B	NA
1393	1df25395-7d72-42a7-9df1-702992ff4fde	play	3. Loop Habit Tracker	3	2017-04-27	monthly_goal	B	NA
1394	9564490880	app	31. Do Habits - Get It Done - Daily Routine & Goal Planner	2	2023-01-30	monthly_goal	B	NA
1395	9835113926	app	31. Do Habits - Get It Done - Daily Routine & Goal Planner	3	2023-04-18	monthly_goal	B	NA
1396	5368023814	app	31. Do Habits - Get It Done - Daily Routine & Goal Planner	5	2020-01-06	monthly_goal	B	NA
1397	7324774905	app	31. Do Habits - Get It Done - Daily Routine & Goal Planner	5	2021-05-11	monthly_goal	B	NA
1398	10581441781	app	31. Do Habits - Get It Done - Daily Routine & Goal Planner	2	2023-11-13	monthly_goal	B	NA
1399	6785378270	app	31. Do Habits - Get It Done - Daily Routine & Goal Planner	5	2020-12-23	monthly_goal	B	NA
1400	1679632211	app	31. Do Habits - Get It Done - Daily Routine & Goal Planner	3	2017-07-12	monthly_goal	B	NA
1401	12774234840	app	33. Habitify - Habit Tracker - Daily Goals, Routine & Streaks	3	2025-06-14	monthly_goal	A	-WRONG
1402	8d7173ed-c152-4692-a20c-3060362fa3f9	play	37. Habitify - Habit Tracker	1	2026-08-03	monthly_goal	A	-WRONG,=PERIOD
1403	43793bf7-5674-4a5a-bbd6-1c6209233339	play	37. Habitify - Habit Tracker	3	2020-01-02	monthly_goal	B	NA
1404	11481149340	app	41. Awesome Habits - Habit Tracker - Streaks, days since & goals	5	2024-07-11	monthly_goal	A	NA
1405	11332173723	app	41. Awesome Habits - Habit Tracker - Streaks, days since & goals	4	2024-06-01	monthly_goal	B	?PERIOD
1406	1113361850	app	48. Strides - Habit Tracker + Goals - Goal Planner & Daily Checklist	2	2014-12-14	monthly_goal	A	-WRONG
1407	11615002775	app	48. Strides - Habit Tracker + Goals - Goal Planner & Daily Checklist	5	2024-08-16	monthly_goal	B	NA
1408	1598764303	app	48. Strides - Habit Tracker + Goals - Goal Planner & Daily Checklist	5	2017-04-27	monthly_goal	B	+PERIOD
1409	aa7b98d4-fe59-4623-a71d-1698caf1bc22	play	49. RoutineFlow - Routine for ADHD	5	2024-04-03	monthly_goal	B	NA
1410	13504655784	app	50. HelloHabit - Habit Tracker - Tasks, Routines, & Streaks	5	2025-12-12	monthly_goal	A	?PERIOD
1411	8311227875	app	54. Avocation - Habit Tracker - Daily planner & ADHD organizer	3	2022-02-02	monthly_goal	A	NA
1412	8956070679	app	54. Avocation - Habit Tracker - Daily planner & ADHD organizer	3	2022-08-08	monthly_goal	A	NA
1413	8900579113	app	54. Avocation - Habit Tracker - Daily planner & ADHD organizer	2	2022-07-22	monthly_goal	A	NA
1414	9195522591	app	54. Avocation - Habit Tracker - Daily planner & ADHD organizer	5	2022-10-18	monthly_goal	B	NA
1415	1321541793	app	76. Way of Life - Habit Tracker - Build a better, stronger you	4	2016-01-24	monthly_goal	A	?TOTAL
1416	1140605383	app	76. Way of Life - Habit Tracker - Build a better, stronger you	5	2015-02-02	monthly_goal	B	NA
1417	1347206906	app	76. Way of Life - Habit Tracker - Build a better, stronger you	5	2016-03-13	monthly_goal	B	?PERIOD
1418	990390448	app	76. Way of Life - Habit Tracker - Build a better, stronger you	4	2014-05-10	monthly_goal	B	NA
1419	7645092267	app	86. Today Habit tracker - For to-dos, routines & goals	5	2021-08-02	monthly_goal	B	NA
1420	ce3443a7-3e9c-4ade-9abf-4ff227aa18fc	play	9. Habit Tracker - HabitKit	5	2023-06-14	monthly_goal	B	NA
1421	11251663177	app	1. Habit Tracker - Goal Tracker & ADHD Planner	4	2024-05-10	every_n	B	NA
1422	10195622719	app	1. Habit Tracker - Goal Tracker & ADHD Planner	1	2023-07-29	every_n	B	NA
1423	13321732943	app	10. Finch - Self-Care Pet - Daily Journal & Habit Tracker	5	2025-10-27	every_n	A	?NEXT
1424	13814983961	app	10. Finch - Self-Care Pet - Daily Journal & Habit Tracker	4	2026-03-05	every_n	A	NA
1425	13802380309	app	10. Finch - Self-Care Pet - Daily Journal & Habit Tracker	4	2026-03-01	every_n	B	NA
1426	10288640809	app	10. Finch - Self-Care Pet - Daily Journal & Habit Tracker	5	2023-08-23	every_n	B	NA
1427	48ca8bd9-a3b2-4ca0-a2db-e275db2ae216	play	10. Habit Tracker - Habit Diary	4	2023-12-01	every_n	B	NA
1428	c94bad5a-cad2-4dce-b6f0-290188ee9b41	play	105. Avocation Goal & Habit Tracker	4	2024-05-20	every_n	B	NA
1429	9b70dbd7-2dc0-480c-bfa7-8ed1f39bcb3f	play	109. My Habit Tracker & Planner	5	2026-02-13	every_n	B	NA
1430	8121ee4f-74ce-412c-a99d-29719aed038e	play	12. Fabulous Daily Routine Planner	5	2023-10-26	every_n	A	NA
1431	51213d1a-080d-4909-8297-15af97c1f222	play	12. Fabulous Daily Routine Planner	1	2025-08-07	every_n	B	NA
1432	245f5be9-965a-471a-91f3-f80f1d0721a6	play	12. Fabulous Daily Routine Planner	3	2020-06-25	every_n	B	NA
1433	f978c567-2044-442a-b136-e75a3fb13ae7	play	12. Fabulous Daily Routine Planner	5	2019-05-01	every_n	B	NA
1434	ecbe74a2-4ff2-44eb-8163-6f6e7be76bf6	play	12. Fabulous Daily Routine Planner	2	2023-06-19	every_n	B	NA
1435	ee18283e-013f-4e3b-a6a5-8c9573b2590c	play	125. 21 Days Challenge	5	2022-02-06	every_n	B	NA
1436	5366390347	app	13. Productive - Habit Tracker - Daily Routine & Goals Planner	5	2020-01-06	every_n	B	NA
1437	69d051e0-4629-43d7-b5ae-74ad42c48675	play	2. HabitNow Daily Routine Planner	4	2022-11-27	every_n	B	NA
1438	5944217706	app	20. Habit — Daily Tracker - Crush your goals like a boss	4	2020-05-14	every_n	A	NA
1439	3301033747	app	23. Streaks - The habit-forming to-do list	3	2018-10-14	every_n	A	NA
1440	9698974080	app	23. Streaks - The habit-forming to-do list	5	2023-03-10	every_n	A	+NOTDUE
1441	10520515379	app	23. Streaks - The habit-forming to-do list	1	2023-10-27	every_n	B	NA
1442	6604462170	app	23. Streaks - The habit-forming to-do list	5	2020-11-03	every_n	B	-NOTDUE,-STREAK
1443	13645486359	app	24. Fabulous - Daily Habit Tracker - Morning Routines & ADHD Help	1	2026-01-17	every_n	B	NA
1444	11965842025	app	24. Fabulous - Daily Habit Tracker - Morning Routines & ADHD Help	1	2024-11-19	every_n	B	NA
1445	12537206243	app	24. Fabulous - Daily Habit Tracker - Morning Routines & ADHD Help	1	2025-04-13	every_n	B	NA
1446	13619574583	app	24. Fabulous - Daily Habit Tracker - Morning Routines & ADHD Help	1	2026-01-11	every_n	B	NA
1447	9015501488	app	24. Fabulous - Daily Habit Tracker - Morning Routines & ADHD Help	1	2022-08-25	every_n	B	NA
1448	42ba4d83-af4c-4c10-aa5e-4cbb512caa24	play	24. Habit Tracker	5	2017-02-07	every_n	B	NA
1449	9733472260	app	26. Eden - Daily Routine Planner - Self care habit tracker, to do	1	2023-03-20	every_n	A	-NOTDUE
1450	11789546578	app	29. Habit Tracker - Daily Goals - Motivation & Accountability	4	2024-10-02	every_n	B	NA
1451	7965919241	app	3. Days Since - Quit Habit Tracker - Sober Streak Day Counter	5	2021-10-29	every_n	B	NA
1452	12142087092	app	3. Days Since - Quit Habit Tracker - Sober Streak Day Counter	5	2025-01-04	every_n	B	NA
1453	8200868808	app	31. Do Habits - Get It Done - Daily Routine & Goal Planner	5	2022-01-03	every_n	B	NA
1454	11806185008	app	31. Do Habits - Get It Done - Daily Routine & Goal Planner	4	2024-10-07	every_n	B	NA
1455	9476733250	app	33. Habitify - Habit Tracker - Daily Goals, Routine & Streaks	3	2023-01-06	every_n	B	NA
1456	12538810872	app	46. everyday - Habit Tracker - Daily Routine Checklist	4	2025-04-13	every_n	B	NA
1457	0c308027-ab38-4065-a259-bc5549103aba	play	49. RoutineFlow - Routine for ADHD	4	2023-02-20	every_n	A	NA
1458	4016363600	app	53. HabitMinder • Habit Tracker - Daily Reminders & Routines	5	2019-04-15	every_n	B	NA
1459	c235baaa-cf94-49f3-b5cf-dc9c7a90c2d3	play	70. everyday Habit Tracker	4	2023-08-16	every_n	B	NA
1460	1323282282	app	76. Way of Life - Habit Tracker - Build a better, stronger you	5	2016-01-27	every_n	B	NA
1461	597118496	app	76. Way of Life - Habit Tracker - Build a better, stronger you	5	2012-06-06	every_n	B	NA
1462	a4f720ca-9284-4b20-8739-c024073c266f	play	8. Habitica - Gamify Your Tasks	5	2022-10-11	every_n	A	NA
1463	f657a1c7-3520-49a5-b6df-3825768bd01d	play	8. Habitica - Gamify Your Tasks	4	2018-06-10	every_n	B	NA
1464	7cf951a2-aaec-47a9-81c1-fc10a6a563f9	play	9. Habit Tracker - HabitKit	5	2023-12-24	every_n	A	?NEXT
1465	be56df3c-b23c-4ff6-accb-47bdb455117b	play	98. Rabit - Habit Tracker & Planner	3	2021-08-06	every_n	B	NA
1466	7de105d5-be74-47df-b860-cae3dcd8ac11	play	98. Rabit - Habit Tracker & Planner	1	2021-04-11	every_n	B	NA
1467	10953121415	app	1. Habit Tracker - Goal Tracker & ADHD Planner	4	2024-02-18	limit	A	NA
1468	9870690248	app	1. Habit Tracker - Goal Tracker & ADHD Planner	5	2023-04-28	limit	A	NA
1469	f2793065-291e-4852-bf41-fe85cda5c61f	play	125. 21 Days Challenge	2	2020-10-18	limit	B	NA
1470	12410318821	app	13. Productive - Habit Tracker - Daily Routine & Goals Planner	3	2025-03-12	limit	B	NA
1471	8975396084	app	13. Productive - Habit Tracker - Daily Routine & Goals Planner	4	2022-08-13	limit	B	NA
1472	cdcbd4e0-3aa1-4174-8614-36443eb330ea	play	3. Loop Habit Tracker	5	2021-12-01	limit	B	?LIMIT
1473	d6dc9d24-7e26-4901-a416-7240f959f43d	play	3. Loop Habit Tracker	2	2019-06-25	limit	B	?LIMIT
1474	6058524042	app	31. Do Habits - Get It Done - Daily Routine & Goal Planner	5	2020-06-10	limit	B	+LIMIT,+STREAK
1475	13619339965	app	49. Life Reset - 66 Day Habit - Gamified Habit Tracker	5	2026-01-11	limit	B	NA
1476	10831483408	app	1. Habit Tracker - Goal Tracker & ADHD Planner	4	2024-01-17	quit	A	-WRONG
1477	12207607913	app	1. Habit Tracker - Goal Tracker & ADHD Planner	5	2025-01-20	quit	A	+RUN,+SLIPS
1478	8891813451	app	1. Habit Tracker - Goal Tracker & ADHD Planner	5	2022-07-20	quit	A	?LIMIT
1479	7386380679	app	1. Habit Tracker - Goal Tracker & ADHD Planner	5	2021-05-25	quit	A	?RUN
1480	6883403635	app	1. Habit Tracker - Goal Tracker & ADHD Planner	5	2021-01-18	quit	A	?LIMIT
1481	11716765385	app	1. Habit Tracker - Goal Tracker & ADHD Planner	5	2024-09-12	quit	A	-WRONG
1482	8251944968	app	1. Habit Tracker - Goal Tracker & ADHD Planner	4	2022-01-17	quit	A	NA
1483	8761940771	app	1. Habit Tracker - Goal Tracker & ADHD Planner	3	2022-06-11	quit	A	NA
1484	12799391238	app	1. Habit Tracker - Goal Tracker & ADHD Planner	3	2025-06-21	quit	A	-WRONG
1485	10889943654	app	1. Habit Tracker - Goal Tracker & ADHD Planner	5	2024-02-01	quit	A	NA
1486	11060242477	app	1. Habit Tracker - Goal Tracker & ADHD Planner	5	2024-03-19	quit	A	NA
1487	9384172796	app	1. Habit Tracker - Goal Tracker & ADHD Planner	4	2022-12-11	quit	A	NA
1488	11566571014	app	1. Habit Tracker - Goal Tracker & ADHD Planner	1	2024-08-03	quit	A	-WRONG
1489	8036283152	app	1. Habit Tracker - Goal Tracker & ADHD Planner	5	2021-11-18	quit	A	?LIMIT
1490	10617803845	app	1. Habit Tracker - Goal Tracker & ADHD Planner	3	2023-11-23	quit	A	-WRONG
1491	10582228212	app	1. Habit Tracker - Goal Tracker & ADHD Planner	3	2023-11-13	quit	A	NA
1492	9686483897	app	1. Habit Tracker - Goal Tracker & ADHD Planner	1	2023-03-06	quit	A	?OVER,?SLIPS
1493	9377700649	app	1. Habit Tracker - Goal Tracker & ADHD Planner	4	2022-12-09	quit	A	?SLIPS
1494	8609709625	app	1. Habit Tracker - Goal Tracker & ADHD Planner	4	2022-04-26	quit	A	?LIMIT
1495	7945225796	app	1. Habit Tracker - Goal Tracker & ADHD Planner	3	2021-10-23	quit	A	?LIMIT
1496	10830831801	app	1. Habit Tracker - Goal Tracker & ADHD Planner	5	2024-01-17	quit	A	-WRONG
1497	12832979039	app	10. Finch - Self-Care Pet - Daily Journal & Habit Tracker	4	2025-06-29	quit	A	?RUN
1498	9065468093	app	10. Finch - Self-Care Pet - Daily Journal & Habit Tracker	5	2022-09-08	quit	A	?RUN
1499	fdae3064-3527-4a86-8019-14cbfe55b5c4	play	10. Habit Tracker - Habit Diary	4	2025-11-05	quit	A	-WRONG
1500	cfa6c759-24f9-4d40-bc9a-ace67fdbe591	play	10. Habit Tracker - Habit Diary	5	2025-02-03	quit	A	NA
1501	ae9f36c0-494b-46e4-a4b5-7844e1dbfe41	play	10. Habit Tracker - Habit Diary	5	2021-11-12	quit	A	+RUN
1502	371c6830-57b4-4836-8f29-3ebf1b7086f3	play	10. Habit Tracker - Habit Diary	1	2024-03-08	quit	A	NA
1503	de0a9484-5b7a-4ede-b836-1e5578c01fa4	play	105. Avocation Goal & Habit Tracker	4	2022-07-08	quit	A	?LEFT,?LIMIT
1504	ce5dfc49-02d6-4134-965d-069d0d158cfb	play	106. Habit Tracker n Pets - HabitYou	5	2021-07-05	quit	A	NA
1505	10917129795	app	13. Productive - Habit Tracker - Daily Routine & Goals Planner	3	2024-02-08	quit	A	NA
1506	3703606259	app	13. Productive - Habit Tracker - Daily Routine & Goals Planner	1	2019-01-28	quit	A	NA
1507	4400885001	app	13. Productive - Habit Tracker - Daily Routine & Goals Planner	4	2019-07-02	quit	A	NA
1508	3137546006	app	13. Productive - Habit Tracker - Daily Routine & Goals Planner	5	2018-08-31	quit	A	NA
1509	50758893-e600-42a4-a307-6b30464c4693	play	130. Way of Life - habit tracker	5	2017-10-13	quit	A	NA
1510	47babb6e-b3da-4daf-aa23-27b58974e444	play	14. Habit Pixel - Streak Tracker	5	2026-01-02	quit	A	NA
1511	ba8c2b7b-4c0a-4c35-ad54-a3228e7138e9	play	14. Habit Pixel - Streak Tracker	5	2025-09-19	quit	A	NA
1512	1534636069	app	2. Daily Habits - Habit Tracker - Habit List and Routine Tracker	3	2017-02-01	quit	A	NA
1513	bff7afb8-6d3e-4a0a-a26f-6949172e3cea	play	2. HabitNow Daily Routine Planner	4	2025-07-26	quit	A	?RUN
1514	8e8b649b-a749-4d5f-b280-1e18cb816f23	play	2. HabitNow Daily Routine Planner	5	2024-08-29	quit	A	NA
1515	f9097483-5650-47df-afea-770b9261ea21	play	2. HabitNow Daily Routine Planner	5	2024-05-18	quit	A	NA
1516	093687aa-9453-4486-a61f-3c40c602e44c	play	2. HabitNow Daily Routine Planner	4	2024-05-11	quit	A	?RUN
1517	ea593b6d-1cf6-4390-b2a5-510d691d3f46	play	2. HabitNow Daily Routine Planner	3	2024-05-10	quit	A	NA
1518	9b99c861-a918-428f-b0bc-682fa0bae80b	play	2. HabitNow Daily Routine Planner	5	2022-12-15	quit	A	NA
1519	aa4b4e8f-180c-439c-b24d-2e006c4381f3	play	2. HabitNow Daily Routine Planner	5	2020-09-12	quit	A	NA
1520	b878b4c8-036d-44c1-8e1d-30486dc9c38e	play	2. HabitNow Daily Routine Planner	5	2022-01-04	quit	A	NA
1521	d1ffa7ac-5b37-4365-bf8f-b68dd2ffe596	play	2. HabitNow Daily Routine Planner	4	2024-08-25	quit	A	NA
1522	3939253986	app	20. Habit — Daily Tracker - Crush your goals like a boss	2	2019-03-29	quit	A	NA
1523	5887663621	app	20. Habit — Daily Tracker - Crush your goals like a boss	4	2020-05-01	quit	A	?RUN
1524	904e64dc-955b-451a-9604-0e7f3b061245	play	20. MyRoutine - Routine Habit Goal	5	2024-08-30	quit	A	?RUN
1525	e5bbf72f-045b-4dc2-b8e4-c64552f6c5ee	play	22. Disciplined - Habit Tracker	1	2026-04-05	quit	A	-WRONG
1526	2420b0f3-8c51-461f-881b-b407e1f6af79	play	22. Disciplined - Habit Tracker	4	2025-09-12	quit	A	+STREAK,?SLIPS
1527	14609430-d34a-421b-b12a-e951e9fc1b9d	play	22. Disciplined - Habit Tracker	4	2025-01-27	quit	A	-WRONG
1528	8019547720	app	23. Streaks - The habit-forming to-do list	3	2021-11-13	quit	A	?OVER,?SLIPS
1529	10385308125	app	23. Streaks - The habit-forming to-do list	4	2023-09-19	quit	A	?SLIPS
1530	1876730463	app	23. Streaks - The habit-forming to-do list	5	2017-10-26	quit	A	+PERIOD
1531	5245380757	app	23. Streaks - The habit-forming to-do list	5	2019-12-07	quit	A	NA
1532	3927825569	app	23. Streaks - The habit-forming to-do list	5	2019-03-26	quit	A	NA
1533	1859754980	app	23. Streaks - The habit-forming to-do list	5	2017-10-19	quit	A	NA
1534	1736745381	app	23. Streaks - The habit-forming to-do list	5	2017-08-21	quit	A	+DAYS
1535	1467051174	app	23. Streaks - The habit-forming to-do list	5	2016-10-15	quit	A	+RUN
1536	cafd002c-e3d5-4089-ad7c-72e1153f634e	play	24. Habit Tracker	4	2025-07-17	quit	A	?SLIPS
1537	93a04cfc-a1b8-42f2-ae2c-e03646a9c137	play	24. Habit Tracker	5	2024-06-06	quit	A	+RUN
1538	3d2d41ca-011b-4795-913e-87cfc3635319	play	24. Habit Tracker	5	2019-11-04	quit	A	+RUN
1539	9424718f-0a42-43f2-b0e2-7b85ddbe1c35	play	24. Habit Tracker	4	2019-04-28	quit	A	?SLIPS
1540	dc0d4b64-0ef1-42f9-b343-abd2fd8c31b7	play	24. Habit Tracker	5	2019-02-21	quit	A	+RUN
1541	535498d2-285f-4510-8646-b04eaf8f27ac	play	24. Habit Tracker	5	2019-02-18	quit	A	?SAVED
1542	c3de7c7a-2b1b-43c1-9247-754a1704b3b6	play	24. Habit Tracker	3	2018-06-02	quit	A	+RUN
1543	549bb95e-1345-4c58-ac9d-f732128a2995	play	24. Habit Tracker	5	2016-02-14	quit	A	+RUN
1544	00c576af-e37e-49e2-b9c5-0ed6fd5e904f	play	24. Habit Tracker	4	2015-03-28	quit	A	+DAYS
1545	4bc65679-2b20-43cc-94e9-8aace73622d6	play	24. Habit Tracker	5	2020-04-02	quit	A	NA
1546	10468572229	app	25. Grit - Daily Habit Tracker - Routines & Goals ADHD Planner	4	2023-10-13	quit	A	NA
1547	10081083127	app	25. Grit - Daily Habit Tracker - Routines & Goals ADHD Planner	5	2023-06-28	quit	A	NA
1548	13976982513	app	25. Grit - Daily Habit Tracker - Routines & Goals ADHD Planner	3	2026-04-20	quit	A	-CLUTTER,?SLIPS
1549	14425266125	app	3. Days Since - Quit Habit Tracker - Sober Streak Day Counter	5	2026-08-14	quit	A	+RUN
1550	12610359076	app	3. Days Since - Quit Habit Tracker - Sober Streak Day Counter	5	2025-05-02	quit	A	+RUN
1551	11680603321	app	3. Days Since - Quit Habit Tracker - Sober Streak Day Counter	5	2024-09-02	quit	A	NA
1552	8839158223	app	3. Days Since - Quit Habit Tracker - Sober Streak Day Counter	5	2022-07-04	quit	A	NA
1553	14084401233	app	3. Days Since - Quit Habit Tracker - Sober Streak Day Counter	5	2026-05-20	quit	A	+RUN
1554	13980463925	app	3. Days Since - Quit Habit Tracker - Sober Streak Day Counter	5	2026-04-21	quit	A	+RUN
1555	13089410750	app	3. Days Since - Quit Habit Tracker - Sober Streak Day Counter	5	2025-09-02	quit	A	+RUN
1556	12883232258	app	3. Days Since - Quit Habit Tracker - Sober Streak Day Counter	5	2025-07-12	quit	A	+SLIPS
1557	12520915627	app	3. Days Since - Quit Habit Tracker - Sober Streak Day Counter	5	2025-04-09	quit	A	NA
1558	12317005765	app	3. Days Since - Quit Habit Tracker - Sober Streak Day Counter	5	2025-02-16	quit	A	+RUN
1559	11649306726	app	3. Days Since - Quit Habit Tracker - Sober Streak Day Counter	5	2024-08-25	quit	A	?SAVED
1560	11555675631	app	3. Days Since - Quit Habit Tracker - Sober Streak Day Counter	4	2024-07-31	quit	A	+RUN,+SLIPS
1561	10719741603	app	3. Days Since - Quit Habit Tracker - Sober Streak Day Counter	4	2023-12-19	quit	A	+RUN
1562	10356432862	app	3. Days Since - Quit Habit Tracker - Sober Streak Day Counter	4	2023-09-11	quit	A	+RUN
1563	8888426903	app	3. Days Since - Quit Habit Tracker - Sober Streak Day Counter	5	2022-07-19	quit	A	+RUN
1564	8820654604	app	3. Days Since - Quit Habit Tracker - Sober Streak Day Counter	5	2022-06-29	quit	A	+RUN
1565	8761807161	app	3. Days Since - Quit Habit Tracker - Sober Streak Day Counter	5	2022-06-11	quit	A	+RUN,+SLIPS
1566	8511030089	app	3. Days Since - Quit Habit Tracker - Sober Streak Day Counter	5	2022-03-30	quit	A	+AVG,+RUN,+SLIPS
1567	8197540101	app	3. Days Since - Quit Habit Tracker - Sober Streak Day Counter	5	2022-01-03	quit	A	+RUN
1568	8132517827	app	3. Days Since - Quit Habit Tracker - Sober Streak Day Counter	5	2021-12-15	quit	A	+RUN
1569	7830826565	app	3. Days Since - Quit Habit Tracker - Sober Streak Day Counter	5	2021-09-21	quit	A	+RUN
1570	6490450957	app	3. Days Since - Quit Habit Tracker - Sober Streak Day Counter	5	2020-10-02	quit	A	+RUN
1571	8232167291	app	3. Days Since - Quit Habit Tracker - Sober Streak Day Counter	4	2022-01-12	quit	A	+RUN
1572	14360747107	app	3. Days Since - Quit Habit Tracker - Sober Streak Day Counter	5	2026-07-29	quit	A	+RUN
1573	11824714006	app	3. Days Since - Quit Habit Tracker - Sober Streak Day Counter	5	2024-10-12	quit	A	+RUN
1574	14315678277	app	3. Days Since - Quit Habit Tracker - Sober Streak Day Counter	5	2026-07-17	quit	A	+RUN
1575	14224900625	app	3. Days Since - Quit Habit Tracker - Sober Streak Day Counter	5	2026-06-25	quit	A	+RUN
1576	14090958983	app	3. Days Since - Quit Habit Tracker - Sober Streak Day Counter	5	2026-05-21	quit	A	+RUN
1577	13843533326	app	3. Days Since - Quit Habit Tracker - Sober Streak Day Counter	5	2026-03-13	quit	A	+RUN
1578	13535056893	app	3. Days Since - Quit Habit Tracker - Sober Streak Day Counter	5	2025-12-20	quit	A	+PREV,+RUN
1579	13297033661	app	3. Days Since - Quit Habit Tracker - Sober Streak Day Counter	5	2025-10-21	quit	A	+RUN
1580	13150392261	app	3. Days Since - Quit Habit Tracker - Sober Streak Day Counter	5	2025-09-17	quit	A	+RUN
1581	13146080861	app	3. Days Since - Quit Habit Tracker - Sober Streak Day Counter	5	2025-09-16	quit	A	+RUN
1582	12856971079	app	3. Days Since - Quit Habit Tracker - Sober Streak Day Counter	5	2025-07-05	quit	A	+RUN
1583	12839642174	app	3. Days Since - Quit Habit Tracker - Sober Streak Day Counter	5	2025-07-01	quit	A	+RUN
1584	12351936781	app	3. Days Since - Quit Habit Tracker - Sober Streak Day Counter	5	2025-02-25	quit	A	+RUN
1585	12083588466	app	3. Days Since - Quit Habit Tracker - Sober Streak Day Counter	5	2024-12-20	quit	A	+RUN
1586	11614207239	app	3. Days Since - Quit Habit Tracker - Sober Streak Day Counter	5	2024-08-15	quit	A	+RUN
1587	11593417307	app	3. Days Since - Quit Habit Tracker - Sober Streak Day Counter	5	2024-08-10	quit	A	+RUN
1588	11529899994	app	3. Days Since - Quit Habit Tracker - Sober Streak Day Counter	5	2024-07-24	quit	A	+RUN
1589	11527129764	app	3. Days Since - Quit Habit Tracker - Sober Streak Day Counter	5	2024-07-23	quit	A	+RUN
1590	11353787047	app	3. Days Since - Quit Habit Tracker - Sober Streak Day Counter	4	2024-06-07	quit	A	+RUN
1591	11253391178	app	3. Days Since - Quit Habit Tracker - Sober Streak Day Counter	5	2024-05-10	quit	A	NA
1592	11021982335	app	3. Days Since - Quit Habit Tracker - Sober Streak Day Counter	4	2024-03-08	quit	A	+RUN
1593	10877027061	app	3. Days Since - Quit Habit Tracker - Sober Streak Day Counter	5	2024-01-29	quit	A	+RUN
1594	10866686649	app	3. Days Since - Quit Habit Tracker - Sober Streak Day Counter	5	2024-01-26	quit	A	+RUN
1595	10850349441	app	3. Days Since - Quit Habit Tracker - Sober Streak Day Counter	5	2024-01-22	quit	A	+RUN
1596	10676565310	app	3. Days Since - Quit Habit Tracker - Sober Streak Day Counter	5	2023-12-10	quit	A	+RUN
1597	10055608736	app	3. Days Since - Quit Habit Tracker - Sober Streak Day Counter	5	2023-06-21	quit	A	+RUN
1598	8773177775	app	3. Days Since - Quit Habit Tracker - Sober Streak Day Counter	5	2022-06-14	quit	A	+RUN,+SLIPS
1599	8491072157	app	3. Days Since - Quit Habit Tracker - Sober Streak Day Counter	5	2022-03-24	quit	A	+DAYVAL,+SLIPS
1600	8485069215	app	3. Days Since - Quit Habit Tracker - Sober Streak Day Counter	5	2022-03-23	quit	A	+RUN
1601	8421493334	app	3. Days Since - Quit Habit Tracker - Sober Streak Day Counter	5	2022-03-05	quit	A	+RUN
1602	8414029889	app	3. Days Since - Quit Habit Tracker - Sober Streak Day Counter	2	2022-03-03	quit	A	+RUN
1603	8284837660	app	3. Days Since - Quit Habit Tracker - Sober Streak Day Counter	5	2022-01-26	quit	A	+RUN,+SLIPS
1604	8274952677	app	3. Days Since - Quit Habit Tracker - Sober Streak Day Counter	5	2022-01-23	quit	A	+DAYVAL
1605	8238039609	app	3. Days Since - Quit Habit Tracker - Sober Streak Day Counter	5	2022-01-14	quit	A	NA
1606	8229153542	app	3. Days Since - Quit Habit Tracker - Sober Streak Day Counter	5	2022-01-11	quit	A	+RUN
1607	8103285120	app	3. Days Since - Quit Habit Tracker - Sober Streak Day Counter	4	2021-12-07	quit	A	+SLIPS,+TIMES
1608	8035595619	app	3. Days Since - Quit Habit Tracker - Sober Streak Day Counter	5	2021-11-18	quit	A	NA
1609	7981014774	app	3. Days Since - Quit Habit Tracker - Sober Streak Day Counter	5	2021-11-02	quit	A	+RUN
1610	7797033758	app	3. Days Since - Quit Habit Tracker - Sober Streak Day Counter	5	2021-09-12	quit	A	+SLIPS
1611	11209159944	app	3. Days Since - Quit Habit Tracker - Sober Streak Day Counter	5	2024-04-28	quit	A	+RUN
1612	13859355590	app	3. Days Since - Quit Habit Tracker - Sober Streak Day Counter	2	2026-03-18	quit	A	?PREV
1613	11499044530	app	3. Days Since - Quit Habit Tracker - Sober Streak Day Counter	4	2024-07-16	quit	A	?PERIOD,?SLIPS
1614	10187302576	app	3. Days Since - Quit Habit Tracker - Sober Streak Day Counter	5	2023-07-27	quit	A	+RUN
1615	9389887908	app	3. Days Since - Quit Habit Tracker - Sober Streak Day Counter	4	2022-12-13	quit	A	NA
1616	8105455266	app	3. Days Since - Quit Habit Tracker - Sober Streak Day Counter	5	2021-12-07	quit	A	+RUN
1617	7981181148	app	3. Days Since - Quit Habit Tracker - Sober Streak Day Counter	5	2021-11-02	quit	A	+RUN
1618	7846325799	app	3. Days Since - Quit Habit Tracker - Sober Streak Day Counter	5	2021-09-26	quit	A	+RUN
1619	7818143693	app	3. Days Since - Quit Habit Tracker - Sober Streak Day Counter	5	2021-09-18	quit	A	+AVG,+RUN,+SLIPS
1620	12961621057	app	3. Days Since - Quit Habit Tracker - Sober Streak Day Counter	5	2025-08-01	quit	A	+RUN
1621	9827138671	app	3. Days Since - Quit Habit Tracker - Sober Streak Day Counter	3	2023-04-16	quit	A	?TOTAL
1622	12987474976	app	3. Days Since - Quit Habit Tracker - Sober Streak Day Counter	4	2025-08-07	quit	A	?SLIPS
1623	10162153859	app	3. Days Since - Quit Habit Tracker - Sober Streak Day Counter	4	2023-07-20	quit	A	?SLIPS
1624	9776142489	app	3. Days Since - Quit Habit Tracker - Sober Streak Day Counter	5	2023-04-01	quit	A	+RUN
1625	7912669673	app	3. Days Since - Quit Habit Tracker - Sober Streak Day Counter	5	2021-10-14	quit	A	?TIMES,?WEEKDAY
1626	13461554428	app	3. Days Since - Quit Habit Tracker - Sober Streak Day Counter	5	2025-12-01	quit	A	+RUN
1627	13070768590	app	3. Days Since - Quit Habit Tracker - Sober Streak Day Counter	5	2025-08-28	quit	A	+RUN
1628	11762701448	app	3. Days Since - Quit Habit Tracker - Sober Streak Day Counter	5	2024-09-25	quit	A	+RUN
1629	9086492043	app	3. Days Since - Quit Habit Tracker - Sober Streak Day Counter	5	2022-09-15	quit	A	NA
1630	9738211011	app	3. Days Since - Quit Habit Tracker - Sober Streak Day Counter	4	2023-03-22	quit	A	?SLIPS
1631	9360907518	app	3. Days Since - Quit Habit Tracker - Sober Streak Day Counter	5	2022-12-04	quit	A	+RUN
1632	8016233803	app	3. Days Since - Quit Habit Tracker - Sober Streak Day Counter	5	2021-11-12	quit	A	?RUN
1633	14495935192	app	3. Days Since - Quit Habit Tracker - Sober Streak Day Counter	5	2026-09-01	quit	A	+DAYVAL,+SLIPS
1634	14482709897	app	3. Days Since - Quit Habit Tracker - Sober Streak Day Counter	5	2026-08-28	quit	A	+RUN
1635	14479485824	app	3. Days Since - Quit Habit Tracker - Sober Streak Day Counter	5	2026-08-27	quit	A	+DAYVAL
1636	14442344000	app	3. Days Since - Quit Habit Tracker - Sober Streak Day Counter	5	2026-08-18	quit	A	+RUN
1637	14346840022	app	3. Days Since - Quit Habit Tracker - Sober Streak Day Counter	5	2026-07-25	quit	A	+RUN
1638	14242372402	app	3. Days Since - Quit Habit Tracker - Sober Streak Day Counter	5	2026-06-29	quit	A	+RUN
1639	14232819461	app	3. Days Since - Quit Habit Tracker - Sober Streak Day Counter	5	2026-06-27	quit	A	+RUN
1640	14107431696	app	3. Days Since - Quit Habit Tracker - Sober Streak Day Counter	5	2026-05-26	quit	A	+RUN
1641	14037168704	app	3. Days Since - Quit Habit Tracker - Sober Streak Day Counter	5	2026-05-07	quit	A	+RUN
1642	13982803495	app	3. Days Since - Quit Habit Tracker - Sober Streak Day Counter	5	2026-04-21	quit	A	+RUN
1643	13974353363	app	3. Days Since - Quit Habit Tracker - Sober Streak Day Counter	5	2026-04-19	quit	A	?AVG,?PREV
1644	13958378447	app	3. Days Since - Quit Habit Tracker - Sober Streak Day Counter	5	2026-04-14	quit	A	+RUN
1645	13502794405	app	3. Days Since - Quit Habit Tracker - Sober Streak Day Counter	5	2025-12-11	quit	A	+AVG,+RUN
1646	13418388240	app	3. Days Since - Quit Habit Tracker - Sober Streak Day Counter	5	2025-11-20	quit	A	+RUN
1647	13284314672	app	3. Days Since - Quit Habit Tracker - Sober Streak Day Counter	3	2025-10-18	quit	A	+RUN,+SLIPS
1648	12842286904	app	3. Days Since - Quit Habit Tracker - Sober Streak Day Counter	5	2025-07-02	quit	A	+RUN
1649	12756046476	app	3. Days Since - Quit Habit Tracker - Sober Streak Day Counter	5	2025-06-09	quit	A	+RUN
1650	12738839681	app	3. Days Since - Quit Habit Tracker - Sober Streak Day Counter	5	2025-06-05	quit	A	+RUN
1651	12703742034	app	3. Days Since - Quit Habit Tracker - Sober Streak Day Counter	5	2025-05-27	quit	A	+RUN,+SLIPS
1652	12622562349	app	3. Days Since - Quit Habit Tracker - Sober Streak Day Counter	5	2025-05-05	quit	A	+DAYVAL
1653	12343719284	app	3. Days Since - Quit Habit Tracker - Sober Streak Day Counter	5	2025-02-23	quit	A	NA
1654	12307866290	app	3. Days Since - Quit Habit Tracker - Sober Streak Day Counter	5	2025-02-14	quit	A	+RUN
1655	12299915653	app	3. Days Since - Quit Habit Tracker - Sober Streak Day Counter	5	2025-02-11	quit	A	+RUN
1656	12246437122	app	3. Days Since - Quit Habit Tracker - Sober Streak Day Counter	1	2025-01-29	quit	A	?DAYS
1657	12063845402	app	3. Days Since - Quit Habit Tracker - Sober Streak Day Counter	5	2024-12-14	quit	A	+RUN
1658	11901222423	app	3. Days Since - Quit Habit Tracker - Sober Streak Day Counter	5	2024-11-01	quit	A	+RUN
1659	11806673178	app	3. Days Since - Quit Habit Tracker - Sober Streak Day Counter	5	2024-10-07	quit	A	+RUN
1660	11794236991	app	3. Days Since - Quit Habit Tracker - Sober Streak Day Counter	5	2024-10-03	quit	A	+RUN
1661	11745419293	app	3. Days Since - Quit Habit Tracker - Sober Streak Day Counter	5	2024-09-20	quit	A	+DAYVAL,+SLIPS,+WEEKDAY
1662	11708390848	app	3. Days Since - Quit Habit Tracker - Sober Streak Day Counter	5	2024-09-10	quit	A	+RUN
1663	11692120829	app	3. Days Since - Quit Habit Tracker - Sober Streak Day Counter	5	2024-09-05	quit	A	+RUN
1664	11613273963	app	3. Days Since - Quit Habit Tracker - Sober Streak Day Counter	4	2024-08-15	quit	A	+RUN,+SLIPS
1665	11553682673	app	3. Days Since - Quit Habit Tracker - Sober Streak Day Counter	5	2024-07-30	quit	A	+RUN
1666	11544374928	app	3. Days Since - Quit Habit Tracker - Sober Streak Day Counter	5	2024-07-28	quit	A	+RUN
1667	11506630050	app	3. Days Since - Quit Habit Tracker - Sober Streak Day Counter	5	2024-07-18	quit	A	+RUN
1668	11485295967	app	3. Days Since - Quit Habit Tracker - Sober Streak Day Counter	4	2024-07-12	quit	A	?SLIPS
1669	11448945040	app	3. Days Since - Quit Habit Tracker - Sober Streak Day Counter	4	2024-07-02	quit	A	+RUN
1670	11428899772	app	3. Days Since - Quit Habit Tracker - Sober Streak Day Counter	5	2024-06-27	quit	A	+RUN
1671	11413627527	app	3. Days Since - Quit Habit Tracker - Sober Streak Day Counter	5	2024-06-23	quit	A	+NOTES,+SLIPS
1672	11390377695	app	3. Days Since - Quit Habit Tracker - Sober Streak Day Counter	5	2024-06-17	quit	A	+RUN
1673	11327416747	app	3. Days Since - Quit Habit Tracker - Sober Streak Day Counter	5	2024-05-31	quit	A	+RUN
1674	11095382400	app	3. Days Since - Quit Habit Tracker - Sober Streak Day Counter	5	2024-03-28	quit	A	+RUN
1675	10948797486	app	3. Days Since - Quit Habit Tracker - Sober Streak Day Counter	5	2024-02-17	quit	A	+PREV
1676	10808797461	app	3. Days Since - Quit Habit Tracker - Sober Streak Day Counter	5	2024-01-11	quit	A	+RUN
1677	10775766410	app	3. Days Since - Quit Habit Tracker - Sober Streak Day Counter	5	2024-01-02	quit	A	+RUN
1678	10590584757	app	3. Days Since - Quit Habit Tracker - Sober Streak Day Counter	5	2023-11-16	quit	A	+RUN
1679	10480447149	app	3. Days Since - Quit Habit Tracker - Sober Streak Day Counter	5	2023-10-16	quit	A	+RUN
1680	10380458581	app	3. Days Since - Quit Habit Tracker - Sober Streak Day Counter	5	2023-09-18	quit	A	+RUN
1681	10172441283	app	3. Days Since - Quit Habit Tracker - Sober Streak Day Counter	5	2023-07-23	quit	A	+RUN
1682	9725862564	app	3. Days Since - Quit Habit Tracker - Sober Streak Day Counter	5	2023-03-18	quit	A	+RUN
1683	9458422690	app	3. Days Since - Quit Habit Tracker - Sober Streak Day Counter	5	2023-01-01	quit	A	+RUN
1684	9265909436	app	3. Days Since - Quit Habit Tracker - Sober Streak Day Counter	5	2022-11-07	quit	A	+RUN
1685	9180992523	app	3. Days Since - Quit Habit Tracker - Sober Streak Day Counter	5	2022-10-13	quit	A	+RUN
1686	8941800995	app	3. Days Since - Quit Habit Tracker - Sober Streak Day Counter	5	2022-08-03	quit	A	+RUN
1687	8938264215	app	3. Days Since - Quit Habit Tracker - Sober Streak Day Counter	5	2022-08-02	quit	A	+RUN
1688	8923516284	app	3. Days Since - Quit Habit Tracker - Sober Streak Day Counter	5	2022-07-29	quit	A	+RUN
1689	8765059140	app	3. Days Since - Quit Habit Tracker - Sober Streak Day Counter	4	2022-06-12	quit	A	+RUN
1690	8749513556	app	3. Days Since - Quit Habit Tracker - Sober Streak Day Counter	5	2022-06-07	quit	A	+RUN
1691	8691174338	app	3. Days Since - Quit Habit Tracker - Sober Streak Day Counter	5	2022-05-20	quit	A	+RUN
1692	8686487039	app	3. Days Since - Quit Habit Tracker - Sober Streak Day Counter	3	2022-05-19	quit	A	?SLIPS
1693	8677709084	app	3. Days Since - Quit Habit Tracker - Sober Streak Day Counter	5	2022-05-16	quit	A	+SLIPS
1694	8302366712	app	3. Days Since - Quit Habit Tracker - Sober Streak Day Counter	5	2022-01-31	quit	A	+RUN
1695	8289426288	app	3. Days Since - Quit Habit Tracker - Sober Streak Day Counter	5	2022-01-27	quit	A	+RUN
1696	8210069260	app	3. Days Since - Quit Habit Tracker - Sober Streak Day Counter	5	2022-01-06	quit	A	+DAYVAL
1697	8131751547	app	3. Days Since - Quit Habit Tracker - Sober Streak Day Counter	5	2021-12-15	quit	A	+RUN
1698	8034842662	app	3. Days Since - Quit Habit Tracker - Sober Streak Day Counter	5	2021-11-17	quit	A	+RUN
1699	8029688714	app	3. Days Since - Quit Habit Tracker - Sober Streak Day Counter	5	2021-11-16	quit	A	+DAYVAL
1700	8013986068	app	3. Days Since - Quit Habit Tracker - Sober Streak Day Counter	5	2021-11-12	quit	A	+DAYVAL,+SLIPS
1701	7973140589	app	3. Days Since - Quit Habit Tracker - Sober Streak Day Counter	5	2021-10-31	quit	A	+RUN
1702	7878596170	app	3. Days Since - Quit Habit Tracker - Sober Streak Day Counter	4	2021-10-04	quit	A	?SLIPS
1703	7786710038	app	3. Days Since - Quit Habit Tracker - Sober Streak Day Counter	5	2021-09-09	quit	A	+RUN
1704	6669024864	app	3. Days Since - Quit Habit Tracker - Sober Streak Day Counter	5	2020-11-21	quit	A	+RUN
1705	12790822752	app	3. Days Since - Quit Habit Tracker - Sober Streak Day Counter	3	2025-06-19	quit	A	?PERIOD
1706	12358732786	app	3. Days Since - Quit Habit Tracker - Sober Streak Day Counter	5	2025-02-26	quit	A	+RUN
1707	13511876936	app	3. Days Since - Quit Habit Tracker - Sober Streak Day Counter	5	2025-12-14	quit	A	NA
1708	13726040809	app	3. Days Since - Quit Habit Tracker - Sober Streak Day Counter	5	2026-02-08	quit	A	NA
1709	12714792272	app	3. Days Since - Quit Habit Tracker - Sober Streak Day Counter	5	2025-05-30	quit	A	+RUN
1710	12308505754	app	3. Days Since - Quit Habit Tracker - Sober Streak Day Counter	5	2025-02-14	quit	A	+RUN
1711	12276660919	app	3. Days Since - Quit Habit Tracker - Sober Streak Day Counter	5	2025-02-06	quit	A	+RUN
1712	12123078512	app	3. Days Since - Quit Habit Tracker - Sober Streak Day Counter	5	2024-12-30	quit	A	+RUN
1713	12098476442	app	3. Days Since - Quit Habit Tracker - Sober Streak Day Counter	5	2024-12-24	quit	A	+RUN
1714	12092960972	app	3. Days Since - Quit Habit Tracker - Sober Streak Day Counter	5	2024-12-22	quit	A	+RUN
1715	11516022048	app	3. Days Since - Quit Habit Tracker - Sober Streak Day Counter	4	2024-07-20	quit	A	+RUN
1716	11511641881	app	3. Days Since - Quit Habit Tracker - Sober Streak Day Counter	5	2024-07-19	quit	A	+RUN
1717	11447177018	app	3. Days Since - Quit Habit Tracker - Sober Streak Day Counter	5	2024-07-02	quit	A	+RUN
1718	11377676286	app	3. Days Since - Quit Habit Tracker - Sober Streak Day Counter	5	2024-06-13	quit	A	+RUN
1719	8949346228	app	3. Days Since - Quit Habit Tracker - Sober Streak Day Counter	5	2022-08-06	quit	A	?SLIPS
1720	8856615463	app	3. Days Since - Quit Habit Tracker - Sober Streak Day Counter	5	2022-07-09	quit	A	+RUN
1721	8702124316	app	3. Days Since - Quit Habit Tracker - Sober Streak Day Counter	5	2022-05-24	quit	A	+RUN
1722	8361981755	app	3. Days Since - Quit Habit Tracker - Sober Streak Day Counter	5	2022-02-16	quit	A	+RUN
1723	8360831484	app	3. Days Since - Quit Habit Tracker - Sober Streak Day Counter	5	2022-02-16	quit	A	+RUN
1724	7845878638	app	3. Days Since - Quit Habit Tracker - Sober Streak Day Counter	5	2021-09-26	quit	A	+RUN
1725	7809383519	app	3. Days Since - Quit Habit Tracker - Sober Streak Day Counter	5	2021-09-15	quit	A	+RUN
1726	6293356989	app	3. Days Since - Quit Habit Tracker - Sober Streak Day Counter	5	2020-08-08	quit	A	?PREV
1727	8187794564	app	3. Days Since - Quit Habit Tracker - Sober Streak Day Counter	4	2021-12-31	quit	A	+RUN
1728	14447942461	app	3. Days Since - Quit Habit Tracker - Sober Streak Day Counter	5	2026-08-19	quit	A	+RUN
1729	11549990017	app	3. Days Since - Quit Habit Tracker - Sober Streak Day Counter	5	2024-07-30	quit	A	+RUN
1730	8749151395	app	3. Days Since - Quit Habit Tracker - Sober Streak Day Counter	5	2022-06-07	quit	A	+RUN
1731	8314919787	app	3. Days Since - Quit Habit Tracker - Sober Streak Day Counter	5	2022-02-03	quit	A	+RUN
1732	11708583635	app	3. Days Since - Quit Habit Tracker - Sober Streak Day Counter	5	2024-09-10	quit	A	+RUN
1733	13601186644	app	3. Days Since - Quit Habit Tracker - Sober Streak Day Counter	5	2026-01-06	quit	A	+RUN
1734	12324457946	app	3. Days Since - Quit Habit Tracker - Sober Streak Day Counter	5	2025-02-18	quit	A	+RUN
1735	11705023060	app	3. Days Since - Quit Habit Tracker - Sober Streak Day Counter	5	2024-09-09	quit	A	NA
1736	8058466468	app	3. Days Since - Quit Habit Tracker - Sober Streak Day Counter	5	2021-11-24	quit	A	+RUN
1737	8121285979	app	3. Days Since - Quit Habit Tracker - Sober Streak Day Counter	5	2021-12-12	quit	A	+RUN
1738	12138599609	app	3. Days Since - Quit Habit Tracker - Sober Streak Day Counter	5	2025-01-03	quit	A	+RUN
1739	8663298351	app	3. Days Since - Quit Habit Tracker - Sober Streak Day Counter	5	2022-05-12	quit	A	+RUN
1740	7350055470	app	3. Days Since - Quit Habit Tracker - Sober Streak Day Counter	5	2021-05-17	quit	A	+NOTES
1741	13041797038	app	3. Days Since - Quit Habit Tracker - Sober Streak Day Counter	5	2025-08-21	quit	A	+RUN,+SLIPS
1742	12343664318	app	3. Days Since - Quit Habit Tracker - Sober Streak Day Counter	5	2025-02-23	quit	A	+RUN
1743	8670863468	app	3. Days Since - Quit Habit Tracker - Sober Streak Day Counter	5	2022-05-14	quit	A	+SLIPS
1744	12186811668	app	3. Days Since - Quit Habit Tracker - Sober Streak Day Counter	4	2025-01-15	quit	A	+RUN
1745	11512877881	app	3. Days Since - Quit Habit Tracker - Sober Streak Day Counter	5	2024-07-20	quit	A	+RUN
1746	7852386735	app	3. Days Since - Quit Habit Tracker - Sober Streak Day Counter	5	2021-09-28	quit	A	+RUN
1747	9510484412	app	3. Days Since - Quit Habit Tracker - Sober Streak Day Counter	5	2023-01-15	quit	A	+RUN
1748	9509089369	app	3. Days Since - Quit Habit Tracker - Sober Streak Day Counter	5	2023-01-15	quit	A	+RUN
1749	8036962593	app	3. Days Since - Quit Habit Tracker - Sober Streak Day Counter	5	2021-11-18	quit	A	+RUN
1750	13809495701	app	3. Days Since - Quit Habit Tracker - Sober Streak Day Counter	4	2026-03-03	quit	A	?PERIOD
1751	8939819071	app	3. Days Since - Quit Habit Tracker - Sober Streak Day Counter	5	2022-08-03	quit	A	+RUN
1752	11628991945	app	3. Days Since - Quit Habit Tracker - Sober Streak Day Counter	5	2024-08-19	quit	A	+RUN
1753	11046057832	app	3. Days Since - Quit Habit Tracker - Sober Streak Day Counter	5	2024-03-15	quit	A	+RUN
1754	9559088591	app	3. Days Since - Quit Habit Tracker - Sober Streak Day Counter	5	2023-01-29	quit	A	NA
1755	12786356286	app	3. Days Since - Quit Habit Tracker - Sober Streak Day Counter	5	2025-06-17	quit	A	+RUN
1756	10570326748	app	3. Days Since - Quit Habit Tracker - Sober Streak Day Counter	5	2023-11-10	quit	A	+RUN
1757	10392375473	app	3. Days Since - Quit Habit Tracker - Sober Streak Day Counter	5	2023-09-21	quit	A	+RUN
1758	10259845525	app	3. Days Since - Quit Habit Tracker - Sober Streak Day Counter	4	2023-08-15	quit	A	?PERIOD
1759	8179037420	app	3. Days Since - Quit Habit Tracker - Sober Streak Day Counter	5	2021-12-28	quit	A	+RUN
1760	6754462492	app	3. Days Since - Quit Habit Tracker - Sober Streak Day Counter	5	2020-12-15	quit	A	+RUN
1761	11013273772	app	3. Days Since - Quit Habit Tracker - Sober Streak Day Counter	5	2024-03-06	quit	A	+AVG,?AVG
1762	7794143584	app	3. Days Since - Quit Habit Tracker - Sober Streak Day Counter	5	2021-09-11	quit	A	+AVG,+RUN
1763	14362024434	app	3. Days Since - Quit Habit Tracker - Sober Streak Day Counter	4	2026-07-29	quit	A	+RUN
1764	12071005350	app	3. Days Since - Quit Habit Tracker - Sober Streak Day Counter	5	2024-12-16	quit	A	+RUN
1765	8146184144	app	3. Days Since - Quit Habit Tracker - Sober Streak Day Counter	5	2021-12-19	quit	A	+SLIPS,+TIMES
1766	11389282645	app	3. Days Since - Quit Habit Tracker - Sober Streak Day Counter	2	2024-06-16	quit	A	+RUN
1767	10174001814	app	3. Days Since - Quit Habit Tracker - Sober Streak Day Counter	5	2023-07-23	quit	A	+RUN
1768	11795273249	app	3. Days Since - Quit Habit Tracker - Sober Streak Day Counter	5	2024-10-04	quit	A	+RUN
1769	8707610338	app	3. Days Since - Quit Habit Tracker - Sober Streak Day Counter	5	2022-05-25	quit	A	+RUN
1770	8624544536	app	3. Days Since - Quit Habit Tracker - Sober Streak Day Counter	5	2022-05-01	quit	A	?RUN
1771	11831819875	app	3. Days Since - Quit Habit Tracker - Sober Streak Day Counter	5	2024-10-14	quit	A	+RUN
1772	14498096024	app	3. Days Since - Quit Habit Tracker - Sober Streak Day Counter	4	2026-09-01	quit	A	NA
1773	14401573342	app	3. Days Since - Quit Habit Tracker - Sober Streak Day Counter	5	2026-08-08	quit	A	+RUN
1774	14392230301	app	3. Days Since - Quit Habit Tracker - Sober Streak Day Counter	5	2026-08-05	quit	A	NA
1775	14367591059	app	3. Days Since - Quit Habit Tracker - Sober Streak Day Counter	5	2026-07-30	quit	A	+RUN
1776	14364433138	app	3. Days Since - Quit Habit Tracker - Sober Streak Day Counter	5	2026-07-30	quit	A	+RUN
1777	14364118481	app	3. Days Since - Quit Habit Tracker - Sober Streak Day Counter	5	2026-07-29	quit	A	+PREV
1778	14364011556	app	3. Days Since - Quit Habit Tracker - Sober Streak Day Counter	5	2026-07-29	quit	A	+RUN
1779	14329125954	app	3. Days Since - Quit Habit Tracker - Sober Streak Day Counter	5	2026-07-21	quit	A	+RUN
1780	14324807045	app	3. Days Since - Quit Habit Tracker - Sober Streak Day Counter	5	2026-07-20	quit	A	NA
1781	14322365253	app	3. Days Since - Quit Habit Tracker - Sober Streak Day Counter	5	2026-07-19	quit	A	+RUN
1782	14291765996	app	3. Days Since - Quit Habit Tracker - Sober Streak Day Counter	5	2026-07-11	quit	A	+RUN
1783	14268273741	app	3. Days Since - Quit Habit Tracker - Sober Streak Day Counter	5	2026-07-06	quit	A	+RUN
1784	14239041819	app	3. Days Since - Quit Habit Tracker - Sober Streak Day Counter	5	2026-06-29	quit	A	+RUN
1785	14221441188	app	3. Days Since - Quit Habit Tracker - Sober Streak Day Counter	5	2026-06-24	quit	A	+RUN
1786	14215526815	app	3. Days Since - Quit Habit Tracker - Sober Streak Day Counter	5	2026-06-23	quit	A	+RUN
1787	14200335309	app	3. Days Since - Quit Habit Tracker - Sober Streak Day Counter	5	2026-06-19	quit	A	+RUN
1788	14193811273	app	3. Days Since - Quit Habit Tracker - Sober Streak Day Counter	5	2026-06-17	quit	A	+RUN
1789	14136722955	app	3. Days Since - Quit Habit Tracker - Sober Streak Day Counter	5	2026-06-02	quit	A	+RUN
1790	14131317269	app	3. Days Since - Quit Habit Tracker - Sober Streak Day Counter	5	2026-06-01	quit	A	+RUN
1791	14128437390	app	3. Days Since - Quit Habit Tracker - Sober Streak Day Counter	5	2026-05-31	quit	A	+AVG,+RUN,+SLIPS
1792	14116414902	app	3. Days Since - Quit Habit Tracker - Sober Streak Day Counter	5	2026-05-28	quit	A	+RUN
1793	14103463809	app	3. Days Since - Quit Habit Tracker - Sober Streak Day Counter	5	2026-05-25	quit	A	+RUN
1794	14087653141	app	3. Days Since - Quit Habit Tracker - Sober Streak Day Counter	5	2026-05-21	quit	A	+RUN
1795	14051506141	app	3. Days Since - Quit Habit Tracker - Sober Streak Day Counter	5	2026-05-11	quit	A	+RUN,+SLIPS
1796	14042669848	app	3. Days Since - Quit Habit Tracker - Sober Streak Day Counter	5	2026-05-08	quit	A	+RUN
1797	14034655126	app	3. Days Since - Quit Habit Tracker - Sober Streak Day Counter	5	2026-05-06	quit	A	+RUN
1798	14025835161	app	3. Days Since - Quit Habit Tracker - Sober Streak Day Counter	5	2026-05-04	quit	A	+RUN
1799	14019925135	app	3. Days Since - Quit Habit Tracker - Sober Streak Day Counter	5	2026-05-02	quit	A	+DAYVAL,+RUN
1800	14014676976	app	3. Days Since - Quit Habit Tracker - Sober Streak Day Counter	5	2026-05-01	quit	A	+RUN
1801	14013807223	app	3. Days Since - Quit Habit Tracker - Sober Streak Day Counter	5	2026-04-30	quit	A	NA
1802	14002007871	app	3. Days Since - Quit Habit Tracker - Sober Streak Day Counter	5	2026-04-27	quit	A	+RUN
1803	13993242068	app	3. Days Since - Quit Habit Tracker - Sober Streak Day Counter	5	2026-04-24	quit	A	+RUN
1804	13977714094	app	3. Days Since - Quit Habit Tracker - Sober Streak Day Counter	5	2026-04-20	quit	A	+RUN
1805	13939461771	app	3. Days Since - Quit Habit Tracker - Sober Streak Day Counter	5	2026-04-09	quit	A	+SLIPS
1806	13893994976	app	3. Days Since - Quit Habit Tracker - Sober Streak Day Counter	5	2026-03-27	quit	A	+RUN
1807	13886019665	app	3. Days Since - Quit Habit Tracker - Sober Streak Day Counter	5	2026-03-25	quit	A	+RUN
1808	13860138521	app	3. Days Since - Quit Habit Tracker - Sober Streak Day Counter	5	2026-03-18	quit	A	+RUN
1809	13835418492	app	3. Days Since - Quit Habit Tracker - Sober Streak Day Counter	5	2026-03-11	quit	A	+RUN
1810	13803790668	app	3. Days Since - Quit Habit Tracker - Sober Streak Day Counter	5	2026-03-01	quit	A	+RUN
1811	13721716663	app	3. Days Since - Quit Habit Tracker - Sober Streak Day Counter	5	2026-02-07	quit	A	NA
1812	13717392120	app	3. Days Since - Quit Habit Tracker - Sober Streak Day Counter	5	2026-02-06	quit	A	+RUN
1813	13691686124	app	3. Days Since - Quit Habit Tracker - Sober Streak Day Counter	5	2026-01-30	quit	A	+RUN
1814	13681313137	app	3. Days Since - Quit Habit Tracker - Sober Streak Day Counter	5	2026-01-27	quit	A	NA
1815	13649780407	app	3. Days Since - Quit Habit Tracker - Sober Streak Day Counter	5	2026-01-19	quit	A	+RUN
1816	13627193376	app	3. Days Since - Quit Habit Tracker - Sober Streak Day Counter	5	2026-01-13	quit	A	+RUN
1817	13625597581	app	3. Days Since - Quit Habit Tracker - Sober Streak Day Counter	5	2026-01-12	quit	A	+RUN
1818	13619775390	app	3. Days Since - Quit Habit Tracker - Sober Streak Day Counter	5	2026-01-11	quit	A	+SLIPS
1819	13617752781	app	3. Days Since - Quit Habit Tracker - Sober Streak Day Counter	5	2026-01-10	quit	A	+RUN
1820	13616826322	app	3. Days Since - Quit Habit Tracker - Sober Streak Day Counter	5	2026-01-10	quit	A	+RUN
1821	13614553310	app	3. Days Since - Quit Habit Tracker - Sober Streak Day Counter	5	2026-01-09	quit	A	+RUN
1822	13606661247	app	3. Days Since - Quit Habit Tracker - Sober Streak Day Counter	5	2026-01-07	quit	A	+RUN
1823	13602265269	app	3. Days Since - Quit Habit Tracker - Sober Streak Day Counter	5	2026-01-06	quit	A	NA
1824	13599185838	app	3. Days Since - Quit Habit Tracker - Sober Streak Day Counter	5	2026-01-05	quit	A	+RUN
1825	13577828332	app	3. Days Since - Quit Habit Tracker - Sober Streak Day Counter	5	2025-12-31	quit	A	+RUN
1826	13575226190	app	3. Days Since - Quit Habit Tracker - Sober Streak Day Counter	5	2025-12-31	quit	A	+RUN
1827	13573875398	app	3. Days Since - Quit Habit Tracker - Sober Streak Day Counter	4	2025-12-30	quit	A	+RUN
1828	13571741107	app	3. Days Since - Quit Habit Tracker - Sober Streak Day Counter	5	2025-12-30	quit	A	+RUN,+SLIPS
1829	13558397739	app	3. Days Since - Quit Habit Tracker - Sober Streak Day Counter	5	2025-12-26	quit	A	NA
1830	13533161252	app	3. Days Since - Quit Habit Tracker - Sober Streak Day Counter	5	2025-12-20	quit	A	+TIMES
1831	13529405125	app	3. Days Since - Quit Habit Tracker - Sober Streak Day Counter	5	2025-12-19	quit	A	+RUN
1832	13527700433	app	3. Days Since - Quit Habit Tracker - Sober Streak Day Counter	5	2025-12-18	quit	A	+RUN
1833	13524576928	app	3. Days Since - Quit Habit Tracker - Sober Streak Day Counter	5	2025-12-17	quit	A	+RUN
1834	13518866901	app	3. Days Since - Quit Habit Tracker - Sober Streak Day Counter	5	2025-12-16	quit	A	+SLIPS,+TIMES
1835	13516767357	app	3. Days Since - Quit Habit Tracker - Sober Streak Day Counter	4	2025-12-15	quit	A	+RUN
1836	13503155914	app	3. Days Since - Quit Habit Tracker - Sober Streak Day Counter	5	2025-12-12	quit	A	+RUN,+SLIPS
1837	13495929241	app	3. Days Since - Quit Habit Tracker - Sober Streak Day Counter	2	2025-12-10	quit	A	+RUN
1838	13468408059	app	3. Days Since - Quit Habit Tracker - Sober Streak Day Counter	5	2025-12-03	quit	A	+RUN
1839	13464844134	app	3. Days Since - Quit Habit Tracker - Sober Streak Day Counter	5	2025-12-02	quit	A	+AVG,+SLIPS
1840	13455821947	app	3. Days Since - Quit Habit Tracker - Sober Streak Day Counter	5	2025-11-29	quit	A	+RUN
1841	13428441020	app	3. Days Since - Quit Habit Tracker - Sober Streak Day Counter	5	2025-11-22	quit	A	+PERIOD,+PREV
1842	13395203249	app	3. Days Since - Quit Habit Tracker - Sober Streak Day Counter	5	2025-11-14	quit	A	NA
1843	13382951231	app	3. Days Since - Quit Habit Tracker - Sober Streak Day Counter	5	2025-11-11	quit	A	+RUN
1844	13358006829	app	3. Days Since - Quit Habit Tracker - Sober Streak Day Counter	5	2025-11-05	quit	A	+RUN
1845	13355692136	app	3. Days Since - Quit Habit Tracker - Sober Streak Day Counter	5	2025-11-04	quit	A	+RUN
1846	13333505336	app	3. Days Since - Quit Habit Tracker - Sober Streak Day Counter	5	2025-10-30	quit	A	+RUN
1847	13323673458	app	3. Days Since - Quit Habit Tracker - Sober Streak Day Counter	5	2025-10-28	quit	A	+DAYVAL
1848	13306091344	app	3. Days Since - Quit Habit Tracker - Sober Streak Day Counter	5	2025-10-24	quit	A	+RUN
1849	13305397703	app	3. Days Since - Quit Habit Tracker - Sober Streak Day Counter	5	2025-10-23	quit	A	+RUN
1850	13304064257	app	3. Days Since - Quit Habit Tracker - Sober Streak Day Counter	5	2025-10-23	quit	A	+RUN
1851	13299328559	app	3. Days Since - Quit Habit Tracker - Sober Streak Day Counter	5	2025-10-22	quit	A	+RUN
1852	13293594174	app	3. Days Since - Quit Habit Tracker - Sober Streak Day Counter	5	2025-10-21	quit	A	+RUN
1853	13287995208	app	3. Days Since - Quit Habit Tracker - Sober Streak Day Counter	5	2025-10-19	quit	A	+RUN
1854	13277446797	app	3. Days Since - Quit Habit Tracker - Sober Streak Day Counter	5	2025-10-17	quit	A	+RUN
1855	13267110995	app	3. Days Since - Quit Habit Tracker - Sober Streak Day Counter	5	2025-10-14	quit	A	+RUN
1856	13266202539	app	3. Days Since - Quit Habit Tracker - Sober Streak Day Counter	5	2025-10-14	quit	A	+RUN
1857	13261728362	app	3. Days Since - Quit Habit Tracker - Sober Streak Day Counter	5	2025-10-13	quit	A	+RUN
1858	13261066303	app	3. Days Since - Quit Habit Tracker - Sober Streak Day Counter	5	2025-10-13	quit	A	+RUN
1859	13251017681	app	3. Days Since - Quit Habit Tracker - Sober Streak Day Counter	5	2025-10-11	quit	A	+RUN
1860	13229454374	app	3. Days Since - Quit Habit Tracker - Sober Streak Day Counter	5	2025-10-06	quit	A	+RUN
1861	13223688504	app	3. Days Since - Quit Habit Tracker - Sober Streak Day Counter	5	2025-10-04	quit	A	+RUN
1862	13188357858	app	3. Days Since - Quit Habit Tracker - Sober Streak Day Counter	4	2025-09-26	quit	A	+SLIPS
1863	13186001788	app	3. Days Since - Quit Habit Tracker - Sober Streak Day Counter	5	2025-09-26	quit	A	+RUN
1864	13172080714	app	3. Days Since - Quit Habit Tracker - Sober Streak Day Counter	5	2025-09-22	quit	A	+RUN
1865	13159060171	app	3. Days Since - Quit Habit Tracker - Sober Streak Day Counter	5	2025-09-20	quit	A	+RUN
1866	13158521269	app	3. Days Since - Quit Habit Tracker - Sober Streak Day Counter	5	2025-09-19	quit	A	+RUN
1867	13146483268	app	3. Days Since - Quit Habit Tracker - Sober Streak Day Counter	5	2025-09-17	quit	A	+RUN
1868	13138773406	app	3. Days Since - Quit Habit Tracker - Sober Streak Day Counter	4	2025-09-15	quit	A	+SLIPS
1869	13136155189	app	3. Days Since - Quit Habit Tracker - Sober Streak Day Counter	4	2025-09-14	quit	A	+RUN,+SLIPS,?TOTAL
1870	13118449514	app	3. Days Since - Quit Habit Tracker - Sober Streak Day Counter	5	2025-09-09	quit	A	+RUN
1871	13115800030	app	3. Days Since - Quit Habit Tracker - Sober Streak Day Counter	5	2025-09-09	quit	A	+SLIPS
1872	13091581867	app	3. Days Since - Quit Habit Tracker - Sober Streak Day Counter	5	2025-09-02	quit	A	+PREV,+SLIPS
1873	13058215347	app	3. Days Since - Quit Habit Tracker - Sober Streak Day Counter	5	2025-08-25	quit	A	+RUN
1874	13025316573	app	3. Days Since - Quit Habit Tracker - Sober Streak Day Counter	5	2025-08-17	quit	A	NA
1875	13008231431	app	3. Days Since - Quit Habit Tracker - Sober Streak Day Counter	5	2025-08-12	quit	A	+RUN
1876	13003902979	app	3. Days Since - Quit Habit Tracker - Sober Streak Day Counter	5	2025-08-11	quit	A	+RUN
1877	13000028647	app	3. Days Since - Quit Habit Tracker - Sober Streak Day Counter	5	2025-08-10	quit	A	+RUN
1878	12987624377	app	3. Days Since - Quit Habit Tracker - Sober Streak Day Counter	4	2025-08-07	quit	A	+RUN
1879	12975564009	app	3. Days Since - Quit Habit Tracker - Sober Streak Day Counter	5	2025-08-04	quit	A	+RUN
1880	12972611936	app	3. Days Since - Quit Habit Tracker - Sober Streak Day Counter	4	2025-08-03	quit	A	+RUN
1881	12957439114	app	3. Days Since - Quit Habit Tracker - Sober Streak Day Counter	4	2025-07-31	quit	A	+RUN
1882	12949226546	app	3. Days Since - Quit Habit Tracker - Sober Streak Day Counter	5	2025-07-29	quit	A	+NOTES
1883	12913515876	app	3. Days Since - Quit Habit Tracker - Sober Streak Day Counter	5	2025-07-20	quit	A	+RUN
1884	12903071801	app	3. Days Since - Quit Habit Tracker - Sober Streak Day Counter	5	2025-07-17	quit	A	+AVG,+SLIPS
1885	12896147968	app	3. Days Since - Quit Habit Tracker - Sober Streak Day Counter	5	2025-07-15	quit	A	+RUN
1886	12895215656	app	3. Days Since - Quit Habit Tracker - Sober Streak Day Counter	5	2025-07-15	quit	A	+RUN
1887	12894194674	app	3. Days Since - Quit Habit Tracker - Sober Streak Day Counter	5	2025-07-15	quit	A	+RUN
1888	12891113573	app	3. Days Since - Quit Habit Tracker - Sober Streak Day Counter	5	2025-07-14	quit	A	+RUN
1889	12885328109	app	3. Days Since - Quit Habit Tracker - Sober Streak Day Counter	5	2025-07-13	quit	A	+RUN
1890	12883606359	app	3. Days Since - Quit Habit Tracker - Sober Streak Day Counter	5	2025-07-12	quit	A	NA
1891	12875226125	app	3. Days Since - Quit Habit Tracker - Sober Streak Day Counter	5	2025-07-10	quit	A	+RUN
1892	12871968930	app	3. Days Since - Quit Habit Tracker - Sober Streak Day Counter	5	2025-07-09	quit	A	+RUN
1893	12865979135	app	3. Days Since - Quit Habit Tracker - Sober Streak Day Counter	5	2025-07-08	quit	A	+RUN
1894	12852344737	app	3. Days Since - Quit Habit Tracker - Sober Streak Day Counter	5	2025-07-04	quit	A	NA
1895	12844727300	app	3. Days Since - Quit Habit Tracker - Sober Streak Day Counter	5	2025-07-02	quit	A	+RUN
1896	12809527133	app	3. Days Since - Quit Habit Tracker - Sober Streak Day Counter	5	2025-06-23	quit	A	+RUN
1897	12795252752	app	3. Days Since - Quit Habit Tracker - Sober Streak Day Counter	5	2025-06-20	quit	A	+RUN
1898	12793163346	app	3. Days Since - Quit Habit Tracker - Sober Streak Day Counter	5	2025-06-19	quit	A	NA
1899	12792508653	app	3. Days Since - Quit Habit Tracker - Sober Streak Day Counter	5	2025-06-19	quit	A	+RUN
1900	12789031087	app	3. Days Since - Quit Habit Tracker - Sober Streak Day Counter	5	2025-06-18	quit	A	NA
1901	12787280094	app	3. Days Since - Quit Habit Tracker - Sober Streak Day Counter	5	2025-06-18	quit	A	+RUN
1902	12786105572	app	3. Days Since - Quit Habit Tracker - Sober Streak Day Counter	5	2025-06-17	quit	A	+RUN
1903	12768977570	app	3. Days Since - Quit Habit Tracker - Sober Streak Day Counter	5	2025-06-13	quit	A	+RUN
1904	12739273848	app	3. Days Since - Quit Habit Tracker - Sober Streak Day Counter	5	2025-06-05	quit	A	+RUN
1905	12732413121	app	3. Days Since - Quit Habit Tracker - Sober Streak Day Counter	5	2025-06-03	quit	A	NA
1906	12727743984	app	3. Days Since - Quit Habit Tracker - Sober Streak Day Counter	5	2025-06-02	quit	A	+RUN
1907	12721294713	app	3. Days Since - Quit Habit Tracker - Sober Streak Day Counter	5	2025-05-31	quit	A	+RUN
1908	12718257708	app	3. Days Since - Quit Habit Tracker - Sober Streak Day Counter	5	2025-05-31	quit	A	+RUN
1909	12713658778	app	3. Days Since - Quit Habit Tracker - Sober Streak Day Counter	5	2025-05-30	quit	A	+RUN
1910	12712430795	app	3. Days Since - Quit Habit Tracker - Sober Streak Day Counter	5	2025-05-29	quit	A	+RUN
1911	12710184797	app	3. Days Since - Quit Habit Tracker - Sober Streak Day Counter	5	2025-05-29	quit	A	+RUN
1912	12706345722	app	3. Days Since - Quit Habit Tracker - Sober Streak Day Counter	5	2025-05-28	quit	A	+RUN
1913	12705647344	app	3. Days Since - Quit Habit Tracker - Sober Streak Day Counter	5	2025-05-27	quit	A	+RUN
1914	12703076367	app	3. Days Since - Quit Habit Tracker - Sober Streak Day Counter	5	2025-05-27	quit	A	+RUN
1915	12700268607	app	3. Days Since - Quit Habit Tracker - Sober Streak Day Counter	5	2025-05-26	quit	A	+RUN
1916	12700117355	app	3. Days Since - Quit Habit Tracker - Sober Streak Day Counter	5	2025-05-26	quit	A	+DAYVAL,?PERIOD
1917	12681076807	app	3. Days Since - Quit Habit Tracker - Sober Streak Day Counter	5	2025-05-21	quit	A	+RUN
1918	12527517916	app	3. Days Since - Quit Habit Tracker - Sober Streak Day Counter	5	2025-04-10	quit	A	+RUN
1919	12527450926	app	3. Days Since - Quit Habit Tracker - Sober Streak Day Counter	5	2025-04-10	quit	A	+DAYVAL
1920	12515794890	app	3. Days Since - Quit Habit Tracker - Sober Streak Day Counter	5	2025-04-07	quit	A	+DAYVAL
1921	12500794524	app	3. Days Since - Quit Habit Tracker - Sober Streak Day Counter	5	2025-04-04	quit	A	+RUN
1922	12451237686	app	3. Days Since - Quit Habit Tracker - Sober Streak Day Counter	5	2025-03-22	quit	A	+RUN
1923	12421812368	app	3. Days Since - Quit Habit Tracker - Sober Streak Day Counter	5	2025-03-15	quit	A	+RUN
1924	12412821748	app	3. Days Since - Quit Habit Tracker - Sober Streak Day Counter	3	2025-03-12	quit	A	?AVG
1925	12409758967	app	3. Days Since - Quit Habit Tracker - Sober Streak Day Counter	5	2025-03-11	quit	A	+RUN
1926	12406068841	app	3. Days Since - Quit Habit Tracker - Sober Streak Day Counter	5	2025-03-10	quit	A	+RUN
1927	12406036951	app	3. Days Since - Quit Habit Tracker - Sober Streak Day Counter	5	2025-03-10	quit	A	+RUN
1928	12401138509	app	3. Days Since - Quit Habit Tracker - Sober Streak Day Counter	5	2025-03-09	quit	A	+RUN
1929	12387966454	app	3. Days Since - Quit Habit Tracker - Sober Streak Day Counter	5	2025-03-06	quit	A	+SLIPS
1930	12363040705	app	3. Days Since - Quit Habit Tracker - Sober Streak Day Counter	4	2025-02-28	quit	A	?DAYS
1931	12360232153	app	3. Days Since - Quit Habit Tracker - Sober Streak Day Counter	5	2025-02-27	quit	A	+SLIPS
1932	12353135759	app	3. Days Since - Quit Habit Tracker - Sober Streak Day Counter	4	2025-02-25	quit	A	?PERIOD
1933	12340971119	app	3. Days Since - Quit Habit Tracker - Sober Streak Day Counter	5	2025-02-22	quit	A	+RUN
1934	12339224662	app	3. Days Since - Quit Habit Tracker - Sober Streak Day Counter	5	2025-02-21	quit	A	+DAYVAL,+NOTES,+SLIPS
1935	12324336858	app	3. Days Since - Quit Habit Tracker - Sober Streak Day Counter	5	2025-02-18	quit	A	+RUN
1936	12323195119	app	3. Days Since - Quit Habit Tracker - Sober Streak Day Counter	5	2025-02-17	quit	A	+RUN
1937	12314531114	app	3. Days Since - Quit Habit Tracker - Sober Streak Day Counter	5	2025-02-15	quit	A	+NOTES
1938	12299263732	app	3. Days Since - Quit Habit Tracker - Sober Streak Day Counter	5	2025-02-11	quit	A	+RUN
1939	12298459384	app	3. Days Since - Quit Habit Tracker - Sober Streak Day Counter	5	2025-02-11	quit	A	+RUN
1940	12288154263	app	3. Days Since - Quit Habit Tracker - Sober Streak Day Counter	5	2025-02-09	quit	A	+RUN
1941	12287779742	app	3. Days Since - Quit Habit Tracker - Sober Streak Day Counter	5	2025-02-08	quit	A	+RUN
1942	12283766516	app	3. Days Since - Quit Habit Tracker - Sober Streak Day Counter	4	2025-02-08	quit	A	+RUN
1943	12280238703	app	3. Days Since - Quit Habit Tracker - Sober Streak Day Counter	5	2025-02-07	quit	A	+DAYVAL
1944	12276515904	app	3. Days Since - Quit Habit Tracker - Sober Streak Day Counter	5	2025-02-06	quit	A	NA
1945	12274516488	app	3. Days Since - Quit Habit Tracker - Sober Streak Day Counter	5	2025-02-05	quit	A	+SLIPS
1946	12262889682	app	3. Days Since - Quit Habit Tracker - Sober Streak Day Counter	5	2025-02-02	quit	A	+RUN
1947	12179050307	app	3. Days Since - Quit Habit Tracker - Sober Streak Day Counter	5	2025-01-13	quit	A	+RUN
1948	12177691317	app	3. Days Since - Quit Habit Tracker - Sober Streak Day Counter	4	2025-01-13	quit	A	+NOTES,?SLIPS
1949	12168080513	app	3. Days Since - Quit Habit Tracker - Sober Streak Day Counter	5	2025-01-10	quit	A	+RUN
1950	12167466041	app	3. Days Since - Quit Habit Tracker - Sober Streak Day Counter	5	2025-01-10	quit	A	+RUN
1951	12157891465	app	3. Days Since - Quit Habit Tracker - Sober Streak Day Counter	4	2025-01-08	quit	A	+RUN,?SLIPS
1952	12151658169	app	3. Days Since - Quit Habit Tracker - Sober Streak Day Counter	5	2025-01-06	quit	A	+RUN
1953	12140443140	app	3. Days Since - Quit Habit Tracker - Sober Streak Day Counter	5	2025-01-03	quit	A	+RUN
1954	12139754725	app	3. Days Since - Quit Habit Tracker - Sober Streak Day Counter	5	2025-01-03	quit	A	+PERIOD
1955	12133080729	app	3. Days Since - Quit Habit Tracker - Sober Streak Day Counter	5	2025-01-01	quit	A	+RUN
1956	12126053111	app	3. Days Since - Quit Habit Tracker - Sober Streak Day Counter	5	2024-12-31	quit	A	NA
1957	12122290915	app	3. Days Since - Quit Habit Tracker - Sober Streak Day Counter	5	2024-12-30	quit	A	+RUN
1958	12119130751	app	3. Days Since - Quit Habit Tracker - Sober Streak Day Counter	5	2024-12-29	quit	A	+PERIOD,+RUN
1959	12110521634	app	3. Days Since - Quit Habit Tracker - Sober Streak Day Counter	4	2024-12-27	quit	A	NA
1960	12102036646	app	3. Days Since - Quit Habit Tracker - Sober Streak Day Counter	5	2024-12-25	quit	A	+RUN
1961	12101804810	app	3. Days Since - Quit Habit Tracker - Sober Streak Day Counter	5	2024-12-24	quit	A	NA
1962	12100243321	app	3. Days Since - Quit Habit Tracker - Sober Streak Day Counter	5	2024-12-24	quit	A	+NOTES
1963	12090334442	app	3. Days Since - Quit Habit Tracker - Sober Streak Day Counter	3	2024-12-21	quit	A	?PREV
1964	12089684909	app	3. Days Since - Quit Habit Tracker - Sober Streak Day Counter	5	2024-12-21	quit	A	+RUN
1965	12066872446	app	3. Days Since - Quit Habit Tracker - Sober Streak Day Counter	5	2024-12-15	quit	A	+RUN
1966	12023113851	app	3. Days Since - Quit Habit Tracker - Sober Streak Day Counter	5	2024-12-04	quit	A	+RUN
1967	12018077624	app	3. Days Since - Quit Habit Tracker - Sober Streak Day Counter	5	2024-12-02	quit	A	+RUN
1968	12004151140	app	3. Days Since - Quit Habit Tracker - Sober Streak Day Counter	5	2024-11-29	quit	A	+AVG,+RUN
1969	11939850358	app	3. Days Since - Quit Habit Tracker - Sober Streak Day Counter	5	2024-11-12	quit	A	+RUN
1970	11939839709	app	3. Days Since - Quit Habit Tracker - Sober Streak Day Counter	3	2024-11-12	quit	A	+SLIPS
1971	11907640368	app	3. Days Since - Quit Habit Tracker - Sober Streak Day Counter	5	2024-11-03	quit	A	+RUN
1972	11900437808	app	3. Days Since - Quit Habit Tracker - Sober Streak Day Counter	5	2024-11-01	quit	A	?NOTES
1973	11858973545	app	3. Days Since - Quit Habit Tracker - Sober Streak Day Counter	5	2024-10-21	quit	A	+RUN
1974	11840337941	app	3. Days Since - Quit Habit Tracker - Sober Streak Day Counter	4	2024-10-16	quit	A	+RUN
1975	11826292132	app	3. Days Since - Quit Habit Tracker - Sober Streak Day Counter	5	2024-10-12	quit	A	+RUN
1976	11812564505	app	3. Days Since - Quit Habit Tracker - Sober Streak Day Counter	5	2024-10-08	quit	A	+RUN
1977	11811468474	app	3. Days Since - Quit Habit Tracker - Sober Streak Day Counter	5	2024-10-08	quit	A	+RUN
1978	11802530951	app	3. Days Since - Quit Habit Tracker - Sober Streak Day Counter	5	2024-10-06	quit	A	NA
1979	11801911300	app	3. Days Since - Quit Habit Tracker - Sober Streak Day Counter	5	2024-10-06	quit	A	+RUN
1980	11798053552	app	3. Days Since - Quit Habit Tracker - Sober Streak Day Counter	5	2024-10-04	quit	A	+RUN
1981	11794118782	app	3. Days Since - Quit Habit Tracker - Sober Streak Day Counter	5	2024-10-03	quit	A	+RUN
1982	11792665854	app	3. Days Since - Quit Habit Tracker - Sober Streak Day Counter	5	2024-10-03	quit	A	+RUN
1983	11792382769	app	3. Days Since - Quit Habit Tracker - Sober Streak Day Counter	5	2024-10-03	quit	A	+DAYVAL,+SLIPS
1984	11787136840	app	3. Days Since - Quit Habit Tracker - Sober Streak Day Counter	5	2024-10-02	quit	A	+RUN
1985	11781652568	app	3. Days Since - Quit Habit Tracker - Sober Streak Day Counter	5	2024-09-30	quit	A	+RUN
1986	11779111864	app	3. Days Since - Quit Habit Tracker - Sober Streak Day Counter	5	2024-09-29	quit	A	+RUN
1987	11770157534	app	3. Days Since - Quit Habit Tracker - Sober Streak Day Counter	5	2024-09-27	quit	A	+RUN
1988	11750956090	app	3. Days Since - Quit Habit Tracker - Sober Streak Day Counter	5	2024-09-22	quit	A	+RUN
1989	11745476129	app	3. Days Since - Quit Habit Tracker - Sober Streak Day Counter	5	2024-09-20	quit	A	+RUN,+SLIPS
1990	11649217104	app	3. Days Since - Quit Habit Tracker - Sober Streak Day Counter	5	2024-08-25	quit	A	+RUN
1991	11645363660	app	3. Days Since - Quit Habit Tracker - Sober Streak Day Counter	5	2024-08-24	quit	A	+RUN
1992	11624171591	app	3. Days Since - Quit Habit Tracker - Sober Streak Day Counter	5	2024-08-18	quit	A	+RUN
1993	11623255671	app	3. Days Since - Quit Habit Tracker - Sober Streak Day Counter	5	2024-08-18	quit	A	+RUN
1994	11618507079	app	3. Days Since - Quit Habit Tracker - Sober Streak Day Counter	5	2024-08-16	quit	A	+AVG,+RUN
1995	11611122291	app	3. Days Since - Quit Habit Tracker - Sober Streak Day Counter	5	2024-08-15	quit	A	+RUN
1996	11607460996	app	3. Days Since - Quit Habit Tracker - Sober Streak Day Counter	5	2024-08-14	quit	A	+PREV
1997	11606291583	app	3. Days Since - Quit Habit Tracker - Sober Streak Day Counter	5	2024-08-13	quit	A	+RUN
1998	11603585619	app	3. Days Since - Quit Habit Tracker - Sober Streak Day Counter	5	2024-08-13	quit	A	NA
1999	11602241705	app	3. Days Since - Quit Habit Tracker - Sober Streak Day Counter	5	2024-08-12	quit	A	+RUN
2000	11601921872	app	3. Days Since - Quit Habit Tracker - Sober Streak Day Counter	5	2024-08-12	quit	A	+SLIPS
2001	11594468082	app	3. Days Since - Quit Habit Tracker - Sober Streak Day Counter	5	2024-08-10	quit	A	+RUN
2002	11579405597	app	3. Days Since - Quit Habit Tracker - Sober Streak Day Counter	5	2024-08-06	quit	A	+RUN
2003	11559788679	app	3. Days Since - Quit Habit Tracker - Sober Streak Day Counter	4	2024-08-01	quit	A	+RUN
2004	11538889786	app	3. Days Since - Quit Habit Tracker - Sober Streak Day Counter	5	2024-07-27	quit	A	+RUN
2005	11535354914	app	3. Days Since - Quit Habit Tracker - Sober Streak Day Counter	5	2024-07-26	quit	A	+RUN
2006	11526146653	app	3. Days Since - Quit Habit Tracker - Sober Streak Day Counter	5	2024-07-23	quit	A	NA
2007	11521667124	app	3. Days Since - Quit Habit Tracker - Sober Streak Day Counter	5	2024-07-22	quit	A	+RUN
2008	11520547385	app	3. Days Since - Quit Habit Tracker - Sober Streak Day Counter	3	2024-07-22	quit	A	NA
2009	11515225108	app	3. Days Since - Quit Habit Tracker - Sober Streak Day Counter	5	2024-07-20	quit	A	+RUN
2010	11506739471	app	3. Days Since - Quit Habit Tracker - Sober Streak Day Counter	5	2024-07-18	quit	A	+NOTES
2011	11455981804	app	3. Days Since - Quit Habit Tracker - Sober Streak Day Counter	5	2024-07-04	quit	A	+RUN
2012	11455248257	app	3. Days Since - Quit Habit Tracker - Sober Streak Day Counter	5	2024-07-04	quit	A	+SLIPS
2013	11447543349	app	3. Days Since - Quit Habit Tracker - Sober Streak Day Counter	4	2024-07-02	quit	A	+RUN
2014	11441884826	app	3. Days Since - Quit Habit Tracker - Sober Streak Day Counter	5	2024-06-30	quit	A	+RUN
2015	11438853428	app	3. Days Since - Quit Habit Tracker - Sober Streak Day Counter	4	2024-06-30	quit	A	+RUN
2016	11422129519	app	3. Days Since - Quit Habit Tracker - Sober Streak Day Counter	5	2024-06-25	quit	A	+AVG,+NOTES,+SLIPS
2017	11415817550	app	3. Days Since - Quit Habit Tracker - Sober Streak Day Counter	5	2024-06-24	quit	A	+SLIPS
2018	11400741935	app	3. Days Since - Quit Habit Tracker - Sober Streak Day Counter	5	2024-06-19	quit	A	NA
2019	11396677918	app	3. Days Since - Quit Habit Tracker - Sober Streak Day Counter	5	2024-06-18	quit	A	+RUN
2020	11394636502	app	3. Days Since - Quit Habit Tracker - Sober Streak Day Counter	5	2024-06-18	quit	A	+RUN,+SLIPS
2021	11388955514	app	3. Days Since - Quit Habit Tracker - Sober Streak Day Counter	5	2024-06-16	quit	A	+AVG,+SLIPS,?PREV
2022	11379932257	app	3. Days Since - Quit Habit Tracker - Sober Streak Day Counter	5	2024-06-14	quit	A	NA
2023	11377606007	app	3. Days Since - Quit Habit Tracker - Sober Streak Day Counter	5	2024-06-13	quit	A	+RUN
2024	11371757858	app	3. Days Since - Quit Habit Tracker - Sober Streak Day Counter	5	2024-06-12	quit	A	+RUN
2025	11365838949	app	3. Days Since - Quit Habit Tracker - Sober Streak Day Counter	4	2024-06-10	quit	A	?AVG,?RUN
2026	11348887988	app	3. Days Since - Quit Habit Tracker - Sober Streak Day Counter	5	2024-06-06	quit	A	+RUN
2027	11303718319	app	3. Days Since - Quit Habit Tracker - Sober Streak Day Counter	5	2024-05-25	quit	A	+RUN
2028	11284653292	app	3. Days Since - Quit Habit Tracker - Sober Streak Day Counter	5	2024-05-19	quit	A	+DAYVAL,+RUN,+SLIPS
2029	11215015887	app	3. Days Since - Quit Habit Tracker - Sober Streak Day Counter	5	2024-04-30	quit	A	+SLIPS
2030	11190928756	app	3. Days Since - Quit Habit Tracker - Sober Streak Day Counter	5	2024-04-23	quit	A	+RUN
2031	11092266756	app	3. Days Since - Quit Habit Tracker - Sober Streak Day Counter	5	2024-03-27	quit	A	+RUN
2032	11090718265	app	3. Days Since - Quit Habit Tracker - Sober Streak Day Counter	5	2024-03-27	quit	A	+RUN
2033	11053068001	app	3. Days Since - Quit Habit Tracker - Sober Streak Day Counter	5	2024-03-17	quit	A	+RUN
2034	11046052840	app	3. Days Since - Quit Habit Tracker - Sober Streak Day Counter	5	2024-03-15	quit	A	+RUN
2035	11031329671	app	3. Days Since - Quit Habit Tracker - Sober Streak Day Counter	5	2024-03-11	quit	A	+RUN
2036	10932799289	app	3. Days Since - Quit Habit Tracker - Sober Streak Day Counter	5	2024-02-13	quit	A	+RUN
2037	10879514724	app	3. Days Since - Quit Habit Tracker - Sober Streak Day Counter	5	2024-01-30	quit	A	+SLIPS
2038	10850476009	app	3. Days Since - Quit Habit Tracker - Sober Streak Day Counter	5	2024-01-22	quit	A	+RUN
2039	10739869140	app	3. Days Since - Quit Habit Tracker - Sober Streak Day Counter	4	2023-12-24	quit	A	?SLIPS
2040	10736592731	app	3. Days Since - Quit Habit Tracker - Sober Streak Day Counter	5	2023-12-23	quit	A	+RUN
2041	10673128229	app	3. Days Since - Quit Habit Tracker - Sober Streak Day Counter	5	2023-12-09	quit	A	+RUN
2042	10665421430	app	3. Days Since - Quit Habit Tracker - Sober Streak Day Counter	5	2023-12-07	quit	A	+SLIPS
2043	10631256521	app	3. Days Since - Quit Habit Tracker - Sober Streak Day Counter	5	2023-11-27	quit	A	+SLIPS
2044	10606775853	app	3. Days Since - Quit Habit Tracker - Sober Streak Day Counter	5	2023-11-20	quit	A	+RUN
2045	10593761018	app	3. Days Since - Quit Habit Tracker - Sober Streak Day Counter	5	2023-11-17	quit	A	+SLIPS
2046	10585125587	app	3. Days Since - Quit Habit Tracker - Sober Streak Day Counter	5	2023-11-14	quit	A	NA
2047	10521814287	app	3. Days Since - Quit Habit Tracker - Sober Streak Day Counter	5	2023-10-27	quit	A	+RUN
2048	10461463781	app	3. Days Since - Quit Habit Tracker - Sober Streak Day Counter	5	2023-10-11	quit	A	+RUN
2049	10449360407	app	3. Days Since - Quit Habit Tracker - Sober Streak Day Counter	5	2023-10-07	quit	A	+RUN
2050	10289261333	app	3. Days Since - Quit Habit Tracker - Sober Streak Day Counter	5	2023-08-23	quit	A	+RUN,+SLIPS
2051	10286723652	app	3. Days Since - Quit Habit Tracker - Sober Streak Day Counter	5	2023-08-22	quit	A	+RUN
2052	10262878514	app	3. Days Since - Quit Habit Tracker - Sober Streak Day Counter	5	2023-08-16	quit	A	+RUN
2053	10205442307	app	3. Days Since - Quit Habit Tracker - Sober Streak Day Counter	1	2023-08-01	quit	A	?RUN
2054	10195642282	app	3. Days Since - Quit Habit Tracker - Sober Streak Day Counter	5	2023-07-29	quit	A	+RUN
2055	10126197886	app	3. Days Since - Quit Habit Tracker - Sober Streak Day Counter	5	2023-07-10	quit	A	+RUN
2056	10087314173	app	3. Days Since - Quit Habit Tracker - Sober Streak Day Counter	5	2023-06-30	quit	A	+RUN
2057	10072478578	app	3. Days Since - Quit Habit Tracker - Sober Streak Day Counter	4	2023-06-25	quit	A	+SLIPS,?NOTES
2058	10014511743	app	3. Days Since - Quit Habit Tracker - Sober Streak Day Counter	5	2023-06-09	quit	A	+DAYVAL,+PERIOD
2059	9998887573	app	3. Days Since - Quit Habit Tracker - Sober Streak Day Counter	4	2023-06-04	quit	A	+RUN
2060	9998026647	app	3. Days Since - Quit Habit Tracker - Sober Streak Day Counter	5	2023-06-04	quit	A	+RUN
2061	9962579018	app	3. Days Since - Quit Habit Tracker - Sober Streak Day Counter	5	2023-05-25	quit	A	+RUN
2062	9956867874	app	3. Days Since - Quit Habit Tracker - Sober Streak Day Counter	5	2023-05-23	quit	A	+PREV
2063	9937826681	app	3. Days Since - Quit Habit Tracker - Sober Streak Day Counter	5	2023-05-17	quit	A	+RUN
2064	9930714585	app	3. Days Since - Quit Habit Tracker - Sober Streak Day Counter	5	2023-05-15	quit	A	+DAYVAL
2065	9918963519	app	3. Days Since - Quit Habit Tracker - Sober Streak Day Counter	5	2023-05-12	quit	A	+PERIOD
2066	9910724140	app	3. Days Since - Quit Habit Tracker - Sober Streak Day Counter	5	2023-05-10	quit	A	+RUN
2067	9879350676	app	3. Days Since - Quit Habit Tracker - Sober Streak Day Counter	5	2023-05-01	quit	A	+SLIPS
2068	9819076817	app	3. Days Since - Quit Habit Tracker - Sober Streak Day Counter	5	2023-04-14	quit	A	+PREV
2069	9787923469	app	3. Days Since - Quit Habit Tracker - Sober Streak Day Counter	5	2023-04-05	quit	A	+RUN
2070	9742186794	app	3. Days Since - Quit Habit Tracker - Sober Streak Day Counter	4	2023-03-23	quit	A	?PREV
2071	9730519279	app	3. Days Since - Quit Habit Tracker - Sober Streak Day Counter	5	2023-03-19	quit	A	?NOTES
2072	9718109958	app	3. Days Since - Quit Habit Tracker - Sober Streak Day Counter	5	2023-03-16	quit	A	+RUN
2073	9683757199	app	3. Days Since - Quit Habit Tracker - Sober Streak Day Counter	4	2023-03-06	quit	A	?SAVED
2074	9636902686	app	3. Days Since - Quit Habit Tracker - Sober Streak Day Counter	5	2023-02-20	quit	A	+RUN
2075	9601346509	app	3. Days Since - Quit Habit Tracker - Sober Streak Day Counter	5	2023-02-10	quit	A	+RUN
2076	9596846466	app	3. Days Since - Quit Habit Tracker - Sober Streak Day Counter	5	2023-02-08	quit	A	+RUN
2077	9594549105	app	3. Days Since - Quit Habit Tracker - Sober Streak Day Counter	4	2023-02-08	quit	A	+RUN
2078	9544058402	app	3. Days Since - Quit Habit Tracker - Sober Streak Day Counter	5	2023-01-25	quit	A	+RUN
2079	9520348114	app	3. Days Since - Quit Habit Tracker - Sober Streak Day Counter	5	2023-01-18	quit	A	+RUN
2080	9511554988	app	3. Days Since - Quit Habit Tracker - Sober Streak Day Counter	5	2023-01-15	quit	A	+RUN
2081	9497859261	app	3. Days Since - Quit Habit Tracker - Sober Streak Day Counter	5	2023-01-12	quit	A	?PERIOD
2082	9473335340	app	3. Days Since - Quit Habit Tracker - Sober Streak Day Counter	5	2023-01-05	quit	A	+RUN
2083	9344633905	app	3. Days Since - Quit Habit Tracker - Sober Streak Day Counter	5	2022-11-30	quit	A	+RUN
2084	9295027068	app	3. Days Since - Quit Habit Tracker - Sober Streak Day Counter	5	2022-11-16	quit	A	NA
2085	9249443621	app	3. Days Since - Quit Habit Tracker - Sober Streak Day Counter	5	2022-11-03	quit	A	+RUN
2086	9249111698	app	3. Days Since - Quit Habit Tracker - Sober Streak Day Counter	5	2022-11-03	quit	A	+RUN
2087	9204355708	app	3. Days Since - Quit Habit Tracker - Sober Streak Day Counter	5	2022-10-20	quit	A	+SLIPS
2088	9165587348	app	3. Days Since - Quit Habit Tracker - Sober Streak Day Counter	5	2022-10-09	quit	A	+RUN
2089	9131220673	app	3. Days Since - Quit Habit Tracker - Sober Streak Day Counter	5	2022-09-28	quit	A	+RUN
2090	9108233256	app	3. Days Since - Quit Habit Tracker - Sober Streak Day Counter	5	2022-09-21	quit	A	+RUN
2091	9088797007	app	3. Days Since - Quit Habit Tracker - Sober Streak Day Counter	4	2022-09-16	quit	A	+RUN
2092	9085765731	app	3. Days Since - Quit Habit Tracker - Sober Streak Day Counter	5	2022-09-15	quit	A	+RUN
2093	9071875815	app	3. Days Since - Quit Habit Tracker - Sober Streak Day Counter	4	2022-09-10	quit	A	+PREV,+SLIPS
2094	9055307496	app	3. Days Since - Quit Habit Tracker - Sober Streak Day Counter	5	2022-09-05	quit	A	+RUN
2095	9053731081	app	3. Days Since - Quit Habit Tracker - Sober Streak Day Counter	5	2022-09-05	quit	A	NA
2096	9040933095	app	3. Days Since - Quit Habit Tracker - Sober Streak Day Counter	5	2022-09-01	quit	A	NA
2097	9038865452	app	3. Days Since - Quit Habit Tracker - Sober Streak Day Counter	5	2022-08-31	quit	A	+NOTES,+SLIPS
2098	8999029897	app	3. Days Since - Quit Habit Tracker - Sober Streak Day Counter	5	2022-08-20	quit	A	+RUN
2099	8974310809	app	3. Days Since - Quit Habit Tracker - Sober Streak Day Counter	5	2022-08-13	quit	A	+RUN
2100	8965891940	app	3. Days Since - Quit Habit Tracker - Sober Streak Day Counter	5	2022-08-10	quit	A	NA
2101	8939510112	app	3. Days Since - Quit Habit Tracker - Sober Streak Day Counter	4	2022-08-03	quit	A	+RUN
2102	8935521903	app	3. Days Since - Quit Habit Tracker - Sober Streak Day Counter	5	2022-08-01	quit	A	?NOTES
2103	8899033472	app	3. Days Since - Quit Habit Tracker - Sober Streak Day Counter	5	2022-07-22	quit	A	+RUN
2104	8894186370	app	3. Days Since - Quit Habit Tracker - Sober Streak Day Counter	5	2022-07-20	quit	A	+RUN
2105	8881865201	app	3. Days Since - Quit Habit Tracker - Sober Streak Day Counter	5	2022-07-17	quit	A	+RUN
2106	8873622723	app	3. Days Since - Quit Habit Tracker - Sober Streak Day Counter	5	2022-07-14	quit	A	+RUN
2107	8870105337	app	3. Days Since - Quit Habit Tracker - Sober Streak Day Counter	5	2022-07-13	quit	A	+RUN,+SLIPS
2108	8867844019	app	3. Days Since - Quit Habit Tracker - Sober Streak Day Counter	5	2022-07-13	quit	A	+SLIPS
2109	8863432952	app	3. Days Since - Quit Habit Tracker - Sober Streak Day Counter	4	2022-07-11	quit	A	NA
2110	8847832502	app	3. Days Since - Quit Habit Tracker - Sober Streak Day Counter	5	2022-07-06	quit	A	+RUN
2111	8839495086	app	3. Days Since - Quit Habit Tracker - Sober Streak Day Counter	5	2022-07-04	quit	A	+SLIPS
2112	8822928162	app	3. Days Since - Quit Habit Tracker - Sober Streak Day Counter	5	2022-06-29	quit	A	+RUN
2113	8801527630	app	3. Days Since - Quit Habit Tracker - Sober Streak Day Counter	4	2022-06-23	quit	A	+DAYVAL,+PERIOD
2114	8784708984	app	3. Days Since - Quit Habit Tracker - Sober Streak Day Counter	5	2022-06-18	quit	A	+RUN
2115	8740578121	app	3. Days Since - Quit Habit Tracker - Sober Streak Day Counter	5	2022-06-04	quit	A	+RUN
2116	8733985243	app	3. Days Since - Quit Habit Tracker - Sober Streak Day Counter	5	2022-06-02	quit	A	+RUN
2117	8696815208	app	3. Days Since - Quit Habit Tracker - Sober Streak Day Counter	5	2022-05-22	quit	A	+RUN
2118	8660642479	app	3. Days Since - Quit Habit Tracker - Sober Streak Day Counter	4	2022-05-11	quit	A	+AVG
2119	8660005342	app	3. Days Since - Quit Habit Tracker - Sober Streak Day Counter	5	2022-05-11	quit	A	+RUN
2120	8645973062	app	3. Days Since - Quit Habit Tracker - Sober Streak Day Counter	5	2022-05-07	quit	A	+SLIPS
2121	8630921370	app	3. Days Since - Quit Habit Tracker - Sober Streak Day Counter	3	2022-05-02	quit	A	+RUN
2122	8592423862	app	3. Days Since - Quit Habit Tracker - Sober Streak Day Counter	5	2022-04-21	quit	A	+RUN
2123	8588905515	app	3. Days Since - Quit Habit Tracker - Sober Streak Day Counter	5	2022-04-20	quit	A	+RUN
2124	8564600751	app	3. Days Since - Quit Habit Tracker - Sober Streak Day Counter	4	2022-04-14	quit	A	+RUN
2125	8560894352	app	3. Days Since - Quit Habit Tracker - Sober Streak Day Counter	4	2022-04-12	quit	A	+RUN
2126	8533397044	app	3. Days Since - Quit Habit Tracker - Sober Streak Day Counter	5	2022-04-05	quit	A	+RUN
2127	8527306445	app	3. Days Since - Quit Habit Tracker - Sober Streak Day Counter	5	2022-04-03	quit	A	+RUN
2128	8527292106	app	3. Days Since - Quit Habit Tracker - Sober Streak Day Counter	5	2022-04-03	quit	A	+RUN
2129	8502535524	app	3. Days Since - Quit Habit Tracker - Sober Streak Day Counter	5	2022-03-27	quit	A	+RUN
2130	8495448771	app	3. Days Since - Quit Habit Tracker - Sober Streak Day Counter	5	2022-03-25	quit	A	+RUN
2131	8462798217	app	3. Days Since - Quit Habit Tracker - Sober Streak Day Counter	5	2022-03-16	quit	A	+AVG,+DAYVAL,+PREV
2132	8449309117	app	3. Days Since - Quit Habit Tracker - Sober Streak Day Counter	4	2022-03-13	quit	A	+RUN
2133	8438284020	app	3. Days Since - Quit Habit Tracker - Sober Streak Day Counter	5	2022-03-09	quit	A	+RUN
2134	8430328584	app	3. Days Since - Quit Habit Tracker - Sober Streak Day Counter	5	2022-03-07	quit	A	+RUN,+SLIPS
2135	8418092677	app	3. Days Since - Quit Habit Tracker - Sober Streak Day Counter	5	2022-03-04	quit	A	+RUN
2136	8404418658	app	3. Days Since - Quit Habit Tracker - Sober Streak Day Counter	2	2022-02-28	quit	A	-AVG,-CLUTTER,-RUN
2137	8404200062	app	3. Days Since - Quit Habit Tracker - Sober Streak Day Counter	5	2022-02-28	quit	A	+RUN
2138	8381921522	app	3. Days Since - Quit Habit Tracker - Sober Streak Day Counter	5	2022-02-21	quit	A	+AVG
2139	8376892034	app	3. Days Since - Quit Habit Tracker - Sober Streak Day Counter	3	2022-02-20	quit	A	+RUN
2140	8334283754	app	3. Days Since - Quit Habit Tracker - Sober Streak Day Counter	5	2022-02-08	quit	A	+RUN
2141	8332653466	app	3. Days Since - Quit Habit Tracker - Sober Streak Day Counter	5	2022-02-08	quit	A	+RUN
2142	8318004500	app	3. Days Since - Quit Habit Tracker - Sober Streak Day Counter	5	2022-02-04	quit	A	+RUN
2143	8307733145	app	3. Days Since - Quit Habit Tracker - Sober Streak Day Counter	4	2022-02-01	quit	A	?PERIOD
2144	8301210464	app	3. Days Since - Quit Habit Tracker - Sober Streak Day Counter	5	2022-01-30	quit	A	+RUN
2145	8239566873	app	3. Days Since - Quit Habit Tracker - Sober Streak Day Counter	5	2022-01-14	quit	A	+RUN
2146	8235797720	app	3. Days Since - Quit Habit Tracker - Sober Streak Day Counter	5	2022-01-13	quit	A	+RUN
2147	8230768561	app	3. Days Since - Quit Habit Tracker - Sober Streak Day Counter	5	2022-01-12	quit	A	+RUN
2148	8223719475	app	3. Days Since - Quit Habit Tracker - Sober Streak Day Counter	5	2022-01-10	quit	A	+RUN,+SLIPS
2149	8204220779	app	3. Days Since - Quit Habit Tracker - Sober Streak Day Counter	5	2022-01-04	quit	A	?NOTES
2150	8197276452	app	3. Days Since - Quit Habit Tracker - Sober Streak Day Counter	5	2022-01-02	quit	A	+DAYVAL
2151	8177875955	app	3. Days Since - Quit Habit Tracker - Sober Streak Day Counter	4	2021-12-28	quit	A	+RUN
2152	8167854646	app	3. Days Since - Quit Habit Tracker - Sober Streak Day Counter	5	2021-12-25	quit	A	+RUN
2153	8153028490	app	3. Days Since - Quit Habit Tracker - Sober Streak Day Counter	5	2021-12-21	quit	A	+RUN
2154	8150801737	app	3. Days Since - Quit Habit Tracker - Sober Streak Day Counter	5	2021-12-20	quit	A	+RUN
2155	8137050336	app	3. Days Since - Quit Habit Tracker - Sober Streak Day Counter	5	2021-12-16	quit	A	+DAYVAL,+PERIOD
2156	8112446197	app	3. Days Since - Quit Habit Tracker - Sober Streak Day Counter	5	2021-12-09	quit	A	+DAYVAL
2157	8077059278	app	3. Days Since - Quit Habit Tracker - Sober Streak Day Counter	5	2021-11-29	quit	A	+RUN
2158	8074354903	app	3. Days Since - Quit Habit Tracker - Sober Streak Day Counter	5	2021-11-28	quit	A	+RUN
2159	8067494600	app	3. Days Since - Quit Habit Tracker - Sober Streak Day Counter	5	2021-11-27	quit	A	+RUN
2160	7990626095	app	3. Days Since - Quit Habit Tracker - Sober Streak Day Counter	5	2021-11-05	quit	A	+RUN
2161	7964209228	app	3. Days Since - Quit Habit Tracker - Sober Streak Day Counter	5	2021-10-28	quit	A	+RUN,+SLIPS
2162	7953988912	app	3. Days Since - Quit Habit Tracker - Sober Streak Day Counter	5	2021-10-25	quit	A	+RUN
2163	7942089869	app	3. Days Since - Quit Habit Tracker - Sober Streak Day Counter	2	2021-10-22	quit	A	-WRONG
2164	7932888494	app	3. Days Since - Quit Habit Tracker - Sober Streak Day Counter	5	2021-10-20	quit	A	+RUN
2165	7923005629	app	3. Days Since - Quit Habit Tracker - Sober Streak Day Counter	5	2021-10-17	quit	A	+SLIPS
2166	7908265247	app	3. Days Since - Quit Habit Tracker - Sober Streak Day Counter	5	2021-10-13	quit	A	+RUN
2167	7899914512	app	3. Days Since - Quit Habit Tracker - Sober Streak Day Counter	5	2021-10-10	quit	A	+RUN
2168	7876025212	app	3. Days Since - Quit Habit Tracker - Sober Streak Day Counter	5	2021-10-04	quit	A	+SLIPS
2169	7844478982	app	3. Days Since - Quit Habit Tracker - Sober Streak Day Counter	5	2021-09-25	quit	A	+RUN
2170	7840789292	app	3. Days Since - Quit Habit Tracker - Sober Streak Day Counter	5	2021-09-24	quit	A	+RUN
2171	7837945426	app	3. Days Since - Quit Habit Tracker - Sober Streak Day Counter	5	2021-09-23	quit	A	+RUN
2172	7831149460	app	3. Days Since - Quit Habit Tracker - Sober Streak Day Counter	5	2021-09-21	quit	A	+RUN
2173	7830092557	app	3. Days Since - Quit Habit Tracker - Sober Streak Day Counter	5	2021-09-21	quit	A	+RUN
2174	7826523003	app	3. Days Since - Quit Habit Tracker - Sober Streak Day Counter	5	2021-09-20	quit	A	+RUN
2175	7818742499	app	3. Days Since - Quit Habit Tracker - Sober Streak Day Counter	5	2021-09-18	quit	A	+RUN
2176	7809506361	app	3. Days Since - Quit Habit Tracker - Sober Streak Day Counter	5	2021-09-15	quit	A	+RUN
2177	7807210225	app	3. Days Since - Quit Habit Tracker - Sober Streak Day Counter	5	2021-09-15	quit	A	+RUN
2178	7806256994	app	3. Days Since - Quit Habit Tracker - Sober Streak Day Counter	5	2021-09-14	quit	A	+RUN
2179	7802866383	app	3. Days Since - Quit Habit Tracker - Sober Streak Day Counter	5	2021-09-13	quit	A	?SLIPS
2180	7802284646	app	3. Days Since - Quit Habit Tracker - Sober Streak Day Counter	5	2021-09-13	quit	A	+RUN
2181	7798619673	app	3. Days Since - Quit Habit Tracker - Sober Streak Day Counter	5	2021-09-12	quit	A	+AVG,+RUN
2182	7796771588	app	3. Days Since - Quit Habit Tracker - Sober Streak Day Counter	5	2021-09-12	quit	A	+RUN
2183	7786585351	app	3. Days Since - Quit Habit Tracker - Sober Streak Day Counter	5	2021-09-09	quit	A	+RUN
2184	7620460035	app	3. Days Since - Quit Habit Tracker - Sober Streak Day Counter	4	2021-07-26	quit	A	+RUN
2185	7571250912	app	3. Days Since - Quit Habit Tracker - Sober Streak Day Counter	5	2021-07-13	quit	A	+RUN
2186	7251473848	app	3. Days Since - Quit Habit Tracker - Sober Streak Day Counter	4	2021-04-22	quit	A	+RUN
2187	7196671031	app	3. Days Since - Quit Habit Tracker - Sober Streak Day Counter	5	2021-04-08	quit	A	+AVG,+SLIPS
2188	7003542056	app	3. Days Since - Quit Habit Tracker - Sober Streak Day Counter	5	2021-02-17	quit	A	+RUN
2189	6599295334	app	3. Days Since - Quit Habit Tracker - Sober Streak Day Counter	5	2020-11-02	quit	A	+SLIPS
2190	5893583650	app	3. Days Since - Quit Habit Tracker - Sober Streak Day Counter	5	2020-05-02	quit	A	+DAYVAL,+RUN,+SLIPS
2191	5397769865	app	3. Days Since - Quit Habit Tracker - Sober Streak Day Counter	5	2020-01-13	quit	A	+RUN
2192	12620894102	app	3. Days Since - Quit Habit Tracker - Sober Streak Day Counter	5	2025-05-05	quit	A	+RUN
2193	12236245170	app	3. Days Since - Quit Habit Tracker - Sober Streak Day Counter	5	2025-01-27	quit	A	+RUN
2194	12151534213	app	3. Days Since - Quit Habit Tracker - Sober Streak Day Counter	5	2025-01-06	quit	A	+RUN
2195	11362491729	app	3. Days Since - Quit Habit Tracker - Sober Streak Day Counter	5	2024-06-09	quit	A	+RUN
2196	814ff0b0-924a-46dc-ba03-d0c1a9e6caa1	play	3. Loop Habit Tracker	5	2024-04-05	quit	A	?LIMIT
2197	04e98753-e5ed-4be2-8002-82ee26ddf923	play	3. Loop Habit Tracker	4	2023-10-26	quit	A	-WRONG,?LIMIT
2198	21a0b9b5-0a89-4639-9ca7-d39ffa8f6e60	play	3. Loop Habit Tracker	4	2021-09-27	quit	A	?LIMIT
2199	75984678-14b6-4cca-b4d4-eb6783a99cd0	play	3. Loop Habit Tracker	5	2020-07-08	quit	A	?RUN
2200	8030faf4-b6c2-4db7-b8d9-9953312cf49b	play	3. Loop Habit Tracker	5	2026-05-15	quit	A	?RUN
2201	1790d41a-bfae-49ea-ad72-3eee840194cb	play	3. Loop Habit Tracker	5	2025-04-18	quit	A	-WRONG
2202	36ddd2b6-2a87-4c9d-ad4e-d44b9bc94b56	play	3. Loop Habit Tracker	4	2024-08-31	quit	A	?RUN
2203	05abe6c1-13db-4234-8299-9eac9d0d6e65	play	3. Loop Habit Tracker	5	2024-08-23	quit	A	-WRONG,?LIMIT
2204	5cbc92be-2276-41cb-a8d7-198a4773328c	play	3. Loop Habit Tracker	4	2023-12-23	quit	A	?RUN,?SKIP
2205	699fdccf-57ec-4525-939e-ccc22a8cf4bd	play	3. Loop Habit Tracker	4	2023-05-30	quit	A	?LIMIT
2206	5c572366-113b-4d6c-8143-c6afbafeb87a	play	3. Loop Habit Tracker	5	2023-02-23	quit	A	?LIMIT,?SLIPS
2207	ded414bc-5f81-46f9-a8b7-ab6d4c1b424a	play	3. Loop Habit Tracker	4	2022-12-07	quit	A	?RUN
2208	9293bdfc-7b57-454f-b0ee-06ab7b8a389f	play	3. Loop Habit Tracker	5	2022-11-02	quit	A	?LIMIT
2209	167f897c-7f40-45cb-9f39-9077e950ad4b	play	3. Loop Habit Tracker	5	2022-10-26	quit	A	?LIMIT
2210	ae0bd58b-cb43-4fe5-8ff3-6f9692a09544	play	3. Loop Habit Tracker	3	2022-09-26	quit	A	?TOTAL
2211	5588d3b4-8cdd-49ab-8020-2d2d586ed18a	play	3. Loop Habit Tracker	5	2022-06-19	quit	A	?RUN
2212	25c3db3a-f29d-4579-a389-e5118a32d629	play	3. Loop Habit Tracker	5	2020-11-24	quit	A	?SLIPS
2213	0fc38340-3f21-4915-b464-b26b127abe02	play	3. Loop Habit Tracker	1	2020-10-25	quit	A	?SLIPS
2214	4269f935-8324-423a-ab6c-7c5696cab075	play	3. Loop Habit Tracker	5	2020-08-13	quit	A	?RUN
2215	bb0239a5-925d-4497-a5f0-37bb2fe690fd	play	3. Loop Habit Tracker	4	2020-07-05	quit	A	?LIMIT
2216	b4ab0c37-fa1b-4d27-a9fb-9ce22435c2bc	play	3. Loop Habit Tracker	5	2020-06-18	quit	A	?RUN
2217	afb32869-d522-45de-9d7b-f78df5f478b1	play	3. Loop Habit Tracker	5	2020-05-24	quit	A	?RUN
2218	24456db4-560e-4f95-a9f7-5490f5610251	play	3. Loop Habit Tracker	5	2020-04-20	quit	A	+PREV,+RUN
2219	9947861d-67a8-4d7d-aad3-3bb8b1c99201	play	3. Loop Habit Tracker	5	2020-02-17	quit	A	+LIMIT
2220	3f7c82c4-e4c7-4e01-bbcf-857ef9cc2f99	play	3. Loop Habit Tracker	5	2019-11-25	quit	A	?SLIPS
2221	64e99868-9f1c-4119-b1fe-1bff5d60922e	play	3. Loop Habit Tracker	4	2019-11-03	quit	A	-WRONG
2222	e50eaed9-abc9-4657-9ea8-9788138c57a9	play	3. Loop Habit Tracker	5	2019-04-27	quit	A	+PREV
2223	c475b84f-7a33-41fb-9e63-b2dfd9be854c	play	3. Loop Habit Tracker	5	2019-02-21	quit	A	+PREV
2224	c853c855-ffc7-4005-87ff-d85cc105518a	play	3. Loop Habit Tracker	3	2018-12-27	quit	A	?RUN
2225	d1f5710f-a92a-45e5-a4fa-d34289ade4d0	play	3. Loop Habit Tracker	5	2018-04-04	quit	A	?RUN
2226	c1786fa7-1475-4ef4-9c1c-bee3a405e8fa	play	3. Loop Habit Tracker	4	2018-02-23	quit	A	?SLIPS
2227	561e3531-f5a9-4adf-b7c6-ddf9b136acf9	play	3. Loop Habit Tracker	4	2017-05-18	quit	A	?RUN
2228	12b7191d-ecfd-44f6-95e7-7d335f1bf450	play	3. Loop Habit Tracker	4	2022-05-22	quit	A	?AVG,?LIMIT
2229	e5e87243-25e8-416b-8efb-8a2d7e645888	play	3. Loop Habit Tracker	5	2018-01-16	quit	A	+RUN
2230	66f827ca-f651-40ca-8a02-24a3fc2c3699	play	3. Loop Habit Tracker	5	2022-09-11	quit	A	?LIMIT
2231	df589332-b08c-49fa-a54e-edac41ddd93b	play	3. Loop Habit Tracker	4	2022-07-29	quit	A	?LIMIT
2232	518506c2-bf7f-4487-ac96-9a2b07a8357a	play	3. Loop Habit Tracker	5	2021-11-14	quit	A	?LIMIT
2233	349fe158-99e5-42eb-8d56-2fcba799286a	play	3. Loop Habit Tracker	4	2018-11-02	quit	A	?LIMIT,?PERIOD
2234	7c72c1b8-35c7-4c49-b95b-d268ff6ecf96	play	3. Loop Habit Tracker	4	2017-11-26	quit	A	?TIMES
2235	bca8bb0c-f921-4844-ab34-1cfc4b8d0e1f	play	3. Loop Habit Tracker	4	2024-12-10	quit	A	?LIMIT
2236	055e029b-b6e9-47c7-9091-c6f2640b6938	play	3. Loop Habit Tracker	5	2025-01-14	quit	A	?RUN
2237	926a180d-ed34-482e-b8e2-7e2ef6304baf	play	3. Loop Habit Tracker	3	2017-09-13	quit	A	-WRONG
2238	a4b5695d-08b2-4fb8-9220-91fe96284a3d	play	3. Loop Habit Tracker	5	2024-01-03	quit	A	?LIMIT,?PERIOD
2239	0d828233-6fda-4237-bef1-06d79ffb2a2a	play	3. Loop Habit Tracker	5	2023-08-28	quit	A	?LIMIT
2240	008b5f01-f82b-464c-bc1f-957b8d8be3b5	play	3. Loop Habit Tracker	5	2023-01-07	quit	A	?RUN
2241	df34c9a4-086e-411b-a4f2-c4adfbf6590f	play	3. Loop Habit Tracker	5	2017-12-26	quit	A	?RUN
2242	f05ccef6-4aa9-448d-aec1-7e35d950a21e	play	3. Loop Habit Tracker	4	2016-05-06	quit	A	NA
2243	a2d382e3-0623-4657-bdc5-d6c0c9f753a4	play	3. Loop Habit Tracker	5	2020-06-04	quit	A	?RUN
2244	9aac18b6-0463-474c-adcc-606d27651053	play	30. Habit Tracker - Routine & Goals	4	2024-01-03	quit	A	-WRONG
2245	6285901872	app	31. Do Habits - Get It Done - Daily Routine & Goal Planner	5	2020-08-06	quit	A	+PERIOD
2246	5451466529	app	31. Do Habits - Get It Done - Daily Routine & Goal Planner	5	2020-01-26	quit	A	NA
2247	8221134649	app	31. Do Habits - Get It Done - Daily Routine & Goal Planner	3	2022-01-09	quit	A	-WRONG
2248	4190039614	app	31. Do Habits - Get It Done - Daily Routine & Goal Planner	5	2019-05-22	quit	A	+PREV
2249	4020707377	app	31. Do Habits - Get It Done - Daily Routine & Goal Planner	5	2019-04-16	quit	A	?RUN
2250	2297307764	app	31. Do Habits - Get It Done - Daily Routine & Goal Planner	5	2018-03-12	quit	A	+PREV
2251	7800629578	app	31. Do Habits - Get It Done - Daily Routine & Goal Planner	3	2021-09-13	quit	A	-WRONG,?PART
2252	8583843842	app	31. Do Habits - Get It Done - Daily Routine & Goal Planner	1	2022-04-19	quit	A	-WRONG
2253	6171008582	app	31. Do Habits - Get It Done - Daily Routine & Goal Planner	5	2020-07-08	quit	A	NA
2254	4431323575	app	31. Do Habits - Get It Done - Daily Routine & Goal Planner	5	2019-07-08	quit	A	+DAYVAL,+STREAK
2255	3121672110	app	31. Do Habits - Get It Done - Daily Routine & Goal Planner	5	2018-08-27	quit	A	?DAYVAL
2256	1791474747	app	31. Do Habits - Get It Done - Daily Routine & Goal Planner	4	2017-09-15	quit	A	?RUN
2257	282d8ccf-870d-46d6-a157-97e1533aeb33	play	31. HelloHabit - Habit Tracker	4	2026-09-02	quit	A	+RUN
2258	2d8f5bd5-57cb-4e98-862b-4244d0387af5	play	31. HelloHabit - Habit Tracker	1	2025-04-09	quit	A	-WRONG
2259	39ce14ae-f7d8-4e32-8b7d-09cadc29d226	play	31. HelloHabit - Habit Tracker	3	2024-09-13	quit	A	+RUN
2260	d1fa1468-8a0a-48fc-ae2e-cc90e330c73b	play	31. HelloHabit - Habit Tracker	5	2024-03-21	quit	A	+RUN
2261	13572292515	app	33. Habitify - Habit Tracker - Daily Goals, Routine & Streaks	3	2025-12-30	quit	A	-WRONG,?SLIPS
2262	14267523174	app	33. Habitify - Habit Tracker - Daily Goals, Routine & Streaks	5	2026-07-05	quit	A	?PERIOD
2263	1534629525	app	33. Habitify - Habit Tracker - Daily Goals, Routine & Streaks	3	2017-02-01	quit	A	?RUN
2264	0f814870-56a4-469c-949d-965e1c0e4923	play	33. Productive - Habit tracker	3	2021-01-21	quit	A	?SLIPS
2265	7611242355	app	34. Habit Tracker - Evoday - Daily Streaks Calendar & Goals	5	2021-07-24	quit	A	+RUN
2266	13827396231	app	34. Habit Tracker - Evoday - Daily Streaks Calendar & Goals	3	2026-03-08	quit	A	?RUN
2267	3090096407	app	34. Habit Tracker - Evoday - Daily Streaks Calendar & Goals	5	2018-08-20	quit	A	+DAYVAL,+SLIPS
2268	13583853777	app	34. Habit Tracker - Evoday - Daily Streaks Calendar & Goals	4	2026-01-02	quit	A	?NOTES
2269	4122355171	app	34. Habit Tracker - Evoday - Daily Streaks Calendar & Goals	5	2019-05-09	quit	A	?RUN
2270	5ddcff1e-a825-443a-8819-2154494fff88	play	37. Habitify - Habit Tracker	4	2024-01-07	quit	A	?PREV,?SLIPS
2271	e2ea8762-9eb8-49d7-b84e-aff1e292a263	play	37. Habitify - Habit Tracker	4	2021-04-09	quit	A	?DAYS,?LIMIT,?SKIP
2272	6c6364ca-a00d-4de2-9d2e-cf4cdcf700e0	play	37. Habitify - Habit Tracker	5	2026-05-04	quit	A	?LIMIT
2273	01b48dc6-b828-4922-b86f-210ac297d6bf	play	40. Habit Eazy - Habit & To Do Pal	4	2025-03-22	quit	A	NA
2274	14342654245	app	41. Awesome Habits - Habit Tracker - Streaks, days since & goals	5	2026-07-24	quit	A	NA
2275	14159525237	app	41. Awesome Habits - Habit Tracker - Streaks, days since & goals	4	2026-06-08	quit	A	NA
2276	9420414826	app	43. Habit Hub - Routine Tracker - Daily Todo, Goals & Schedule	5	2022-12-21	quit	A	NA
2277	10014536827	app	46. everyday - Habit Tracker - Daily Routine Checklist	3	2023-06-09	quit	A	?PERIOD,?RUN
2278	7606815354	app	48. Strides - Habit Tracker + Goals - Goal Planner & Daily Checklist	5	2021-07-22	quit	A	+LIMIT,+RUN
2279	6675187959	app	48. Strides - Habit Tracker + Goals - Goal Planner & Daily Checklist	5	2020-11-22	quit	A	+PREV
2280	8281164891	app	48. Strides - Habit Tracker + Goals - Goal Planner & Daily Checklist	2	2022-01-25	quit	A	-WRONG
2281	7770249354	app	48. Strides - Habit Tracker + Goals - Goal Planner & Daily Checklist	5	2021-09-04	quit	A	+LIMIT
2282	3970135541	app	48. Strides - Habit Tracker + Goals - Goal Planner & Daily Checklist	5	2019-04-04	quit	A	+RUN
2283	3168874437	app	48. Strides - Habit Tracker + Goals - Goal Planner & Daily Checklist	5	2018-09-08	quit	A	NA
2284	2565561465	app	48. Strides - Habit Tracker + Goals - Goal Planner & Daily Checklist	5	2018-05-18	quit	A	+LIMIT,+PERIOD
2285	8268085584	app	52. ShineDay - Habit Tracker - Micro Habits, ADHD & Focus	5	2022-01-22	quit	A	?SLIPS
2286	8236641308	app	52. ShineDay - Habit Tracker - Micro Habits, ADHD & Focus	5	2022-01-13	quit	A	NA
2287	6809731245	app	52. ShineDay - Habit Tracker - Micro Habits, ADHD & Focus	5	2020-12-30	quit	A	?SLIPS
2288	5737495092	app	53. HabitMinder • Habit Tracker - Daily Reminders & Routines	4	2020-03-30	quit	A	?PART,?SLIPS
2289	6374226511	app	54. Avocation - Habit Tracker - Daily planner & ADHD organizer	3	2020-08-29	quit	A	NA
2290	8557099798	app	55. Habit-Bull - Daily Goal Planner - Best To Do List Streak Tracker	3	2022-04-11	quit	A	?LIMIT
2291	4507852447	app	55. Habit-Bull - Daily Goal Planner - Best To Do List Streak Tracker	5	2019-07-23	quit	A	+PREV
2292	1627749359	app	55. Habit-Bull - Daily Goal Planner - Best To Do List Streak Tracker	4	2017-05-29	quit	A	?SLIPS
2293	c7eb5067-d2c1-4f83-b062-641627ef3370	play	6. Streak Tracker - StreakUp	4	2026-05-22	quit	A	?SLIPS
2294	13795256017	app	6. Streak Tracker - StreakUp - Habit Builder & Breaker	5	2026-02-27	quit	A	+STREAK
2295	13767758923	app	6. Streak Tracker - StreakUp - Habit Builder & Breaker	5	2026-02-19	quit	A	+STREAK
2296	bb920fa5-b67d-4161-946c-e26b36548eaf	play	65. Goal & Habit Tracker Calendar	5	2026-08-21	quit	A	+RUN
2297	42dccef2-7be3-4f02-9d63-248286f91dfc	play	65. Goal & Habit Tracker Calendar	2	2026-01-17	quit	A	?RUN
2298	7b31cd0a-013a-4ee0-9cc2-ef7c8f309a07	play	65. Goal & Habit Tracker Calendar	5	2024-09-20	quit	A	NA
2299	a3f5959e-6049-4710-947d-fd11408faf6b	play	65. Goal & Habit Tracker Calendar	4	2021-01-06	quit	A	+PERIOD,+SLIPS
2300	86d4bf3b-cd26-4c14-b1fe-93505c0370d7	play	65. Goal & Habit Tracker Calendar	5	2019-04-23	quit	A	NA
2301	d987ebf2-0e70-4b81-a400-0e2ae25013e3	play	65. Goal & Habit Tracker Calendar	5	2020-09-09	quit	A	?LIMIT,?SLIPS
2302	13046655509	app	7. Habit Tracker - HabitKit - Streaks & Accountability	5	2025-08-22	quit	A	+PART,?RUN
2303	13425595601	app	7. Habit Tracker - HabitKit - Streaks & Accountability	5	2025-11-21	quit	A	?LIMIT
2304	923be41b-9b3d-46cb-a491-9bc5f60a66c9	play	70. everyday Habit Tracker	5	2023-07-24	quit	A	+DAYVAL
2305	13765991354	app	76. Way of Life - Habit Tracker - Build a better, stronger you	5	2026-02-19	quit	A	+RUN
2306	10245732901	app	76. Way of Life - Habit Tracker - Build a better, stronger you	5	2023-08-11	quit	A	NA
2307	2033057159	app	76. Way of Life - Habit Tracker - Build a better, stronger you	5	2017-12-27	quit	A	+SLIPS
2308	1341544564	app	76. Way of Life - Habit Tracker - Build a better, stronger you	4	2016-03-02	quit	A	+PERIOD,+SLIPS
2309	3456540644	app	76. Way of Life - Habit Tracker - Build a better, stronger you	5	2018-11-24	quit	A	NA
2310	13774079761	app	76. Way of Life - Habit Tracker - Build a better, stronger you	5	2026-02-21	quit	A	+PREV,+RUN
2311	4456090251	app	76. Way of Life - Habit Tracker - Build a better, stronger you	5	2019-07-13	quit	A	+DAYVAL,+RUN
2312	1118010146	app	76. Way of Life - Habit Tracker - Build a better, stronger you	5	2014-12-23	quit	A	?RUN
2313	12537644066	app	79. Habit Tracker - Ripples - Routines, streaks, reminders	5	2025-04-13	quit	A	?RUN
2314	11883624365	app	8. Onrise - Habit Tracker & Focus - Build habits, focus & journal	5	2024-10-28	quit	A	NA
2315	3088494191	app	86. Today Habit tracker - For to-dos, routines & goals	4	2018-08-20	quit	A	?LIMIT,?PERIOD
2316	4e065274-df26-45ce-9c0d-aa192c2d8f5a	play	9. Habit Tracker - HabitKit	5	2025-12-25	quit	A	?SLIPS
2317	3cb152c4-ecfe-4a60-a540-9d8cc7ec83da	play	9. Habit Tracker - HabitKit	4	2025-09-19	quit	A	+DAYVAL,?SLIPS
2318	dc65d17e-2d40-4cf1-b534-2407b0bf1181	play	9. Habit Tracker - HabitKit	4	2025-02-20	quit	A	?TOTAL
2319	211a6b2e-630c-452c-987b-84d33661df0f	play	9. Habit Tracker - HabitKit	5	2024-02-22	quit	A	NA
2320	4a38a9ed-917a-4791-af4a-e3232d940003	play	9. Habit Tracker - HabitKit	3	2026-01-28	quit	A	NA
2321	13791681069	app	90. Quit Bad Habits & Addiction - Sobriety Counter & Tracker	5	2026-02-26	quit	A	+NOTES
2322	11090976286	app	90. Quit Bad Habits & Addiction - Sobriety Counter & Tracker	5	2024-03-27	quit	A	+NOTES
2323	13244210385	app	90. Quit Bad Habits & Addiction - Sobriety Counter & Tracker	5	2025-10-09	quit	A	+NOTES,+SLIPS
2324	13261423649	app	90. Quit Bad Habits & Addiction - Sobriety Counter & Tracker	5	2025-10-13	quit	A	+NOTES,+RUN
2325	14000029981	app	90. Quit Bad Habits & Addiction - Sobriety Counter & Tracker	5	2026-04-26	quit	A	+SLIPS
2326	14397616713	app	90. Quit Bad Habits & Addiction - Sobriety Counter & Tracker	5	2026-08-07	quit	A	+SLIPS
2327	14380495771	app	90. Quit Bad Habits & Addiction - Sobriety Counter & Tracker	5	2026-08-02	quit	A	?DAYVAL,?SLIPS
2328	13755233141	app	90. Quit Bad Habits & Addiction - Sobriety Counter & Tracker	4	2026-02-16	quit	A	-WRONG
2329	13691453399	app	90. Quit Bad Habits & Addiction - Sobriety Counter & Tracker	5	2026-01-30	quit	A	+SLIPS
2330	13652742794	app	90. Quit Bad Habits & Addiction - Sobriety Counter & Tracker	5	2026-01-19	quit	A	NA
2331	13216397537	app	90. Quit Bad Habits & Addiction - Sobriety Counter & Tracker	5	2025-10-03	quit	A	+RUN
2332	12570460635	app	90. Quit Bad Habits & Addiction - Sobriety Counter & Tracker	5	2025-04-21	quit	A	+NOTES,+RUN
2333	12566769534	app	90. Quit Bad Habits & Addiction - Sobriety Counter & Tracker	5	2025-04-20	quit	A	+RUN
2334	10995642477	app	90. Quit Bad Habits & Addiction - Sobriety Counter & Tracker	5	2024-03-01	quit	A	?RUN
2335	10585907077	app	90. Quit Bad Habits & Addiction - Sobriety Counter & Tracker	5	2023-11-14	quit	A	NA
2336	13768398859	app	90. Quit Bad Habits & Addiction - Sobriety Counter & Tracker	5	2026-02-20	quit	A	+RUN
2337	14510416958	app	90. Quit Bad Habits & Addiction - Sobriety Counter & Tracker	5	2026-09-04	quit	A	?SAVED
2338	14404195031	app	90. Quit Bad Habits & Addiction - Sobriety Counter & Tracker	5	2026-08-08	quit	A	+SLIPS
2339	10493034671	app	90. Quit Bad Habits & Addiction - Sobriety Counter & Tracker	5	2023-10-19	quit	A	+SLIPS
2340	14076814177	app	1. Habit Tracker - Goal Tracker & ADHD Planner	5	2026-05-18	best_day	A	NA
2341	10879429787	app	1. Habit Tracker - Goal Tracker & ADHD Planner	5	2024-01-30	best_day	A	NA
2342	11082857514	app	1. Habit Tracker - Goal Tracker & ADHD Planner	5	2024-03-25	best_day	A	+PERIOD
2343	10838492921	app	1. Habit Tracker - Goal Tracker & ADHD Planner	5	2024-01-19	best_day	A	+DAYVAL
2344	8919427177	app	1. Habit Tracker - Goal Tracker & ADHD Planner	5	2022-07-28	best_day	A	+PERIOD
2345	5543456646	app	1. Habit Tracker - Goal Tracker & ADHD Planner	5	2020-02-17	best_day	A	+PREV
2346	4512560371	app	1. Habit Tracker - Goal Tracker & ADHD Planner	5	2019-07-25	best_day	A	NA
2347	10913099199	app	1. Habit Tracker - Goal Tracker & ADHD Planner	4	2024-02-07	best_day	A	NA
2348	8660793578	app	1. Habit Tracker - Goal Tracker & ADHD Planner	5	2022-05-11	best_day	A	NA
2349	9599494767	app	1. Habit Tracker - Goal Tracker & ADHD Planner	5	2023-02-09	best_day	A	NA
2350	12445365421	app	1. Habit Tracker - Goal Tracker & ADHD Planner	5	2025-03-21	best_day	A	NA
2351	9266683158	app	1. Habit Tracker - Goal Tracker & ADHD Planner	5	2022-11-08	best_day	A	?TIMES
2352	9598325557	app	1. Habit Tracker - Goal Tracker & ADHD Planner	5	2023-02-09	best_day	A	+PERIOD
2353	9488266774	app	1. Habit Tracker - Goal Tracker & ADHD Planner	4	2023-01-09	best_day	A	NA
2354	12046080996	app	1. Habit Tracker - Goal Tracker & ADHD Planner	5	2024-12-10	best_day	A	?PREV
2355	14370078152	app	1. Habit Tracker - Goal Tracker & ADHD Planner	5	2026-07-31	best_day	A	NA
2356	11201009332	app	1. Habit Tracker - Goal Tracker & ADHD Planner	5	2024-04-26	best_day	A	NA
2357	11173738780	app	1. Habit Tracker - Goal Tracker & ADHD Planner	5	2024-04-18	best_day	A	+PREV
2358	10516601373	app	1. Habit Tracker - Goal Tracker & ADHD Planner	5	2023-10-26	best_day	A	+TOTAL,+WEEKDAY
2359	9322246782	app	1. Habit Tracker - Goal Tracker & ADHD Planner	5	2022-11-24	best_day	A	NA
2360	8247786138	app	1. Habit Tracker - Goal Tracker & ADHD Planner	4	2022-01-16	best_day	A	NA
2361	10711380041	app	1. Habit Tracker - Goal Tracker & ADHD Planner	5	2023-12-18	best_day	A	NA
2362	9541266354	app	1. Habit Tracker - Goal Tracker & ADHD Planner	5	2023-01-24	best_day	B	+PERIOD
2363	10203001150	app	1. Habit Tracker - Goal Tracker & ADHD Planner	5	2023-07-31	best_day	B	-CLUTTER,?DAYVAL
2364	9175672798	app	1. Habit Tracker - Goal Tracker & ADHD Planner	5	2022-10-12	best_day	B	+DAYS,+DAYVAL
2365	7941749008	app	1. Habit Tracker - Goal Tracker & ADHD Planner	3	2021-10-22	best_day	B	-WRONG
2366	7180815312	app	1. Habit Tracker - Goal Tracker & ADHD Planner	5	2021-04-04	best_day	B	NA
2367	14037160888	app	10. Finch - Self-Care Pet - Daily Journal & Habit Tracker	5	2026-05-07	best_day	A	NA
2368	13894025060	app	10. Finch - Self-Care Pet - Daily Journal & Habit Tracker	5	2026-03-27	best_day	A	NA
2369	12380726547	app	10. Finch - Self-Care Pet - Daily Journal & Habit Tracker	5	2025-03-04	best_day	A	NA
2370	13129208779	app	10. Finch - Self-Care Pet - Daily Journal & Habit Tracker	5	2025-09-12	best_day	A	NA
2371	12849572940	app	10. Finch - Self-Care Pet - Daily Journal & Habit Tracker	4	2025-07-04	best_day	A	+TOTAL
2372	11269949029	app	10. Finch - Self-Care Pet - Daily Journal & Habit Tracker	5	2024-05-15	best_day	A	NA
2373	10641755272	app	10. Finch - Self-Care Pet - Daily Journal & Habit Tracker	5	2023-11-30	best_day	A	NA
2374	8508575422	app	10. Finch - Self-Care Pet - Daily Journal & Habit Tracker	5	2022-03-29	best_day	A	NA
2375	8484432112	app	10. Finch - Self-Care Pet - Daily Journal & Habit Tracker	5	2022-03-22	best_day	A	NA
2376	13794471924	app	10. Finch - Self-Care Pet - Daily Journal & Habit Tracker	5	2026-02-27	best_day	A	NA
2377	12769362125	app	10. Finch - Self-Care Pet - Daily Journal & Habit Tracker	5	2025-06-13	best_day	A	+WEEKDAY
2378	12583306899	app	10. Finch - Self-Care Pet - Daily Journal & Habit Tracker	5	2025-04-25	best_day	A	NA
2379	12444444749	app	10. Finch - Self-Care Pet - Daily Journal & Habit Tracker	5	2025-03-20	best_day	A	NA
2380	9907986873	app	10. Finch - Self-Care Pet - Daily Journal & Habit Tracker	5	2023-05-09	best_day	A	+PERIOD
2381	9241136809	app	10. Finch - Self-Care Pet - Daily Journal & Habit Tracker	5	2022-10-31	best_day	A	NA
2382	8550303636	app	10. Finch - Self-Care Pet - Daily Journal & Habit Tracker	4	2022-04-09	best_day	A	NA
2383	8045392062	app	10. Finch - Self-Care Pet - Daily Journal & Habit Tracker	5	2021-11-20	best_day	A	+TIMES
2384	13836351719	app	10. Finch - Self-Care Pet - Daily Journal & Habit Tracker	5	2026-03-11	best_day	A	?DAYS,?PERIOD
2385	7885907231	app	10. Finch - Self-Care Pet - Daily Journal & Habit Tracker	5	2021-10-06	best_day	A	NA
2386	13968236841	app	10. Finch - Self-Care Pet - Daily Journal & Habit Tracker	5	2026-04-17	best_day	A	NA
2387	13986800412	app	10. Finch - Self-Care Pet - Daily Journal & Habit Tracker	5	2026-04-22	best_day	A	+DAYVAL
2388	13383295112	app	10. Finch - Self-Care Pet - Daily Journal & Habit Tracker	5	2025-11-11	best_day	A	NA
2389	12674347241	app	10. Finch - Self-Care Pet - Daily Journal & Habit Tracker	1	2025-05-19	best_day	A	NA
2390	12347071438	app	10. Finch - Self-Care Pet - Daily Journal & Habit Tracker	4	2025-02-23	best_day	A	+TOTAL
2391	12015498264	app	10. Finch - Self-Care Pet - Daily Journal & Habit Tracker	4	2024-12-02	best_day	A	?PERIOD
2392	11599527137	app	10. Finch - Self-Care Pet - Daily Journal & Habit Tracker	4	2024-08-12	best_day	A	NA
2393	11075225634	app	10. Finch - Self-Care Pet - Daily Journal & Habit Tracker	5	2024-03-23	best_day	A	NA
2394	10885973398	app	10. Finch - Self-Care Pet - Daily Journal & Habit Tracker	5	2024-01-31	best_day	A	NA
2395	10284884760	app	10. Finch - Self-Care Pet - Daily Journal & Habit Tracker	5	2023-08-21	best_day	A	?PERIOD
2396	10129572823	app	10. Finch - Self-Care Pet - Daily Journal & Habit Tracker	5	2023-07-11	best_day	A	NA
2397	10003763912	app	10. Finch - Self-Care Pet - Daily Journal & Habit Tracker	5	2023-06-06	best_day	A	NA
2398	9968051984	app	10. Finch - Self-Care Pet - Daily Journal & Habit Tracker	5	2023-05-26	best_day	A	NA
2399	9890870630	app	10. Finch - Self-Care Pet - Daily Journal & Habit Tracker	5	2023-05-04	best_day	A	NA
2400	9641301002	app	10. Finch - Self-Care Pet - Daily Journal & Habit Tracker	5	2023-02-21	best_day	A	NA
2401	9586429433	app	10. Finch - Self-Care Pet - Daily Journal & Habit Tracker	5	2023-02-05	best_day	A	+PERIOD
2402	9314859149	app	10. Finch - Self-Care Pet - Daily Journal & Habit Tracker	5	2022-11-21	best_day	A	NA
2403	9259076875	app	10. Finch - Self-Care Pet - Daily Journal & Habit Tracker	5	2022-11-05	best_day	A	NA
2404	9174941223	app	10. Finch - Self-Care Pet - Daily Journal & Habit Tracker	5	2022-10-11	best_day	A	NA
2405	9124458106	app	10. Finch - Self-Care Pet - Daily Journal & Habit Tracker	5	2022-09-26	best_day	A	+PERIOD
2406	9031586902	app	10. Finch - Self-Care Pet - Daily Journal & Habit Tracker	5	2022-08-29	best_day	A	+PREV
2407	8971233302	app	10. Finch - Self-Care Pet - Daily Journal & Habit Tracker	5	2022-08-12	best_day	A	NA
2408	8962434363	app	10. Finch - Self-Care Pet - Daily Journal & Habit Tracker	5	2022-08-09	best_day	A	NA
2409	8879891617	app	10. Finch - Self-Care Pet - Daily Journal & Habit Tracker	5	2022-07-16	best_day	A	NA
2410	8800413738	app	10. Finch - Self-Care Pet - Daily Journal & Habit Tracker	5	2022-06-22	best_day	A	NA
2411	8778078506	app	10. Finch - Self-Care Pet - Daily Journal & Habit Tracker	1	2022-06-16	best_day	A	NA
2412	8658765339	app	10. Finch - Self-Care Pet - Daily Journal & Habit Tracker	5	2022-05-11	best_day	A	NA
2413	8621737269	app	10. Finch - Self-Care Pet - Daily Journal & Habit Tracker	5	2022-04-30	best_day	A	+PERIOD
2414	8605639667	app	10. Finch - Self-Care Pet - Daily Journal & Habit Tracker	5	2022-04-25	best_day	A	NA
2415	8586284795	app	10. Finch - Self-Care Pet - Daily Journal & Habit Tracker	5	2022-04-20	best_day	A	NA
2416	8586224679	app	10. Finch - Self-Care Pet - Daily Journal & Habit Tracker	5	2022-04-20	best_day	A	+PERIOD
2417	8455505916	app	10. Finch - Self-Care Pet - Daily Journal & Habit Tracker	5	2022-03-14	best_day	A	NA
2418	8442209157	app	10. Finch - Self-Care Pet - Daily Journal & Habit Tracker	5	2022-03-11	best_day	A	NA
2419	8439112341	app	10. Finch - Self-Care Pet - Daily Journal & Habit Tracker	5	2022-03-10	best_day	A	NA
2420	8439047741	app	10. Finch - Self-Care Pet - Daily Journal & Habit Tracker	5	2022-03-10	best_day	A	NA
2421	8286473943	app	10. Finch - Self-Care Pet - Daily Journal & Habit Tracker	5	2022-01-27	best_day	A	+PERIOD
2422	12249399920	app	10. Finch - Self-Care Pet - Daily Journal & Habit Tracker	5	2025-01-30	best_day	B	NA
2423	10893984148	app	10. Finch - Self-Care Pet - Daily Journal & Habit Tracker	5	2024-02-02	best_day	B	NA
2424	8492145353	app	10. Finch - Self-Care Pet - Daily Journal & Habit Tracker	5	2022-03-25	best_day	B	NA
2425	ee83e33d-2043-419e-b3d5-968703943878	play	10. Habit Tracker - Habit Diary	5	2024-01-05	best_day	A	NA
2426	e6ee832f-6345-4143-91e0-6248acad05f5	play	10. Habit Tracker - Habit Diary	5	2022-01-31	best_day	A	NA
2427	6d2b51e4-514b-461e-9710-d2024a78e9cb	play	10. Habit Tracker - Habit Diary	5	2024-09-15	best_day	A	NA
2428	c4883abb-857f-4d14-81c4-c467104650fd	play	10. Habit Tracker - Habit Diary	5	2024-07-03	best_day	A	?TOTAL
2429	afc8aaf4-f30d-459c-9690-5df8c9c66f0b	play	12. Fabulous Daily Routine Planner	5	2022-01-17	best_day	A	+PREV
2430	031a109a-4cf1-4d1d-8849-85e3aec90760	play	12. Fabulous Daily Routine Planner	4	2020-10-08	best_day	A	?DAYVAL,?PREV
2431	9586f3b8-c2df-4277-82d3-769349a404d2	play	12. Fabulous Daily Routine Planner	3	2022-11-01	best_day	B	NA
2432	3b9d3dbd-a90e-4ac5-8bd8-097922322c9a	play	12. Fabulous Daily Routine Planner	5	2021-09-01	best_day	B	NA
2433	1336551297	app	13. Productive - Habit Tracker - Daily Routine & Goals Planner	5	2016-02-21	best_day	A	+TOTAL
2434	6009090482	app	13. Productive - Habit Tracker - Daily Routine & Goals Planner	5	2020-05-29	best_day	A	?PERIOD,?TOTAL
2435	3633640573	app	13. Productive - Habit Tracker - Daily Routine & Goals Planner	3	2019-01-10	best_day	A	?TOTAL
2436	4759620966	app	13. Productive - Habit Tracker - Daily Routine & Goals Planner	3	2019-09-11	best_day	A	?PREV
2437	8995141079	app	13. Productive - Habit Tracker - Daily Routine & Goals Planner	5	2022-08-19	best_day	A	+PERIOD
2438	5303525326	app	13. Productive - Habit Tracker - Daily Routine & Goals Planner	5	2019-12-22	best_day	A	?SKIP,?WEEKDAY
2439	4715006493	app	13. Productive - Habit Tracker - Daily Routine & Goals Planner	4	2019-09-02	best_day	A	-WRONG,?TOTAL
2440	3302018810	app	13. Productive - Habit Tracker - Daily Routine & Goals Planner	3	2018-10-14	best_day	A	?PREV
2441	1534536904	app	13. Productive - Habit Tracker - Daily Routine & Goals Planner	4	2017-02-01	best_day	A	+DAYS,?TIMES
2442	1389995811	app	13. Productive - Habit Tracker - Daily Routine & Goals Planner	4	2016-06-06	best_day	A	-WRONG
2443	1293070237	app	13. Productive - Habit Tracker - Daily Routine & Goals Planner	4	2015-11-28	best_day	B	?NEXT,?PERIOD
2444	1229251579	app	13. Productive - Habit Tracker - Daily Routine & Goals Planner	5	2015-07-18	best_day	B	?PERIOD
2445	3708734652	app	13. Productive - Habit Tracker - Daily Routine & Goals Planner	4	2019-01-29	best_day	B	+DAYVAL
2446	bebdf291-44a2-4cb6-8df2-00053fd09854	play	130. Way of Life - habit tracker	5	2023-04-22	best_day	A	+PREV
2447	5e3b9046-f9a0-4307-8dfa-f1b30f0bcc8d	play	130. Way of Life - habit tracker	5	2025-02-11	best_day	A	+PREV
2448	680402f4-7571-4e86-9f58-a9bf46a024d5	play	130. Way of Life - habit tracker	4	2019-05-23	best_day	A	?WEEKDAY
2449	3733b2ab-b9b6-434d-a3e7-1e40c0f47d5a	play	130. Way of Life - habit tracker	2	2023-05-03	best_day	B	-WRONG
2450	13276061916	app	16. Atoms - from Atomic Habits - The official Atomic Habits app	4	2025-10-17	best_day	A	?PREV
2451	edbdded8-c32d-4b90-a50e-9b9d611c12cf	play	18. Habit Tracker - Habit Radar	5	2026-07-02	best_day	A	+TOTAL
2452	11780406242	app	18. MyRoutine - Organize your day - Built around your real life	4	2024-09-30	best_day	A	?PERIOD
2453	11754707869	app	18. MyRoutine - Organize your day - Built around your real life	5	2024-09-23	best_day	A	NA
2454	11058573700	app	18. MyRoutine - Organize your day - Built around your real life	4	2024-03-18	best_day	A	?TOTAL
2455	3342902073	app	2. Daily Habits - Habit Tracker - Habit List and Routine Tracker	2	2018-10-25	best_day	B	NA
2456	ec4b9ff6-61b7-44db-9e60-357633a98ea4	play	2. HabitNow Daily Routine Planner	5	2025-07-11	best_day	A	NA
2457	4531d959-ddfe-4ca1-bb8f-3f215b2b9f66	play	2. HabitNow Daily Routine Planner	4	2025-05-16	best_day	A	?DAYVAL
2458	e44de3d0-8fb5-4833-a491-245f31cc281f	play	2. HabitNow Daily Routine Planner	5	2025-04-03	best_day	A	+PREV
2459	534065b2-30f2-4984-a7d7-d8beb2f9e831	play	2. HabitNow Daily Routine Planner	5	2025-01-18	best_day	A	NA
2460	c887477e-39a2-4c86-87dc-bd735e267f5b	play	2. HabitNow Daily Routine Planner	5	2024-12-02	best_day	A	?TIMES
2461	fe258e4b-1ba9-42f4-b660-1dcb43904546	play	2. HabitNow Daily Routine Planner	5	2023-12-15	best_day	A	NA
2462	221e4dc8-d0d1-4e9a-8d1f-3e884aaa34f0	play	2. HabitNow Daily Routine Planner	5	2023-09-11	best_day	A	?TOTAL
2463	2e59c450-ff85-46c8-a374-d46dc5c918eb	play	2. HabitNow Daily Routine Planner	5	2023-08-25	best_day	A	NA
2464	7971b1e1-fd28-4aa3-967c-325f939f51c2	play	2. HabitNow Daily Routine Planner	5	2023-08-17	best_day	A	NA
2465	350afaff-a669-4e21-abdb-93a9a6579bbf	play	2. HabitNow Daily Routine Planner	3	2023-03-07	best_day	A	?PREV
2466	bfb4ccf5-a0c2-457c-9058-dfe8a38b03ed	play	2. HabitNow Daily Routine Planner	4	2023-02-15	best_day	A	?TOTAL
2467	54a36026-a796-4f11-b830-d9954475830f	play	2. HabitNow Daily Routine Planner	5	2023-01-11	best_day	A	+TOTAL
2468	c03c2981-5940-4539-ba03-d61131317480	play	2. HabitNow Daily Routine Planner	4	2022-10-15	best_day	A	?PERIOD,?PREV
2469	131f4112-62f6-45e5-be00-4ecd52046282	play	2. HabitNow Daily Routine Planner	4	2022-07-31	best_day	A	?TOTAL
2470	816a847f-6ed9-4358-8d8c-95465b89ccae	play	2. HabitNow Daily Routine Planner	4	2022-06-12	best_day	A	?TOTAL
2471	a128ad0b-9bd8-454e-aa8f-c8ba29a360fe	play	2. HabitNow Daily Routine Planner	3	2022-06-02	best_day	A	?PERIOD,?TOTAL
2472	afdf8d0d-fb87-4e53-b274-829f39349d12	play	2. HabitNow Daily Routine Planner	4	2022-05-20	best_day	A	?PREV
2473	8f2a6883-3262-48a9-8669-5375006bd668	play	2. HabitNow Daily Routine Planner	4	2021-09-26	best_day	A	NA
2474	1eca5272-15bc-4d59-b4c2-582c785415d8	play	2. HabitNow Daily Routine Planner	4	2021-08-19	best_day	A	NA
2475	9016bb4d-ec5f-4aa9-9606-d0141b0e7a0e	play	2. HabitNow Daily Routine Planner	5	2021-05-25	best_day	A	+PERIOD,+WEEKDAY
2476	ec9495e4-647d-4bcf-a72b-f958eadee5c4	play	2. HabitNow Daily Routine Planner	5	2021-01-18	best_day	A	?TOTAL
2477	66ab3ba2-0e89-49a7-89aa-5c7b67f13f3b	play	2. HabitNow Daily Routine Planner	5	2024-01-12	best_day	A	?PERIOD
2478	8764fab1-79ea-4021-ab17-207023268837	play	2. HabitNow Daily Routine Planner	5	2021-08-15	best_day	A	?TIMES
2479	b91388f6-4872-46a8-aabd-5f2645ec6e28	play	2. HabitNow Daily Routine Planner	5	2020-11-30	best_day	A	?TOTAL
2480	3941a41e-202a-4f4b-b089-50000f0c487a	play	2. HabitNow Daily Routine Planner	5	2020-06-10	best_day	A	?TOTAL
2481	a499dbf8-7027-4408-aa3d-fb5ff72d0ddb	play	2. HabitNow Daily Routine Planner	3	2024-02-24	best_day	A	?WEEKDAY
2482	75591c49-49db-4889-83ba-dd19f2d0b91c	play	2. HabitNow Daily Routine Planner	5	2025-10-22	best_day	A	?TOTAL
2483	574d5ba5-6e2e-411e-8c3c-9325cc845e2f	play	2. HabitNow Daily Routine Planner	5	2023-02-17	best_day	A	?PERIOD,?PREV
2484	7bcbaffe-5417-44c6-9d9d-0611255d4867	play	2. HabitNow Daily Routine Planner	5	2023-02-13	best_day	A	NA
2485	1b1ba9e2-403d-4a31-ac63-e061b5e8b482	play	2. HabitNow Daily Routine Planner	4	2022-02-03	best_day	A	NA
2486	6cf7e878-7e6d-4b4e-9a15-ba11530c6557	play	2. HabitNow Daily Routine Planner	5	2021-08-24	best_day	A	NA
2487	a8abcd13-56ff-4add-8d2f-c2b1c16bf19a	play	2. HabitNow Daily Routine Planner	5	2020-04-26	best_day	A	?PREV
2488	59043da7-bd79-42b8-ac40-cedf761b6884	play	2. HabitNow Daily Routine Planner	4	2019-11-19	best_day	B	?DAYVAL
2489	dd3768e1-2ea0-406e-b78e-a644fcff749b	play	2. HabitNow Daily Routine Planner	4	2021-08-17	best_day	B	?DAYVAL
2490	69ac698b-2fda-4600-b168-b58388bda29b	play	2. HabitNow Daily Routine Planner	4	2020-06-17	best_day	B	+NEXT
2491	7979892490	app	20. Habit — Daily Tracker - Crush your goals like a boss	4	2021-11-02	best_day	A	NA
2492	4022324540	app	20. Habit — Daily Tracker - Crush your goals like a boss	5	2019-04-17	best_day	A	?PERIOD,?PREV
2493	3688264932	app	20. Habit — Daily Tracker - Crush your goals like a boss	5	2019-01-24	best_day	A	?PREV
2494	8958760629	app	20. Habit — Daily Tracker - Crush your goals like a boss	5	2022-08-08	best_day	A	NA
2495	5767176713	app	20. Habit — Daily Tracker - Crush your goals like a boss	5	2020-04-05	best_day	B	NA
2496	6990247277	app	20. Habit — Daily Tracker - Crush your goals like a boss	2	2021-02-13	best_day	B	NA
2497	f6e98776-3473-4a70-b099-e65b38584b6b	play	20. MyRoutine - Routine Habit Goal	5	2026-08-10	best_day	A	NA
2498	f328972b-6e9e-4ab8-b2d5-f35529cbc704	play	20. MyRoutine - Routine Habit Goal	5	2023-01-07	best_day	A	?PERIOD,?TOTAL
2499	2a6f67bc-9222-47c8-951d-61c418c475bc	play	22. Disciplined - Habit Tracker	5	2024-03-13	best_day	A	+PREV
2500	13560759962	app	23. Streaks - The habit-forming to-do list	3	2025-12-27	best_day	A	?PREV
2501	7946674207	app	23. Streaks - The habit-forming to-do list	5	2021-10-23	best_day	A	+TIMES
2502	7237845488	app	23. Streaks - The habit-forming to-do list	5	2021-04-18	best_day	A	?TIMES
2503	6440368965	app	23. Streaks - The habit-forming to-do list	5	2020-09-18	best_day	A	+PREV
2504	1556015566	app	23. Streaks - The habit-forming to-do list	4	2017-03-02	best_day	A	+DAYVAL,+WEEKDAY
2505	1277986745	app	23. Streaks - The habit-forming to-do list	4	2015-10-27	best_day	B	NA
2506	5286611480	app	24. Fabulous - Daily Habit Tracker - Morning Routines & ADHD Help	4	2019-12-18	best_day	A	NA
2507	5267678460	app	24. Fabulous - Daily Habit Tracker - Morning Routines & ADHD Help	4	2019-12-13	best_day	A	?PREV
2508	4327f19f-03c7-4100-9b45-1234d1b2bb58	play	24. Habit Tracker	5	2025-05-23	best_day	A	NA
2509	da3d351d-1a69-4411-8ff4-463a472f34a4	play	24. Habit Tracker	5	2022-04-12	best_day	A	+PREV
2510	dbe888a0-1f26-4c62-8b48-c7f63685af05	play	24. Habit Tracker	5	2019-03-19	best_day	A	+PREV
2511	a2ca91ce-7419-405d-8afc-a639b6326b03	play	24. Habit Tracker	4	2022-10-23	best_day	B	+DAYVAL
2512	7f51ef95-8775-404c-acd9-c2b0783b9d32	play	24. Habit Tracker	4	2017-12-18	best_day	B	?PERIOD
2513	11533262445	app	25. Grit - Daily Habit Tracker - Routines & Goals ADHD Planner	5	2024-07-25	best_day	A	NA
2514	12253630488	app	29. Habit Tracker - Daily Goals - Motivation & Accountability	3	2025-01-31	best_day	B	-WRONG
2515	8610383930	app	3. Days Since - Quit Habit Tracker - Sober Streak Day Counter	5	2022-04-27	best_day	A	+DAYVAL
2516	9028561250	app	3. Days Since - Quit Habit Tracker - Sober Streak Day Counter	5	2022-08-29	best_day	A	NA
2517	11148523166	app	3. Days Since - Quit Habit Tracker - Sober Streak Day Counter	5	2024-04-12	best_day	B	NA
2518	11598484028	app	3. Days Since - Quit Habit Tracker - Sober Streak Day Counter	5	2024-08-11	best_day	B	NA
2519	9466347369	app	3. Days Since - Quit Habit Tracker - Sober Streak Day Counter	5	2023-01-03	best_day	B	+CLEAN
2520	204c2609-cbb1-4411-b5b1-9f6edf4dc1fd	play	3. Loop Habit Tracker	5	2023-06-06	best_day	A	NA
2521	08277ced-ec73-4b7e-80a6-2f46bf0fe00e	play	3. Loop Habit Tracker	5	2020-02-24	best_day	A	NA
2522	404a1482-e3af-4899-9176-83d37a3d1958	play	3. Loop Habit Tracker	4	2026-02-20	best_day	A	+WEEKDAY,-WRONG
2523	03221e24-ac1b-46c0-a5f4-900cb2aa73fd	play	3. Loop Habit Tracker	4	2021-01-25	best_day	A	NA
2524	4b856b56-9427-4c24-b671-3499fb3270d7	play	3. Loop Habit Tracker	5	2019-11-23	best_day	A	+DAYVAL
2525	e9d26f0c-8aa9-4b8b-a59f-250ba21d01ad	play	3. Loop Habit Tracker	5	2019-07-22	best_day	A	+PREV,+STREAK
2526	cbd71b34-7ab5-4b7e-aa43-c3cc726eba30	play	3. Loop Habit Tracker	3	2018-11-03	best_day	A	NA
2527	819ed6d6-51f4-4521-a585-32448a8c7817	play	3. Loop Habit Tracker	5	2026-02-03	best_day	A	NA
2528	fac72170-df80-42e5-9471-66eccca6ec1c	play	3. Loop Habit Tracker	5	2026-01-05	best_day	A	NA
2529	fd7734d8-f5a5-45ce-be8b-96ded23c19ae	play	3. Loop Habit Tracker	5	2025-11-06	best_day	A	+PREV
2530	21f7cc2c-f131-4bdc-991a-503a7ccba224	play	3. Loop Habit Tracker	5	2025-05-19	best_day	A	NA
2531	1985beac-b0da-4646-aac2-89407898ea7a	play	3. Loop Habit Tracker	5	2024-08-30	best_day	A	+PREV,+WEEKDAY
2532	d81be62d-d8a7-42ab-8e28-4911ec3ee374	play	3. Loop Habit Tracker	5	2024-08-25	best_day	A	+DAYVAL,+PERIOD
2533	f5f5924a-2dbb-47f8-8602-173dc6fd21d8	play	3. Loop Habit Tracker	5	2024-07-28	best_day	A	+WEEKDAY
2534	5f0a46e2-7a86-426f-97e2-4e6dfbadf67f	play	3. Loop Habit Tracker	4	2024-07-27	best_day	A	?WEEKDAY
2535	3024941e-8c7e-4ca5-9cf8-deca5f06ced5	play	3. Loop Habit Tracker	3	2024-03-28	best_day	A	NA
2536	c7e825ef-12ab-4d5b-94fc-57b3716d5d35	play	3. Loop Habit Tracker	5	2024-03-10	best_day	A	NA
2537	b8b2704e-e86f-4124-b259-26db591afec1	play	3. Loop Habit Tracker	5	2024-01-05	best_day	A	?PREV
2538	f632571f-f36b-48c9-81c6-bdc410b3aa60	play	3. Loop Habit Tracker	5	2023-11-15	best_day	A	+WEEKDAY
2539	7b73d6af-034e-45b7-94df-f6594e2357fd	play	3. Loop Habit Tracker	5	2023-11-01	best_day	A	NA
2540	4d2fd675-07c6-4bc0-abe2-e9ebc2a46178	play	3. Loop Habit Tracker	5	2023-09-12	best_day	A	+PREV
2541	064f1097-ace4-43c6-8d6e-e20b625a9156	play	3. Loop Habit Tracker	3	2023-07-07	best_day	A	NA
2542	8f685063-3c6c-43ae-a4c0-83518fb408cd	play	3. Loop Habit Tracker	5	2023-06-10	best_day	A	+DAYS,+STREAK
2543	c1f0dcc8-a5eb-4c5a-b37d-14fcbdbebcaf	play	3. Loop Habit Tracker	5	2022-12-14	best_day	A	+WEEKDAY
2544	b03ac1f4-e8a3-415e-9622-24607d57ed49	play	3. Loop Habit Tracker	5	2022-06-24	best_day	A	+DAYS
2545	c9ff9651-9ede-4b40-a7b8-d9ed2b6bedd4	play	3. Loop Habit Tracker	5	2022-05-01	best_day	A	NA
2546	806ea927-e3a9-4286-a0a6-62591bce8a1d	play	3. Loop Habit Tracker	5	2022-04-13	best_day	A	NA
2547	b79cc60b-17a7-4610-9681-5feda16792c3	play	3. Loop Habit Tracker	5	2022-04-13	best_day	A	NA
2548	d828192c-185e-4757-96e7-fc2645cd9f5f	play	3. Loop Habit Tracker	4	2022-03-08	best_day	A	?PERIOD,?PREV
2549	e7d93af5-c4fb-44e9-b009-a6bb4fea4b90	play	3. Loop Habit Tracker	5	2021-01-03	best_day	A	NA
2550	b9f45eae-c3bf-48e0-acf6-d0124da463d9	play	3. Loop Habit Tracker	4	2020-12-23	best_day	A	NA
2551	4bc350fc-95a5-408a-a07b-480f6c985180	play	3. Loop Habit Tracker	5	2020-09-05	best_day	A	NA
2552	6b97f978-6615-4ee2-82ff-9ea788157728	play	3. Loop Habit Tracker	5	2020-07-11	best_day	A	NA
2553	e5eab02c-deaf-4cf8-939b-7e432f9d0a9c	play	3. Loop Habit Tracker	5	2020-05-29	best_day	A	NA
2554	ac59fd4a-e6e2-4c33-9ab7-4cedecedd4e3	play	3. Loop Habit Tracker	4	2020-05-26	best_day	A	NA
2555	ece45471-dff2-434e-ab9a-52554d4a13b9	play	3. Loop Habit Tracker	5	2020-01-10	best_day	A	NA
2556	d2b88092-0f9a-423e-acf4-7b1d1410d398	play	3. Loop Habit Tracker	4	2020-01-09	best_day	A	NA
2557	8509a893-b4db-4d14-8b16-258518c825dc	play	3. Loop Habit Tracker	5	2019-11-30	best_day	A	?TOTAL
2558	2779a477-de43-42cd-99d3-02684f2660b4	play	3. Loop Habit Tracker	4	2019-09-25	best_day	A	+WEEKDAY
2559	e404d9bb-6d54-4ea5-ba35-c20e45b1aa97	play	3. Loop Habit Tracker	3	2019-08-11	best_day	A	?WEEKDAY
2560	293cb932-255a-4e13-8995-d7352c561a67	play	3. Loop Habit Tracker	5	2019-08-05	best_day	A	NA
2561	cf311405-e1e8-4160-b89a-291dd11f4819	play	3. Loop Habit Tracker	4	2019-05-27	best_day	A	NA
2562	3c119124-ba25-4644-ad7b-eb14b879348a	play	3. Loop Habit Tracker	5	2019-04-09	best_day	A	+PREV
2563	54583c39-5604-4f03-bc88-fe6c8c3adc0b	play	3. Loop Habit Tracker	5	2018-09-17	best_day	A	NA
2564	b20fcbc0-4dc8-4b1b-808b-17528f063bcd	play	3. Loop Habit Tracker	5	2018-08-31	best_day	A	NA
2565	6bc80fbe-b63b-41d0-a483-ac464c2fe305	play	3. Loop Habit Tracker	5	2018-05-23	best_day	A	NA
2566	4fd7b8a0-20ae-4bc1-bb4b-983d491f5233	play	3. Loop Habit Tracker	5	2018-05-12	best_day	A	+WEEKDAY
2567	18915232-ac8e-45fa-80ba-29c3e0a18b77	play	3. Loop Habit Tracker	5	2018-03-24	best_day	A	?DAYS
2568	0574e834-b8fa-4a60-8bea-3e330ed3ed52	play	3. Loop Habit Tracker	5	2018-02-08	best_day	A	+DAYVAL,+STREAK,+WEEKDAY
2569	91d3baf7-0961-4fbf-92f3-ea77f70603a6	play	3. Loop Habit Tracker	5	2018-02-04	best_day	A	NA
2570	a1bf0c47-a081-4e57-b724-a682ef43b736	play	3. Loop Habit Tracker	5	2018-01-17	best_day	A	NA
2571	f5845a8b-dc5f-4a24-af66-194687e984fc	play	3. Loop Habit Tracker	4	2018-01-14	best_day	A	NA
2572	3f01ce43-91f0-4d0e-a824-67511bf7ca54	play	3. Loop Habit Tracker	5	2017-11-28	best_day	A	NA
2573	6fb40671-6d7a-404e-ba91-07f61444c69e	play	3. Loop Habit Tracker	5	2017-11-17	best_day	A	NA
2574	13728ef6-9d53-4b7d-9278-032ed4af9867	play	3. Loop Habit Tracker	5	2017-11-05	best_day	A	+PERIOD,+WEEKDAY
2575	1d845bb9-952a-4abb-99c9-60e088a18174	play	3. Loop Habit Tracker	5	2017-08-03	best_day	A	+WEEKDAY
2576	1b5faaad-07e0-4b15-b5fb-82d7c6703a7c	play	3. Loop Habit Tracker	5	2017-07-30	best_day	A	+WEEKDAY
2577	0d46bf85-32ba-48ad-bd76-ffe312f1b356	play	3. Loop Habit Tracker	5	2017-05-04	best_day	A	NA
2578	11948e7d-465e-4df1-9bec-0dc12d473242	play	3. Loop Habit Tracker	4	2016-11-24	best_day	A	?TIMES
2579	dbad8310-d043-449a-99d2-f15ed108ff51	play	3. Loop Habit Tracker	5	2024-12-22	best_day	A	NA
2580	e9d7674a-41f9-40ca-809d-1e60fd7ad474	play	3. Loop Habit Tracker	5	2024-10-06	best_day	A	+PREV,+WEEKDAY
2581	655b5793-9729-42ea-a710-711f2f535881	play	3. Loop Habit Tracker	5	2024-06-03	best_day	A	?TIMES
2582	7a0ba4ae-dd22-456f-ad38-a8fd5a773991	play	3. Loop Habit Tracker	5	2022-04-17	best_day	A	NA
2583	b4821ec3-9f55-4b5d-bdee-fdb213b92d03	play	3. Loop Habit Tracker	5	2022-04-14	best_day	A	NA
2584	55adad3a-252c-4496-a6cc-861d3020cec5	play	3. Loop Habit Tracker	5	2022-01-04	best_day	A	NA
2585	175009a3-bd29-4815-8c3e-f58f58ede29b	play	3. Loop Habit Tracker	4	2020-07-23	best_day	A	+PREV
2586	4b6b6222-48e5-423e-84d1-93be84d017ca	play	3. Loop Habit Tracker	5	2016-07-30	best_day	A	+PERIOD,+WEEKDAY
2587	7b1e4976-3925-42fa-82a6-82c5851373aa	play	3. Loop Habit Tracker	5	2016-04-28	best_day	A	+PREV,+WEEKDAY
2588	c484548a-7629-4764-ae3e-e52bc3e137f1	play	3. Loop Habit Tracker	5	2020-10-22	best_day	A	NA
2589	36cc8c9e-0b09-42a8-a028-41f0235aa0a5	play	3. Loop Habit Tracker	4	2018-04-24	best_day	A	+STREAK,+WEEKDAY
2590	a5914dbf-5592-47be-847b-4d5997084533	play	3. Loop Habit Tracker	5	2021-07-16	best_day	A	+WEEKDAY
2591	50ed019d-ab6b-4fce-b05a-fe0a4395e90e	play	3. Loop Habit Tracker	5	2020-01-05	best_day	A	NA
2592	5a10f129-8c06-4fd1-876b-17922cc3c949	play	3. Loop Habit Tracker	5	2022-05-12	best_day	A	NA
2593	cdb065d9-5a32-485c-911b-05506160f813	play	3. Loop Habit Tracker	5	2022-09-22	best_day	A	+PERIOD
2594	19ef3fbc-fd88-4560-9f98-ac3347ad1aaf	play	3. Loop Habit Tracker	4	2021-04-06	best_day	A	?TIMES
2595	33cf94c4-ace7-4a60-9f47-5a6dfd0ceee5	play	3. Loop Habit Tracker	5	2017-07-29	best_day	A	+WEEKDAY
2596	f9aa4227-c189-4278-87f7-8caa9f2a9b38	play	3. Loop Habit Tracker	4	2023-10-29	best_day	A	?PREV,?TOTAL
2597	d918cc53-1365-4ce6-96cf-a57553e79ee1	play	3. Loop Habit Tracker	5	2023-09-22	best_day	A	NA
2598	af564f66-a84d-4b39-880e-864aaf901f29	play	3. Loop Habit Tracker	5	2023-06-24	best_day	A	+DAYS
2599	4a366d22-8eb9-47ee-9154-d90e7bca849f	play	3. Loop Habit Tracker	5	2023-04-23	best_day	A	+WEEKDAY
2600	8c06620a-a02c-4ee9-8312-eccb3a7d3ad1	play	3. Loop Habit Tracker	5	2023-02-07	best_day	A	NA
2601	702e1499-0cd5-4c2b-89d9-4b66accd0382	play	3. Loop Habit Tracker	5	2022-02-10	best_day	A	+PERIOD
2602	5a41e1d1-a198-4c6c-8d7c-37e929ede023	play	3. Loop Habit Tracker	5	2021-12-24	best_day	A	+DAYS
2603	80ab1365-72bb-4943-851b-3f829d41e45c	play	3. Loop Habit Tracker	4	2020-06-14	best_day	A	?TOTAL,?WEEKDAY
2604	702167f5-450e-4acc-b71f-67920f2ce235	play	3. Loop Habit Tracker	5	2019-12-19	best_day	A	?TOTAL
2605	6cff4a4c-09f1-4544-a336-087b6c32f28f	play	3. Loop Habit Tracker	5	2022-06-17	best_day	A	NA
2606	9c73d0cf-03bd-42e7-8d66-72f2a201e052	play	3. Loop Habit Tracker	5	2025-03-11	best_day	A	NA
2607	f42912f9-fd25-4938-83bc-c2179ccbb624	play	3. Loop Habit Tracker	5	2017-06-15	best_day	A	NA
2608	67517494-ed78-4a02-834d-c195a59c4741	play	3. Loop Habit Tracker	4	2019-05-26	best_day	B	?PERIOD
2609	106ac295-b909-4b1a-b861-cdbc6287ce4e	play	3. Loop Habit Tracker	3	2018-06-07	best_day	B	?PERIOD
2610	11157184274	app	31. Do Habits - Get It Done - Daily Routine & Goal Planner	5	2024-04-14	best_day	A	NA
2611	6876141444	app	31. Do Habits - Get It Done - Daily Routine & Goal Planner	4	2021-01-16	best_day	A	?TOTAL
2612	3963640451	app	31. Do Habits - Get It Done - Daily Routine & Goal Planner	5	2019-04-03	best_day	A	?TOTAL,?WEEKDAY
2613	5546153028	app	31. Do Habits - Get It Done - Daily Routine & Goal Planner	5	2020-02-18	best_day	A	+TIMES
2614	3582038140	app	31. Do Habits - Get It Done - Daily Routine & Goal Planner	3	2018-12-28	best_day	A	-CLUTTER,?DAYVAL
2615	1624258018	app	31. Do Habits - Get It Done - Daily Routine & Goal Planner	5	2017-05-26	best_day	A	+PREV
2616	1611868569	app	31. Do Habits - Get It Done - Daily Routine & Goal Planner	4	2017-05-12	best_day	A	+PERIOD,+WEEKDAY
2617	8388235675	app	31. Do Habits - Get It Done - Daily Routine & Goal Planner	4	2022-02-23	best_day	B	-WRONG
2618	5462712336	app	33. Habitify - Habit Tracker - Daily Goals, Routine & Streaks	5	2020-01-29	best_day	A	+PERIOD,+TIMES,+WEEKDAY
2619	9467740138	app	33. Habitify - Habit Tracker - Daily Goals, Routine & Streaks	3	2023-01-03	best_day	A	?DAYVAL,?PREV
2620	10298601260	app	33. Habitify - Habit Tracker - Daily Goals, Routine & Streaks	4	2023-08-25	best_day	A	?PREV
2621	5351195268	app	33. Habitify - Habit Tracker - Daily Goals, Routine & Streaks	5	2020-01-02	best_day	A	+TIMES,+WEEKDAY
2622	13041982417	app	33. Habitify - Habit Tracker - Daily Goals, Routine & Streaks	4	2025-08-21	best_day	A	+DAYVAL,+PREV
2623	12892195072	app	33. Habitify - Habit Tracker - Daily Goals, Routine & Streaks	4	2025-07-14	best_day	A	NA
2624	1461643950	app	33. Habitify - Habit Tracker - Daily Goals, Routine & Streaks	4	2016-10-05	best_day	A	?DAYS
2625	42de5cdc-c427-4776-8433-41597d988de1	play	33. Productive - Habit tracker	4	2021-06-19	best_day	B	NA
2626	14284351778	app	34. Habit Tracker - Evoday - Daily Streaks Calendar & Goals	5	2026-07-10	best_day	A	+DAYVAL
2627	9580051830	app	34. Habit Tracker - Evoday - Daily Streaks Calendar & Goals	5	2023-02-03	best_day	A	+DAYVAL
2628	6884995801	app	34. Habit Tracker - Evoday - Daily Streaks Calendar & Goals	5	2021-01-18	best_day	A	+PREV
2629	5d3f4c6c-3d54-4297-b669-8062e0c5dab9	play	38. Roubit -Daily Life Routine Care	4	2022-01-23	best_day	A	-WRONG,?WEEKDAY
2630	bb8d57ac-0272-42f2-a68c-c4bbbe65c0a3	play	4. Me+ Lifestyle Routine	5	2024-01-07	best_day	A	NA
2631	5fe010be-c30d-4e9a-b01b-d110faeb493a	play	4. Me+ Lifestyle Routine	5	2024-01-05	best_day	A	NA
2632	b2077651-6cb8-462d-8e1a-ff9165a2d847	play	4. Me+ Lifestyle Routine	5	2025-09-05	best_day	A	NA
2633	428efe32-a829-419d-94e8-a0ef789c4e3b	play	4. Me+ Lifestyle Routine	4	2025-01-29	best_day	A	NA
2634	79744cc9-1311-4a68-9bcf-8ac4df7d1b9c	play	4. Me+ Lifestyle Routine	5	2025-01-28	best_day	A	NA
2635	22162413-4b4b-4aa8-8464-d3b28cacff05	play	4. Me+ Lifestyle Routine	4	2024-07-14	best_day	A	?DAYVAL,?PERIOD
2636	1672ea14-a292-4dc3-9caa-4a2ddfd506bc	play	4. Me+ Lifestyle Routine	5	2023-12-14	best_day	A	+PREV
2637	23e1f07b-1582-4a08-b424-cd3bc692781e	play	4. Me+ Lifestyle Routine	5	2026-06-25	best_day	A	NA
2638	a5e6bdf2-6762-407f-a889-5133be2fda9a	play	4. Me+ Lifestyle Routine	4	2026-01-10	best_day	A	NA
2639	8086f40d-a2fd-479d-a715-7e1d204dc207	play	4. Me+ Lifestyle Routine	4	2026-04-08	best_day	A	?TOTAL
2640	a123e132-6e60-458a-b87c-edccee743eeb	play	4. Me+ Lifestyle Routine	3	2025-07-23	best_day	A	?PREV
2641	10646836531	app	4. Me+ Lifestyle Routine - Daily Planner & Habit Tracker	5	2023-12-01	best_day	A	?SKIP
2642	11156905540	app	4. Me+ Lifestyle Routine - Daily Planner & Habit Tracker	4	2024-04-14	best_day	A	?TOTAL
2643	9792140606	app	4. Me+ Lifestyle Routine - Daily Planner & Habit Tracker	1	2023-04-06	best_day	B	NA
2644	13519312740	app	41. Awesome Habits - Habit Tracker - Streaks, days since & goals	3	2025-12-16	best_day	A	?PREV
2645	11555630539	app	41. Awesome Habits - Habit Tracker - Streaks, days since & goals	5	2024-07-31	best_day	A	NA
2646	10746136004	app	41. Awesome Habits - Habit Tracker - Streaks, days since & goals	5	2023-12-26	best_day	A	NA
2647	12766245644	app	41. Awesome Habits - Habit Tracker - Streaks, days since & goals	5	2025-06-12	best_day	A	NA
2648	11766790484	app	41. Awesome Habits - Habit Tracker - Streaks, days since & goals	5	2024-09-26	best_day	A	NA
2649	11393377160	app	41. Awesome Habits - Habit Tracker - Streaks, days since & goals	4	2024-06-18	best_day	A	NA
2650	7305149420	app	41. Awesome Habits - Habit Tracker - Streaks, days since & goals	5	2021-05-06	best_day	B	NA
2651	1548829692	app	43. Habit Hub - Routine Tracker - Daily Todo, Goals & Schedule	4	2017-02-20	best_day	A	+TOTAL
2652	14430889187	app	46. everyday - Habit Tracker - Daily Routine Checklist	5	2026-08-15	best_day	A	+PREV
2653	12573082987	app	46. everyday - Habit Tracker - Daily Routine Checklist	5	2025-04-22	best_day	A	NA
2654	9976175371	app	46. everyday - Habit Tracker - Daily Routine Checklist	5	2023-05-29	best_day	A	NA
2655	1045110994	app	48. Strides - Habit Tracker + Goals - Goal Planner & Daily Checklist	4	2014-08-12	best_day	A	NA
2656	2312142225	app	48. Strides - Habit Tracker + Goals - Goal Planner & Daily Checklist	5	2018-03-16	best_day	A	+DAYS
2657	5175500269	app	48. Strides - Habit Tracker + Goals - Goal Planner & Daily Checklist	4	2019-11-21	best_day	A	NA
2658	9693465813	app	48. Strides - Habit Tracker + Goals - Goal Planner & Daily Checklist	5	2023-03-09	best_day	A	+PREV,+TOTAL
2659	10807985254	app	48. Strides - Habit Tracker + Goals - Goal Planner & Daily Checklist	5	2024-01-11	best_day	A	NA
2660	2291108457	app	48. Strides - Habit Tracker + Goals - Goal Planner & Daily Checklist	5	2018-03-10	best_day	A	NA
2661	1479180254	app	48. Strides - Habit Tracker + Goals - Goal Planner & Daily Checklist	5	2016-11-05	best_day	A	NA
2662	53180359-03e3-4ce7-ad75-470977579d28	play	5. Routine Planner, Habit Tracker	5	2020-08-25	best_day	A	?TOTAL
2663	10544743857	app	5. Routine Planner, Habit Tracker - Daily Time Management for ADHD	4	2023-11-03	best_day	A	NA
2664	13094268733	app	5. Routine Planner, Habit Tracker - Daily Time Management for ADHD	3	2025-09-03	best_day	A	?PART
2665	10993489379	app	50. HelloHabit - Habit Tracker - Tasks, Routines, & Streaks	5	2024-02-29	best_day	B	+PERIOD
2666	6783361043	app	52. ShineDay - Habit Tracker - Micro Habits, ADHD & Focus	5	2020-12-23	best_day	A	?TIMES,?TOTAL
2667	9529878672	app	52. ShineDay - Habit Tracker - Micro Habits, ADHD & Focus	5	2023-01-21	best_day	A	NA
2668	7931638474	app	52. ShineDay - Habit Tracker - Micro Habits, ADHD & Focus	4	2021-10-19	best_day	A	?PERIOD,?TOTAL
2669	6898623676	app	52. ShineDay - Habit Tracker - Micro Habits, ADHD & Focus	5	2021-01-22	best_day	A	NA
2670	5914436477	app	52. ShineDay - Habit Tracker - Micro Habits, ADHD & Focus	1	2020-05-07	best_day	A	?PREV
2671	5813993595	app	52. ShineDay - Habit Tracker - Micro Habits, ADHD & Focus	5	2020-04-15	best_day	A	?PREV
2672	4869327189	app	52. ShineDay - Habit Tracker - Micro Habits, ADHD & Focus	5	2019-10-01	best_day	A	?TIMES
2673	2446310197	app	52. ShineDay - Habit Tracker - Micro Habits, ADHD & Focus	4	2018-04-20	best_day	A	?TOTAL
2674	2850437983	app	52. ShineDay - Habit Tracker - Micro Habits, ADHD & Focus	5	2018-07-06	best_day	B	?DAYVAL
2675	9882801497	app	53. HabitMinder • Habit Tracker - Daily Reminders & Routines	4	2023-05-01	best_day	A	?TIMES
2676	2436171571	app	53. HabitMinder • Habit Tracker - Daily Reminders & Routines	3	2018-04-18	best_day	A	?DAYVAL,?WEEKDAY
2677	3983836345	app	53. HabitMinder • Habit Tracker - Daily Reminders & Routines	5	2019-04-07	best_day	A	NA
2678	8831486417	app	53. HabitMinder • Habit Tracker - Daily Reminders & Routines	5	2022-07-02	best_day	A	NA
2679	2891276366	app	55. Habit-Bull - Daily Goal Planner - Best To Do List Streak Tracker	4	2018-07-12	best_day	A	NA
2680	3588685552	app	55. Habit-Bull - Daily Goal Planner - Best To Do List Streak Tracker	5	2018-12-29	best_day	A	+DAYS,+DAYVAL
2681	5523298620	app	55. Habit-Bull - Daily Goal Planner - Best To Do List Streak Tracker	3	2020-02-13	best_day	B	?PERIOD
2682	6315879317	app	59. Tappsk - ToDo & Habit Tracker - Task Manager & Daily schedule	3	2020-08-13	best_day	A	?TOTAL
2683	5344913461	app	59. Tappsk - ToDo & Habit Tracker - Task Manager & Daily schedule	5	2020-01-01	best_day	A	+PREV
2684	8331640811	app	59. Tappsk - ToDo & Habit Tracker - Task Manager & Daily schedule	5	2022-02-08	best_day	A	NA
2685	91585650-e4bb-4a08-aa57-edd65efc59ec	play	61. Hizo - Habit Tracker & Todo	5	2024-01-12	best_day	A	+TOTAL
2686	802a8de2-8685-4e59-962a-ddbfe5f81bb2	play	65. Goal & Habit Tracker Calendar	5	2023-04-14	best_day	A	+DAYS,+STREAK
2687	6f170a6f-53dd-41ab-8acd-fc385fecaf04	play	65. Goal & Habit Tracker Calendar	5	2018-06-28	best_day	A	NA
2688	64935715-b41e-4b40-9224-4da6bc908b87	play	65. Goal & Habit Tracker Calendar	5	2025-11-14	best_day	B	+DAYVAL
2689	6837344755	app	65. Rabit - Daily Routine Planner - Habit Tracker & ADHD Help	4	2021-01-06	best_day	A	?NOTES
2690	12590814225	app	65. Rabit - Daily Routine Planner - Habit Tracker & ADHD Help	5	2025-04-27	best_day	B	?NOTDUE
2691	11749828583	app	67. Habio - Daily Habit Tracker - Routine planner & To do list	5	2024-09-21	best_day	A	NA
2692	11558472833	app	67. Habio - Daily Habit Tracker - Routine planner & To do list	5	2024-08-01	best_day	A	NA
2693	11506033042	app	67. Habio - Daily Habit Tracker - Routine planner & To do list	5	2024-07-18	best_day	A	NA
2694	14390765794	app	68. Ultiself - Self-Improvement - Biohacker Routine Planner App	5	2026-08-05	best_day	A	NA
2695	14368419153	app	68. Ultiself - Self-Improvement - Biohacker Routine Planner App	5	2026-07-30	best_day	A	NA
2696	14130662070	app	68. Ultiself - Self-Improvement - Biohacker Routine Planner App	5	2026-06-01	best_day	A	NA
2697	6970047409	app	70. Habit - Daily routine tracker - Goal planner & Streaks	5	2021-02-08	best_day	A	NA
2698	ed968575-15a9-4e9c-86a1-e4649c160a8b	play	70. everyday Habit Tracker	3	2022-12-01	best_day	A	?PREV,?TOTAL
2699	594600a6-8e25-4b2b-b3e4-1dd6b33812aa	play	70. everyday Habit Tracker	5	2024-05-12	best_day	B	+PERIOD
2700	2099325187	app	76. Way of Life - Habit Tracker - Build a better, stronger you	5	2018-01-17	best_day	A	+PREV
2701	922315323	app	76. Way of Life - Habit Tracker - Build a better, stronger you	5	2014-01-08	best_day	A	NA
2702	774601719	app	76. Way of Life - Habit Tracker - Build a better, stronger you	4	2013-03-23	best_day	A	NA
2703	4540189572	app	76. Way of Life - Habit Tracker - Build a better, stronger you	5	2019-07-30	best_day	A	+PREV
2704	1023228719	app	76. Way of Life - Habit Tracker - Build a better, stronger you	4	2014-07-06	best_day	A	?DAYVAL,?WEEKDAY
2705	737546192	app	76. Way of Life - Habit Tracker - Build a better, stronger you	4	2013-01-27	best_day	A	NA
2706	13986428708	app	76. Way of Life - Habit Tracker - Build a better, stronger you	5	2026-04-22	best_day	A	+PREV
2707	3329186160	app	76. Way of Life - Habit Tracker - Build a better, stronger you	5	2018-10-22	best_day	A	+DAYS
2708	1451192949	app	76. Way of Life - Habit Tracker - Build a better, stronger you	5	2016-09-17	best_day	A	+PERIOD,+PREV
2709	1397679258	app	76. Way of Life - Habit Tracker - Build a better, stronger you	5	2016-06-20	best_day	A	+PERIOD,+PREV,+STREAK
2710	1349807160	app	76. Way of Life - Habit Tracker - Build a better, stronger you	5	2016-03-18	best_day	A	NA
2711	1162325656	app	76. Way of Life - Habit Tracker - Build a better, stronger you	5	2015-03-03	best_day	A	NA
2712	1030711825	app	76. Way of Life - Habit Tracker - Build a better, stronger you	5	2014-07-18	best_day	A	NA
2713	1003993809	app	76. Way of Life - Habit Tracker - Build a better, stronger you	5	2014-06-04	best_day	A	NA
2714	603317512	app	76. Way of Life - Habit Tracker - Build a better, stronger you	4	2012-06-16	best_day	A	+DAYVAL
2715	78292871-da35-4238-8e73-3f337fd472a6	play	8. Habitica - Gamify Your Tasks	5	2025-01-12	best_day	A	?PREV
2716	3b4abf2b-db9b-46da-baef-aa9d44c9b5c5	play	8. Habitica - Gamify Your Tasks	5	2026-02-14	best_day	A	?PREV
2717	8cce8746-15d1-43b0-a1db-89a50182fd94	play	8. Habitica - Gamify Your Tasks	5	2025-01-09	best_day	A	?DAYVAL,?TOTAL
2718	6336018a-e0a3-40ff-8430-60cafeae1846	play	8. Habitica - Gamify Your Tasks	5	2024-09-20	best_day	A	?DAYS
2719	b62c263e-cf0b-417e-82c9-b146211b9a43	play	8. Habitica - Gamify Your Tasks	5	2024-02-28	best_day	A	?DAYS,?TOTAL
2720	1fb38d4c-67f3-48e2-8caa-7ee3174a2747	play	8. Habitica - Gamify Your Tasks	4	2022-01-03	best_day	A	?DAYVAL,?WEEKDAY
2721	82fbace4-9d70-47a7-b5d0-3b486d037f1c	play	8. Habitica - Gamify Your Tasks	5	2020-07-20	best_day	A	?DAYS
2722	cd40e30a-ab42-40f4-85f7-a1c4de65ccad	play	8. Habitica - Gamify Your Tasks	5	2019-11-21	best_day	A	+DAYVAL
2723	a7f564ab-5233-4480-884e-7c5957cd2230	play	8. Habitica - Gamify Your Tasks	4	2018-02-27	best_day	A	?PREV
2724	fec7f085-e70f-4d2c-bba2-34f9ce595a0c	play	8. Habitica - Gamify Your Tasks	5	2018-02-24	best_day	A	?DAYVAL
2725	4e83ca1b-9f66-4cb8-9457-a5f5a650c42d	play	8. Habitica - Gamify Your Tasks	4	2018-02-16	best_day	A	?DAYS,?TOTAL
2726	90c34408-583c-4e3b-bd9e-c8c91a3fdfcc	play	8. Habitica - Gamify Your Tasks	3	2016-12-29	best_day	A	?TIMES,?WEEKDAY
2727	522d859b-d3fa-4d5f-bee4-a9c3b4f4ec16	play	8. Habitica - Gamify Your Tasks	3	2026-05-09	best_day	A	?DAYVAL,?PERIOD,?PREV
2728	4e4f1504-6fbe-4f3f-aa3f-30ce7543a996	play	8. Habitica - Gamify Your Tasks	4	2019-11-04	best_day	A	?WEEKDAY
2729	150d4c7a-4115-4819-8814-090467f4aded	play	8. Habitica - Gamify Your Tasks	4	2024-12-16	best_day	A	?PERIOD,?PREV
2730	4453b7e7-b313-4b5f-9299-6500e46e91f1	play	8. Habitica - Gamify Your Tasks	4	2025-01-30	best_day	B	?DAYS,?DAYVAL
2731	49953bc3-7d5d-4bb0-a5b3-cd44ca4ded76	play	8. Habitica - Gamify Your Tasks	2	2024-11-12	best_day	B	?PERIOD
2732	4cd78d0a-a92d-40e1-a353-eedb27aa51b5	play	8. Habitica - Gamify Your Tasks	3	2020-07-18	best_day	B	-WRONG
2733	12461700810	app	8. Onrise - Habit Tracker & Focus - Build habits, focus & journal	4	2025-03-25	best_day	A	?DAYS,?PERIOD
2734	12961057018	app	8. Onrise - Habit Tracker & Focus - Build habits, focus & journal	4	2025-08-01	best_day	B	?NOTDUE
2735	12713833538	app	83. Roubit  - Fun Routine Planner - Bunny Diary & Tasks	5	2025-05-30	best_day	A	NA
2736	6408483189	app	85. Habitica - Gamified Taskmanager - Stay motivated and organized	4	2020-09-08	best_day	B	?PERIOD
2737	6640728077	app	86. Today Habit tracker - For to-dos, routines & goals	5	2020-11-13	best_day	A	?WEEKDAY
2738	5845545429	app	86. Today Habit tracker - For to-dos, routines & goals	4	2020-04-21	best_day	A	NA
2739	1837805290	app	86. Today Habit tracker - For to-dos, routines & goals	4	2017-10-09	best_day	A	?TIMES
2740	2867064627	app	86. Today Habit tracker - For to-dos, routines & goals	3	2018-07-09	best_day	B	+DAYVAL,?DAYS
2741	1346179560	app	86. Today Habit tracker - For to-dos, routines & goals	1	2016-03-11	best_day	B	-WRONG
2742	14218270943	app	89. Check Calendar - Habit Tracker - Check your habit calendar!	4	2026-06-23	best_day	B	NA
2743	11129150989	app	89. Check Calendar - Habit Tracker - Check your habit calendar!	4	2024-04-06	best_day	B	NA
2744	8eb68329-97bc-448c-a81a-c1f8333d2177	play	9. Habit Tracker - HabitKit	4	2024-01-12	best_day	A	+DAYVAL
2745	90f7cb10-c6cc-4292-9e68-a2c1c1780cda	play	9. Habit Tracker - HabitKit	4	2024-01-27	best_day	A	+DAYVAL,+WEEKDAY
2746	0e8186ec-270b-40f2-b2ac-923b7493fd5d	play	92. Qhabit - Daily habit tracker	5	2022-03-13	best_day	A	+TOTAL
2747	eba19d24-bda2-439c-894d-edb798cb98aa	play	106. Habit Tracker n Pets - HabitYou	5	2023-09-04	notes_week	B	NA
2748	83c2c7b9-d447-428e-8c42-a4c4008d57e9	play	110. Habit Tracker Unlimited	5	2023-07-06	notes_week	B	NA
2749	6045706637	app	24. Fabulous - Daily Habit Tracker - Morning Routines & ADHD Help	1	2020-06-07	notes_week	B	NA
2750	6043087055	app	24. Fabulous - Daily Habit Tracker - Morning Routines & ADHD Help	1	2020-06-06	notes_week	B	NA
2751	8d014f20-0fd7-4979-ae73-6346a3f3b408	play	24. Habit Tracker	4	2022-03-18	notes_week	A	+PERIOD,+STREAK
2752	13308257943	app	3. Days Since - Quit Habit Tracker - Sober Streak Day Counter	5	2025-10-24	notes_week	B	NA
2753	ade30b0b-ddf3-4ff1-9f80-a0a329e39483	play	31. HelloHabit - Habit Tracker	1	2024-04-02	notes_week	B	NA
2754	7799773693	app	43. Habit Hub - Routine Tracker - Daily Todo, Goals & Schedule	5	2021-09-12	notes_week	B	?NOTES
2755	7087914815	app	59. Tappsk - ToDo & Habit Tracker - Task Manager & Daily schedule	4	2021-03-10	notes_week	B	NA
2756	1341572559	app	76. Way of Life - Habit Tracker - Build a better, stronger you	5	2016-03-02	notes_week	B	NA
2757	618488014	app	76. Way of Life - Habit Tracker - Build a better, stronger you	4	2012-07-09	notes_week	B	?NOTES
2758	9fea813b-ded7-430c-b6bf-fc1154edab80	play	1. Habit Builder	5	2024-01-04	confusing	A	?SKIP,?TOTAL
2759	15f414e6-bf5b-4091-a793-8e456a855879	play	1. Habit Builder	3	2023-05-11	confusing	A	-WRONG
2760	11704246044	app	1. Habit Tracker - Goal Tracker & ADHD Planner	4	2024-09-09	confusing	A	?SKIP
2761	7783600710	app	1. Habit Tracker - Goal Tracker & ADHD Planner	2	2021-09-08	confusing	A	-CLUTTER
2762	11680390165	app	1. Habit Tracker - Goal Tracker & ADHD Planner	5	2024-09-02	confusing	A	-WRONG
2763	6520557790	app	1. Habit Tracker - Goal Tracker & ADHD Planner	4	2020-10-10	confusing	A	-CLUTTER
2764	12249588346	app	1. Habit Tracker - Goal Tracker & ADHD Planner	4	2025-01-30	confusing	A	-CLUTTER,-WRONG
2765	6746216367	app	1. Habit Tracker - Goal Tracker & ADHD Planner	2	2020-12-12	confusing	A	-CLUTTER
2766	9109477336	app	10. Finch - Self-Care Pet - Daily Journal & Habit Tracker	4	2022-09-22	confusing	A	-CLUTTER
2767	6d6cf9db-3dfd-40dc-8fe5-a96d6c051c81	play	10. Habit Tracker - Habit Diary	4	2024-11-17	confusing	A	-WRONG
2768	78c9d0a6-656c-42fd-9850-c242b51abbdb	play	10. Habit Tracker - Habit Diary	2	2025-07-09	confusing	A	-CLUTTER
2769	3ac57950-6872-4b92-86b1-fa3bb6aeee8c	play	10. Habit Tracker - Habit Diary	5	2024-02-01	confusing	A	-CLUTTER
2770	826464fc-c2cd-4b09-bd7e-24c4860a5c36	play	105. Avocation Goal & Habit Tracker	3	2021-06-02	confusing	A	-CLUTTER
2771	cdf7450c-a0c1-4cb9-b454-a109fcd9fe3c	play	105. Avocation Goal & Habit Tracker	3	2021-05-22	confusing	A	NA
2772	eee0b290-5d03-4955-ba36-9d51d2f2dcb8	play	105. Avocation Goal & Habit Tracker	5	2022-01-05	confusing	A	-CLUTTER
2773	81f5ecd5-9570-47c3-943e-3652997de5d0	play	110. Habit Tracker Unlimited	3	2024-09-01	confusing	A	NA
2774	8599cbb6-8e17-41f3-b3c6-6ba115102136	play	12. Fabulous Daily Routine Planner	3	2016-08-14	confusing	A	-WRONG
2775	e509a27a-d471-4622-8e51-a09ac84bd456	play	12. Fabulous Daily Routine Planner	2	2025-08-08	confusing	A	NA
2776	16a0a5a2-3bc9-44e4-86e8-07773f3a602b	play	12. Fabulous Daily Routine Planner	4	2025-04-24	confusing	A	-CLUTTER
2777	64e19d56-d52b-4b7f-a7f3-685e7bc9c093	play	12. Fabulous Daily Routine Planner	4	2021-02-11	confusing	A	NA
2778	12276664447	app	12. That Girl - Routine Planner - Cute Daily Calendar Schedule	3	2025-02-06	confusing	A	NA
2779	aa4adf58-ae56-45c9-b46d-0b373235ee27	play	124. Habit Streak Tracker - DotHabit	2	2022-09-05	confusing	A	-CLUTTER
2780	5521552808	app	13. Productive - Habit Tracker - Daily Routine & Goals Planner	1	2020-02-12	confusing	A	-CLUTTER
2781	6302666649	app	13. Productive - Habit Tracker - Daily Routine & Goals Planner	3	2020-08-10	confusing	A	NA
2782	3071704297	app	13. Productive - Habit Tracker - Daily Routine & Goals Planner	4	2018-08-16	confusing	A	-CLUTTER,?DAYVAL
2783	1795926456	app	13. Productive - Habit Tracker - Daily Routine & Goals Planner	4	2017-09-18	confusing	A	-CLUTTER
2784	10126604467	app	13. Productive - Habit Tracker - Daily Routine & Goals Planner	3	2023-07-11	confusing	A	-WRONG
2785	d1a16056-b6ad-43cb-9dc5-532a49844fff	play	130. Way of Life - habit tracker	3	2018-08-14	confusing	A	NA
2786	85c5ec0e-7b90-4b80-a945-ef7bbaed4731	play	130. Way of Life - habit tracker	4	2022-05-05	confusing	A	-CLUTTER
2787	9229aff1-be7d-4326-95e8-0d6e1fdca106	play	14. Habit Pixel - Streak Tracker	4	2026-09-05	confusing	A	NA
2788	11265068257	app	16. Atoms - from Atomic Habits - The official Atomic Habits app	3	2024-05-14	confusing	A	NA
2789	13180513948	app	18. MyRoutine - Organize your day - Built around your real life	1	2025-09-24	confusing	A	NA
2790	b01b7efe-81ed-4daf-a0dd-62957dee1bd9	play	19. TheFor - Habit Tracker	5	2026-01-02	confusing	A	-WRONG
2791	b819a011-f698-44c2-830c-251a24888ec0	play	19. TheFor - Habit Tracker	1	2024-05-08	confusing	A	-CLUTTER,?DAYVAL
2792	5caa457c-d4d2-43ff-a512-1fc4cd2b21c3	play	19. TheFor - Habit Tracker	5	2024-01-28	confusing	A	-WRONG
2793	b5c01e02-5ab5-4d36-94bd-c61081988d6e	play	19. TheFor - Habit Tracker	2	2025-03-26	confusing	A	-WRONG,?SKIP
2794	6aa013db-2786-445a-9ec2-354f0f77ff11	play	19. TheFor - Habit Tracker	5	2024-07-01	confusing	A	-CLUTTER
2795	2834a251-dd15-49fe-ba6e-0587a4dffba8	play	2. HabitNow Daily Routine Planner	4	2021-05-24	confusing	A	-CLUTTER
2796	c30a2ddd-dde7-4889-97d8-264b412b76ef	play	2. HabitNow Daily Routine Planner	5	2026-01-05	confusing	A	NA
2797	7f2b0271-1c4b-4613-a649-6510a0975238	play	2. HabitNow Daily Routine Planner	4	2022-12-04	confusing	A	-CLUTTER,?DAYVAL
2798	6eb6d3b9-a9ab-45e4-b6d4-0338f087095d	play	2. HabitNow Daily Routine Planner	3	2022-04-19	confusing	A	NA
2799	c0e2f9c5-e4c7-4067-b283-42c606e15b2f	play	2. HabitNow Daily Routine Planner	1	2022-01-23	confusing	A	-CLUTTER
2800	66201f44-adb2-474d-a1f9-56d1e84e35ec	play	2. HabitNow Daily Routine Planner	4	2021-11-16	confusing	A	-CLUTTER
2801	7a216abf-4537-407c-a6a5-f58939537ca1	play	2. HabitNow Daily Routine Planner	5	2021-10-03	confusing	A	?PERIOD
2802	ffbd5bda-4f9c-4b23-b9e5-ba35194339a8	play	2. HabitNow Daily Routine Planner	4	2020-04-17	confusing	A	-CLUTTER,?DAYVAL
2803	80a9450b-4b60-41b8-ba28-5c4ca3618e69	play	2. HabitNow Daily Routine Planner	3	2019-12-01	confusing	A	?DAYVAL,?STREAK
2804	61148b28-90eb-4edc-9b29-11f977f50847	play	2. HabitNow Daily Routine Planner	4	2024-10-15	confusing	A	NA
2805	34530d53-8ff7-47bb-b907-d99abb2ef488	play	2. HabitNow Daily Routine Planner	3	2022-08-27	confusing	A	-CLUTTER
2806	3b09c62c-8419-4aca-afd3-e25a570716dc	play	2. HabitNow Daily Routine Planner	4	2021-08-21	confusing	A	-CLUTTER
2807	503f5929-8045-4da4-9d09-7e2b9d8c2d19	play	2. HabitNow Daily Routine Planner	5	2025-02-23	confusing	A	-CLUTTER
2808	1e6485a8-68de-4938-9d71-358a5e8bffc6	play	2. HabitNow Daily Routine Planner	3	2021-10-21	confusing	A	-CLUTTER
2809	21e1890c-8480-4ab6-a758-a77bb5e011e7	play	2. HabitNow Daily Routine Planner	5	2026-08-13	confusing	A	-WRONG,?PERIOD
2810	f7871d6c-b6e7-461d-8454-06294c95ea76	play	2. HabitNow Daily Routine Planner	4	2023-11-20	confusing	A	-CLUTTER
2811	5590739132	app	20. Habit — Daily Tracker - Crush your goals like a boss	3	2020-02-28	confusing	A	NA
2812	8059648733	app	20. Habit — Daily Tracker - Crush your goals like a boss	4	2021-11-24	confusing	A	-WRONG,?STREAK
2813	7451472900	app	20. Habit — Daily Tracker - Crush your goals like a boss	3	2021-06-11	confusing	A	-WRONG
2814	5566791465	app	20. Habit — Daily Tracker - Crush your goals like a boss	2	2020-02-22	confusing	A	-WRONG
2815	7569459100	app	20. Habit — Daily Tracker - Crush your goals like a boss	5	2021-07-12	confusing	A	-WRONG
2816	9547676598	app	20. Habit — Daily Tracker - Crush your goals like a boss	1	2023-01-26	confusing	A	-WRONG
2817	5548125389	app	20. Habit — Daily Tracker - Crush your goals like a boss	4	2020-02-18	confusing	A	-WRONG,?STREAK
2818	6744620030	app	20. Habit — Daily Tracker - Crush your goals like a boss	3	2020-12-12	confusing	A	-WRONG
2819	8794319481	app	20. Habit — Daily Tracker - Crush your goals like a boss	4	2022-06-21	confusing	A	-WRONG,?STREAK
2820	9384196821	app	20. Habit — Daily Tracker - Crush your goals like a boss	1	2022-12-11	confusing	A	-WRONG
2821	6157103566	app	20. Habit — Daily Tracker - Crush your goals like a boss	4	2020-07-04	confusing	A	-WRONG,?PERIOD
2822	5206850734	app	20. Habit — Daily Tracker - Crush your goals like a boss	2	2019-11-28	confusing	A	-WRONG
2823	3601966916	app	20. Habit — Daily Tracker - Crush your goals like a boss	1	2019-01-02	confusing	A	-WRONG
2824	cc81b28a-0bc4-48a2-84f3-8c32f0deb120	play	20. MyRoutine - Routine Habit Goal	5	2024-06-07	confusing	A	-CLUTTER
2825	b1237e83-df59-4125-a90e-a00aa432f389	play	22. Disciplined - Habit Tracker	4	2024-02-20	confusing	A	-CLUTTER
2826	4671373591	app	23. Streaks - The habit-forming to-do list	3	2019-08-25	confusing	A	-WRONG
2827	10919386441	app	23. Streaks - The habit-forming to-do list	1	2024-02-09	confusing	A	-CLUTTER,?DAYVAL
2828	3153441359	app	23. Streaks - The habit-forming to-do list	2	2018-09-04	confusing	A	-CLUTTER
2829	10022946276	app	23. Streaks - The habit-forming to-do list	2	2023-06-11	confusing	A	-CLUTTER
2830	11258661605	app	23. Streaks - The habit-forming to-do list	4	2024-05-12	confusing	A	-CLUTTER
2831	5801943087	app	23. Streaks - The habit-forming to-do list	1	2020-04-12	confusing	A	-CLUTTER
2832	3366271904	app	23. Streaks - The habit-forming to-do list	1	2018-10-31	confusing	A	-WRONG
2833	3170699486	app	23. Streaks - The habit-forming to-do list	3	2018-09-09	confusing	A	-CLUTTER
2834	4435616598	app	23. Streaks - The habit-forming to-do list	4	2019-07-09	confusing	A	-WRONG
2835	3180183949	app	23. Streaks - The habit-forming to-do list	5	2018-09-12	confusing	A	-CLUTTER
2836	1946127158	app	23. Streaks - The habit-forming to-do list	1	2017-11-24	confusing	A	-CLUTTER
2837	861975f2-8dca-441e-a042-86ebe315ed40	play	24. Habit Tracker	4	2024-06-18	confusing	A	-CLUTTER
2838	6ad5d1f7-2278-4299-b010-aa527f8432fc	play	24. Habit Tracker	4	2021-03-12	confusing	A	-CLUTTER,?DAYS,?SKIP,?STREAK
2839	f40722ca-87a5-4330-975b-95404686f004	play	24. Habit Tracker	5	2019-12-28	confusing	A	-CLUTTER
2840	396cd8aa-2c4e-485f-b29e-ca280eff6cd1	play	24. Habit Tracker	4	2018-09-20	confusing	A	-WRONG
2841	ab8879a8-0392-447e-a114-7a150120ed8d	play	24. Habit Tracker	3	2018-06-12	confusing	A	-CLUTTER
2842	a65e9190-b822-4d76-9d3c-6ebe841d845c	play	24. Habit Tracker	4	2019-09-01	confusing	A	-WRONG
2843	9097541642	app	26. Eden - Daily Routine Planner - Self care habit tracker, to do	5	2022-09-18	confusing	A	-WRONG
2844	10188893777	app	3. Days Since - Quit Habit Tracker - Sober Streak Day Counter	5	2023-07-27	confusing	A	-CLUTTER
2845	007a9215-fc7b-493b-8e75-e6f252f27c15	play	3. Loop Habit Tracker	4	2020-06-18	confusing	A	?SKIP
2846	7a291ab3-c451-40ad-a686-de0370dece54	play	3. Loop Habit Tracker	4	2023-07-15	confusing	A	-CLUTTER
2847	bdfcc995-5ec0-4d0e-84b5-5aacb712384d	play	3. Loop Habit Tracker	4	2026-07-26	confusing	A	-CLUTTER
2848	f83d4c17-aa30-495b-a6aa-e6daf29dafae	play	3. Loop Habit Tracker	2	2026-02-08	confusing	A	-WRONG
2849	c94ac6df-0aad-4798-bfd6-f8a574a14c93	play	3. Loop Habit Tracker	4	2025-08-14	confusing	A	-WRONG,?DAYVAL
2850	3925b0f8-9565-4cc7-90c1-3513da857ea8	play	3. Loop Habit Tracker	2	2025-04-29	confusing	A	-WRONG
2851	3ed2f1cb-bb5a-4714-958a-35b5dc7c55e8	play	3. Loop Habit Tracker	5	2025-03-30	confusing	A	-CLUTTER
2852	a477d6d2-54c1-4d51-b5de-92885a5cb7d3	play	3. Loop Habit Tracker	4	2025-01-11	confusing	A	-WRONG
2853	0b11e48d-c946-45b2-be1b-c5aae350156a	play	3. Loop Habit Tracker	1	2025-01-09	confusing	A	-WRONG,?PART
2854	782e80f7-0324-4b60-a336-ffbb95b668b8	play	3. Loop Habit Tracker	3	2024-07-31	confusing	A	-WRONG
2855	8e62385a-3cd8-4a9c-bab1-b3d5066f141a	play	3. Loop Habit Tracker	4	2024-03-24	confusing	A	-WRONG
2856	88d9bb66-85a7-4c2a-9a87-b6695cb2400a	play	3. Loop Habit Tracker	5	2023-08-15	confusing	A	-CLUTTER
2857	745f7fe1-7480-4194-8f21-603971a9c003	play	3. Loop Habit Tracker	4	2023-01-22	confusing	A	-CLUTTER
2858	5906fc2c-2a5a-4df5-a627-a4d750c78f5d	play	3. Loop Habit Tracker	4	2022-10-25	confusing	A	-WRONG,?STREAK
2859	2a179ddd-fb18-4e96-915a-97dda02279a5	play	3. Loop Habit Tracker	1	2021-09-18	confusing	A	-WRONG
2860	a9d7a1f1-b623-4437-9429-2b78d4c74559	play	3. Loop Habit Tracker	5	2021-03-05	confusing	A	-WRONG
2861	5aaabc5f-54b7-492a-91a4-f04161a41031	play	3. Loop Habit Tracker	3	2021-02-02	confusing	A	-WRONG
2862	7560a485-5fd4-4d02-9b05-5bda9c5257e5	play	3. Loop Habit Tracker	5	2021-01-31	confusing	A	NA
2863	f31089f8-5872-4df8-8530-1475262841d2	play	3. Loop Habit Tracker	4	2020-10-24	confusing	A	NA
2864	e86f149b-bbdc-4711-ab02-257d495ce5d8	play	3. Loop Habit Tracker	5	2020-10-19	confusing	A	NA
2865	d3beda57-6670-4ec6-a420-f14edfdb7d16	play	3. Loop Habit Tracker	5	2020-05-19	confusing	A	NA
2866	e3ea07c8-8e5f-40e0-be25-7d44b760af65	play	3. Loop Habit Tracker	5	2020-05-19	confusing	A	-CLUTTER
2867	419d5b39-f227-4027-9b4f-091a43f4037d	play	3. Loop Habit Tracker	4	2020-05-18	confusing	A	NA
2868	56efc0d1-8896-40bf-aa83-4a65d11fed41	play	3. Loop Habit Tracker	5	2020-02-03	confusing	A	-WRONG
2869	aacc9b2a-f552-4351-9bf3-d9b64360a5b9	play	3. Loop Habit Tracker	3	2020-01-19	confusing	A	-CLUTTER,?PERIOD
2870	1027ea5c-a152-438a-a62b-dc735733981c	play	3. Loop Habit Tracker	2	2019-11-25	confusing	A	-CLUTTER
2871	8c636f0c-498b-4f42-bccb-68bedf836927	play	3. Loop Habit Tracker	4	2019-11-10	confusing	A	-WRONG,?STREAK
2872	c0987e24-4a76-4d94-95ef-9717041db236	play	3. Loop Habit Tracker	5	2019-05-25	confusing	A	-WRONG
2873	1fe21e13-b9bf-4f7a-bd40-4052b51cd0a0	play	3. Loop Habit Tracker	5	2019-03-24	confusing	A	-WRONG
2874	0ad9dd82-6c1a-4780-a049-7fbb4dd7efb3	play	3. Loop Habit Tracker	5	2019-03-17	confusing	A	NA
2875	1592f94f-9fb9-4772-8835-5aa34e94e307	play	3. Loop Habit Tracker	4	2019-02-20	confusing	A	?SKIP
2876	5a4f82d0-fece-4827-a42e-9f0bd746f21e	play	3. Loop Habit Tracker	4	2018-10-15	confusing	A	-WRONG
2877	8bed459c-0636-4a4e-ba12-460d1974b276	play	3. Loop Habit Tracker	4	2018-08-05	confusing	A	NA
2878	b9bfd6f5-013b-444f-8a91-29988812df9b	play	3. Loop Habit Tracker	4	2018-06-03	confusing	A	NA
2879	9c883653-c8d9-45bd-9cd0-446713584ca7	play	3. Loop Habit Tracker	4	2017-11-27	confusing	A	-WRONG
2880	478f1166-6893-417e-ad4f-7f27ae3cd7f4	play	3. Loop Habit Tracker	4	2017-08-05	confusing	A	?SKIP
2881	d3548ed2-fcbc-4895-a255-3fb3aa203bd9	play	3. Loop Habit Tracker	3	2017-05-13	confusing	A	-CLUTTER,?DAYVAL
2882	657013b1-8002-44e5-a044-9461a5ed623b	play	3. Loop Habit Tracker	5	2016-10-21	confusing	A	NA
2883	fb672daa-2d1d-4d0b-9d17-6e2b9ea4f189	play	3. Loop Habit Tracker	5	2016-06-23	confusing	A	-CLUTTER
2884	1639dc93-e11b-4ba0-bf7d-05f7a4219b58	play	3. Loop Habit Tracker	1	2026-02-03	confusing	A	-CLUTTER
2885	c9689a0f-0e90-482e-8c3a-5ef5b5aba67d	play	3. Loop Habit Tracker	4	2023-03-13	confusing	A	-CLUTTER
2886	6a60a335-0233-479c-879c-dac5da1edd01	play	3. Loop Habit Tracker	5	2022-12-08	confusing	A	NA
2887	568cba95-5bf1-459c-ba1b-1ad95cb5f0d1	play	3. Loop Habit Tracker	4	2018-06-24	confusing	A	-WRONG
2888	e5a31bc4-238b-4976-a1aa-49b704ecf2ac	play	3. Loop Habit Tracker	4	2017-01-10	confusing	A	?PERIOD
2889	71d71062-1e8a-45bc-b29c-47eb4d9ec55e	play	3. Loop Habit Tracker	4	2016-08-10	confusing	A	NA
2890	91e9837f-ad81-4271-a813-3efd5a8cb1b3	play	3. Loop Habit Tracker	4	2026-06-06	confusing	A	-WRONG
2891	ae61ea77-9e0d-4877-81ee-f194ba0125dc	play	3. Loop Habit Tracker	4	2026-03-29	confusing	A	NA
2892	de382a84-ba71-4970-8e45-ad4d11997480	play	3. Loop Habit Tracker	4	2020-10-04	confusing	A	-CLUTTER
2893	8f345fea-3e98-4b8a-b423-c4fc812d74f6	play	3. Loop Habit Tracker	5	2020-10-26	confusing	A	-WRONG
2894	2dd4fd92-1b86-4298-9826-0e61adc16336	play	3. Loop Habit Tracker	5	2019-09-15	confusing	A	-CLUTTER
2895	bc33679c-a1c8-4cb9-af1e-13b43de9bb98	play	3. Loop Habit Tracker	5	2019-08-18	confusing	A	-CLUTTER
2896	492ad773-ae07-4808-8700-9b59804e8ca5	play	3. Loop Habit Tracker	2	2019-03-17	confusing	A	-CLUTTER,?PERIOD
2897	f0c72a98-9e51-4f0e-932e-ef9e4eaf06a2	play	3. Loop Habit Tracker	2	2018-07-17	confusing	A	-CLUTTER
2898	b9874fc4-ff49-4930-836f-978bde9a3e98	play	3. Loop Habit Tracker	5	2025-05-25	confusing	A	-CLUTTER
2899	7ea8bc13-735d-4ac1-9d59-73c84bc006d0	play	3. Loop Habit Tracker	4	2024-11-14	confusing	A	-WRONG,?PERIOD
2900	20f4e0dd-87a5-4f12-8164-6733c84d29a1	play	3. Loop Habit Tracker	4	2021-01-13	confusing	A	-CLUTTER
2901	d7cd9e88-59e5-40f6-b471-7cf1479bf369	play	3. Loop Habit Tracker	3	2017-09-09	confusing	A	+DAYVAL,+PERIOD
2902	981aba25-e271-4976-b57a-76a911583966	play	3. Loop Habit Tracker	4	2024-03-28	confusing	A	-WRONG
2903	3ef4af91-987f-4760-8860-50564f99e9bc	play	3. Loop Habit Tracker	5	2023-11-27	confusing	A	-WRONG
2904	e89f29cd-954c-432f-8a2c-413a6765a136	play	3. Loop Habit Tracker	5	2023-07-10	confusing	A	-WRONG
2905	e4b66333-0cd8-4984-b3c1-12c73f58861e	play	3. Loop Habit Tracker	2	2023-01-26	confusing	A	-WRONG
2906	215a06ae-61cc-44f0-807a-b53c4f592780	play	3. Loop Habit Tracker	5	2022-07-25	confusing	A	-WRONG
2907	524d5290-8c35-4045-b7b7-9446a1ca6b84	play	3. Loop Habit Tracker	5	2021-04-05	confusing	A	-CLUTTER
2908	1d637dfa-dbe4-46bd-8f8f-f4d19a53c497	play	3. Loop Habit Tracker	4	2021-02-12	confusing	A	-WRONG
2909	bf958498-5a0e-4f89-a728-d541d4e202da	play	3. Loop Habit Tracker	5	2020-11-04	confusing	A	-WRONG
2910	61c1bff3-83c0-4b41-a188-614d8875ad2b	play	3. Loop Habit Tracker	5	2020-10-10	confusing	A	NA
2911	9d7eb62b-2509-4738-b75c-4c6762509fff	play	3. Loop Habit Tracker	3	2019-01-14	confusing	A	-CLUTTER
2912	cec1fa2b-acfe-4ec0-b9e4-e38a91f81473	play	3. Loop Habit Tracker	4	2018-03-06	confusing	A	-CLUTTER
2913	9aba05ec-e11a-4cac-a522-6e2a52c20bcd	play	3. Loop Habit Tracker	4	2017-12-05	confusing	A	-WRONG
2914	4f049add-c03f-4d9d-9084-cda06ddec332	play	3. Loop Habit Tracker	1	2017-08-13	confusing	A	-WRONG
2915	9adc27a6-f6c4-40fd-8e43-87ce134b5521	play	3. Loop Habit Tracker	4	2017-06-14	confusing	A	-WRONG
2916	a4b78072-a71a-40d4-9c2c-a2191abc9f94	play	3. Loop Habit Tracker	4	2017-03-16	confusing	A	-WRONG
2917	f28daab1-9a1e-407c-9891-36352c207e08	play	3. Loop Habit Tracker	5	2017-01-27	confusing	A	-WRONG
2918	f79d81ed-0700-44b4-9c19-18ff5af6da66	play	3. Loop Habit Tracker	3	2023-09-17	confusing	A	-CLUTTER
2919	d3d2608d-816b-4e79-ac6e-4f243f128e56	play	3. Loop Habit Tracker	5	2026-03-10	confusing	A	+DAYVAL,+SKIP
2920	9514436672	app	31. Do Habits - Get It Done - Daily Routine & Goal Planner	3	2023-01-16	confusing	A	-WRONG
2921	8954571869	app	31. Do Habits - Get It Done - Daily Routine & Goal Planner	4	2022-08-07	confusing	A	-CLUTTER,?DAYVAL
2922	8623041873	app	31. Do Habits - Get It Done - Daily Routine & Goal Planner	3	2022-04-30	confusing	A	-CLUTTER,?DAYVAL
2923	4744139341	app	31. Do Habits - Get It Done - Daily Routine & Goal Planner	2	2019-09-07	confusing	A	-CLUTTER
2924	3901553792	app	31. Do Habits - Get It Done - Daily Routine & Goal Planner	3	2019-03-19	confusing	A	-CLUTTER
2925	11794191130	app	33. Habitify - Habit Tracker - Daily Goals, Routine & Streaks	1	2024-10-03	confusing	A	-CLUTTER
2926	3159218172	app	33. Habitify - Habit Tracker - Daily Goals, Routine & Streaks	4	2018-09-06	confusing	A	-WRONG,?WEEKDAY
2927	13648706073	app	33. Habitify - Habit Tracker - Daily Goals, Routine & Streaks	5	2026-01-18	confusing	A	-CLUTTER
2928	3210301710	app	33. Habitify - Habit Tracker - Daily Goals, Routine & Streaks	2	2018-09-20	confusing	A	-CLUTTER,-WRONG
2929	b02f789a-f73a-48f1-8b27-f650afd99fe0	play	35. Motivated - Habit Tracker	3	2025-08-17	confusing	A	-WRONG
2930	8182905997	app	36. (Not Boring) Habits - Science-backed habit tracker	2	2021-12-30	confusing	A	-CLUTTER
2931	c18ecb75-b427-4e57-b8bf-34411b96bf9e	play	36. Fun Habit - Habit Tracker	5	2021-04-04	confusing	A	?OVER,?PERIOD
2932	248c15c6-ba3b-463d-b794-e77df6d0abcb	play	37. Habitify - Habit Tracker	3	2022-10-07	confusing	A	-CLUTTER
2933	18361fac-9df4-4738-9b7e-03a9678972e7	play	37. Habitify - Habit Tracker	2	2022-03-24	confusing	A	-CLUTTER
2934	b88599bf-7bfb-43c5-b322-fb912988e653	play	37. Habitify - Habit Tracker	5	2019-04-14	confusing	A	-CLUTTER
2935	12744827601	app	4. Me+ Lifestyle Routine - Daily Planner & Habit Tracker	3	2025-06-07	confusing	A	-CLUTTER,?DAYVAL
2936	11728654612	app	4. Me+ Lifestyle Routine - Daily Planner & Habit Tracker	1	2024-09-16	confusing	A	-WRONG,?PART
2937	10988872586	app	46. everyday - Habit Tracker - Daily Routine Checklist	5	2024-02-28	confusing	A	-CLUTTER
2938	13783066497	app	46. everyday - Habit Tracker - Daily Routine Checklist	5	2026-02-24	confusing	A	-WRONG,?NOTDUE
2939	2351505798	app	48. Strides - Habit Tracker + Goals - Goal Planner & Daily Checklist	4	2018-03-27	confusing	A	?DAYVAL,?PERIOD
2940	2334917229	app	48. Strides - Habit Tracker + Goals - Goal Planner & Daily Checklist	2	2018-03-22	confusing	A	-CLUTTER
2941	916934388	app	48. Strides - Habit Tracker + Goals - Goal Planner & Daily Checklist	4	2013-12-30	confusing	A	-WRONG
2942	8543583990	app	5. Routine Planner, Habit Tracker - Daily Time Management for ADHD	5	2022-04-08	confusing	A	-CLUTTER
2943	13448837864	app	52. ShineDay - Habit Tracker - Micro Habits, ADHD & Focus	4	2025-11-28	confusing	A	NA
2944	7720511002	app	52. ShineDay - Habit Tracker - Micro Habits, ADHD & Focus	5	2021-08-22	confusing	A	-CLUTTER
2945	7608207148	app	52. ShineDay - Habit Tracker - Micro Habits, ADHD & Focus	1	2021-07-23	confusing	A	-CLUTTER,?TOTAL
2946	7515562396	app	52. ShineDay - Habit Tracker - Micro Habits, ADHD & Focus	4	2021-06-28	confusing	A	NA
2947	7115613222	app	52. ShineDay - Habit Tracker - Micro Habits, ADHD & Focus	4	2021-03-18	confusing	A	-CLUTTER
2948	5953540970	app	52. ShineDay - Habit Tracker - Micro Habits, ADHD & Focus	5	2020-05-16	confusing	A	?DAYVAL
2949	4552966799	app	52. ShineDay - Habit Tracker - Micro Habits, ADHD & Focus	5	2019-08-02	confusing	A	NA
2950	3121370555	app	52. ShineDay - Habit Tracker - Micro Habits, ADHD & Focus	5	2018-08-27	confusing	A	-CLUTTER
2951	2224447863	app	52. ShineDay - Habit Tracker - Micro Habits, ADHD & Focus	1	2018-02-19	confusing	A	-CLUTTER,?DAYVAL
2952	1310900240	app	55. Habit-Bull - Daily Goal Planner - Best To Do List Streak Tracker	1	2016-01-04	confusing	A	-CLUTTER
2953	11767001429	app	59. Tappsk - ToDo & Habit Tracker - Task Manager & Daily schedule	4	2024-09-26	confusing	A	-WRONG
2954	14453647912	app	62. Streaks – Daily Habit Tracker - Atomic Goals & Accountability	4	2026-08-21	confusing	A	?SKIP
2955	8d9fb4fb-ba10-438f-826a-f3b433c00d90	play	63. Habit Hunter - Gamified Routine	3	2021-09-24	confusing	A	-CLUTTER
2956	0055e6c8-6784-4032-aaaa-133f2f1e6f93	play	65. Goal & Habit Tracker Calendar	4	2019-11-26	confusing	A	?TOTAL
2957	2a4226fd-b8cf-4167-9177-1d18ff5a3320	play	65. Goal & Habit Tracker Calendar	4	2018-08-31	confusing	A	-WRONG,?PART
2958	01400ce6-9bf5-468e-9418-f3d72322b70c	play	65. Goal & Habit Tracker Calendar	3	2016-07-05	confusing	A	NA
2959	3f0f6886-2108-41a2-beda-8e0d49fefb89	play	69. EZ Habit - simple habit tracker	3	2023-05-11	confusing	A	-CLUTTER
2960	e05eb4e4-1021-4b65-a87f-d9f9fe57c7cc	play	69. EZ Habit - simple habit tracker	4	2022-09-07	confusing	A	-CLUTTER
2961	03162b4a-c69d-4ef8-b977-af796e834501	play	69. EZ Habit - simple habit tracker	5	2021-09-15	confusing	A	-CLUTTER
2962	6fe5c941-4d75-43f1-859b-78fd973110d5	play	70. everyday Habit Tracker	5	2021-06-16	confusing	A	-CLUTTER
2963	89a33583-f137-4ce0-a691-f3ed6dcae665	play	70. everyday Habit Tracker	4	2022-05-21	confusing	A	-CLUTTER,?DAYVAL
2964	1679842621	app	76. Way of Life - Habit Tracker - Build a better, stronger you	4	2017-07-12	confusing	A	-CLUTTER
2965	12776707948	app	76. Way of Life - Habit Tracker - Build a better, stronger you	5	2025-06-15	confusing	A	NA
2966	1341785044	app	76. Way of Life - Habit Tracker - Build a better, stronger you	2	2016-03-03	confusing	A	-CLUTTER
2967	990957964	app	76. Way of Life - Habit Tracker - Build a better, stronger you	4	2014-05-11	confusing	A	-CLUTTER
2968	12713733127	app	76. Way of Life - Habit Tracker - Build a better, stronger you	5	2025-05-30	confusing	A	-CLUTTER
2969	1537981638	app	76. Way of Life - Habit Tracker - Build a better, stronger you	4	2017-02-05	confusing	A	-CLUTTER
2970	1476941831	app	76. Way of Life - Habit Tracker - Build a better, stronger you	3	2016-11-01	confusing	A	-CLUTTER,?DAYVAL,?STREAK
2971	1390561237	app	76. Way of Life - Habit Tracker - Build a better, stronger you	4	2016-06-07	confusing	A	-CLUTTER
2972	1554882245	app	76. Way of Life - Habit Tracker - Build a better, stronger you	3	2017-03-01	confusing	A	NA
2973	493112970	app	76. Way of Life - Habit Tracker - Build a better, stronger you	4	2011-12-10	confusing	A	-CLUTTER
2974	12339835181	app	77. Habit Tracker - Streak-Free - Streaks & Habits	3	2025-02-22	confusing	A	-CLUTTER,?DAYVAL
2975	12579762746	app	77. Habit Tracker - Streak-Free - Streaks & Habits	3	2025-04-24	confusing	A	-CLUTTER
2976	4019bcff-3ec3-4669-ad7d-fae5f49b408e	play	8. Habitica - Gamify Your Tasks	4	2025-11-18	confusing	A	?DAYVAL
2977	5bc2fa1d-e88e-4849-9676-8fc092bd4220	play	8. Habitica - Gamify Your Tasks	2	2016-02-16	confusing	A	NA
2978	10374154971	app	8. Onrise - Habit Tracker & Focus - Build habits, focus & journal	4	2023-09-16	confusing	A	-WRONG
2979	d3d0503c-c52d-42ae-999f-726a574a94e6	play	82. Habit Tracker - To-Do List	4	2025-09-16	confusing	A	-CLUTTER
2980	8411737665	app	83. Roubit  - Fun Routine Planner - Bunny Diary & Tasks	5	2022-03-02	confusing	A	NA
2981	8101412932	app	83. Roubit  - Fun Routine Planner - Bunny Diary & Tasks	5	2021-12-06	confusing	A	+PERIOD
2982	6218280194	app	86. Today Habit tracker - For to-dos, routines & goals	4	2020-07-20	confusing	A	-WRONG,?SKIP
2983	3524508788	app	86. Today Habit tracker - For to-dos, routines & goals	5	2018-12-13	confusing	A	-CLUTTER
2984	1484819217	app	86. Today Habit tracker - For to-dos, routines & goals	1	2016-11-15	confusing	A	-CLUTTER
2985	1687775175	app	86. Today Habit tracker - For to-dos, routines & goals	3	2017-07-18	confusing	A	-CLUTTER
2986	1456616943	app	86. Today Habit tracker - For to-dos, routines & goals	4	2016-09-27	confusing	A	NA
2987	1591724160	app	86. Today Habit tracker - For to-dos, routines & goals	4	2017-04-18	confusing	A	-CLUTTER
2988	12041303013	app	9. Dear Me - Daily Routine Tracker - Self Care & ADHD Habit Planner	2	2024-12-08	confusing	A	-WRONG
2989	609bd821-d1a6-4a14-af8a-315512a077f1	play	9. Habit Tracker - HabitKit	4	2026-08-17	confusing	A	NA
2990	32c505eb-3aa6-49cb-b199-fa9ea4548197	play	9. Habit Tracker - HabitKit	2	2024-12-05	confusing	A	-CLUTTER
2991	d8f69999-ee53-45e3-a1b5-5820b569469d	play	9. Habit Tracker - HabitKit	1	2024-03-21	confusing	A	-CLUTTER
2992	55bdd3e6-8060-4af4-8a61-fd9a568353fa	play	9. Habit Tracker - HabitKit	5	2023-10-10	confusing	A	-CLUTTER
2993	1afd3f96-db28-47a9-9901-4cee8fcba85b	play	9. Habit Tracker - HabitKit	5	2024-03-23	confusing	A	NA
