A1#158	4	 Very happy with this app as it offers a lot of useful features. Some missing items in order to be 5 stars: 1. Missing iOS shortcuts 2. Sometimes, when editing the habit color or icon, the changes are reverted (bug)
A1#249	5	re has to be something wrong. Ibprbably have to pay“ But NO! All the features you need are free. This is literally the best App I have ever had. You can choose different colors, icons, emojis and sizes. I LOVE THIS APP.
A1#561	5	Love this app so much! || I love this app so much you dont even know how much. Starting off, the first thing i noticed is you can change the colours for each task you do, including alot of different icons for each task aswell! Talking about icons you can also change the colour theme of the app and change the logo for the app so when you see the app on your homescreen its the co
A1#1258	5	Excelente tracker || This app is very easy to understand and use. You log in your desired habits and can customize them with different colors, icons, reminders, description… etc. I really liked the way it displays the habits, it helps a lot on a daily basis.
A1#1938	5	in the new year. It’s an easy to use app, with so many pre-built habits for inspiration. I particularly like the versatile customization options for different emojis and colors. The homepage widgets are also very good.
A1#1961	5	Nice app overall || I have used many habit tracking apps but I feel this is the best one so far. With different color coding and emojis, it does have really nice UI/UX design. It also allows us to select a style which soothes our eyes. I also like that it is optional to create reminders. I am not sure if this feature is already there but it would be nice if they had checkbox ki
A1#2082	5	uly everything I was looking for in an app for the purpose I wanted it for! I love the interface. It’s so easy to use with tons of features and options. I love how I can colour code things and add emojis and move around the order. It has so many options for setting daily, weekly &amp; monthly habits. I love this app. Upgrading for a one time fee of $7.99 is 100% worth it and yo
A1#2181	5	r years to try to track habits consistently, it never stuck. This app feels like everything I tried to accomplish with that. Daily remainders, easy ways to log routines, colour coding, it’s amazing. I struggle with depression/ADHD and this has been incredibly helpful. 10/10, highly recommend.
A1#2329	5	The best tracking app || completely free and the best thing i’ve ever used, it’s helped me keep my schedule so much , i organized it with my own symbols and colours and i love it :)
A1#2448	5	k view at the top of the home screen, instead of having 1 ring showing the overall completion percentage of all the habits in the day, I’d like to see multiple different colored rings (like the Apple Watch which has a ring for activity, calories, etc.). Each ring can be a category and each habit can fall into a category. For example, if I have working out, drinking water, and s
A1#44044	5	 basis || As mentioned in the Titel, the App is a must have for daily Habit tracking. You can set time or how often you wanna do something. U can use different icons and colors, make the progress a lot more fun and individual.
A1#44736	5	sing this app for a few weeks and, just like Goldilocks, I’m finding that it’s just right. It’s got a handful of ways to set up habits, with a nice selection symbols and colors for different habits, but not too many that I get overwhelmed.
A1#45377	5	Fantastic! || This app is great, it does the same job the paid apps do. User friendly interface, colour-coding, stats, and recurring tasks. My only suggestion would be to add more frequency options to recurring tasks - I would love to see recurring habits every 2, 3, 4 weeks, once a month, first Monday of the month (e.g to get in the habit of deep cleaning the house) etc.
A1#45411	5	Great app || Love the organisation down to tags and colour coding. It’s really well thought out so you aren’t limited in how you want it to work for you. Definitely recommend
A1#45553	5	s etc and use a range of different measurements and set time and location reminders and label them with different names and emojis and use a bunch of different shades of colours ^•^ really recommend for students or workers or people who need to organise their week better
A1#45608	5	habits! || The app has an easy to use interface and can be personalised according to your lifestyle. I would advise setting clear and achievable habits and use different colours and icons to make the process fun!
A1#45882	5	g this simple app I’m able to better track my habits. I like the prompt sounds, they can also be switched off. There’s so many different icons you can use and individual colours for each habit. Just love it. Lifetime membership well worth it.
A1#46536	5	Really love the interface & colors! || It has tons different colors and symbols and it’s easy to use. Especially the home widget is also super useful to remind me in tracking my habit goals!
A1#47068	5	with this app. It is a simple and effective way to create and track your habits, whether they are daily, weekly, or monthly. You can customize your habits with different colors, icons, reminders, and rewards. You can also see your progress and statistics in a clear and beautiful interface.
A1#47255	5	nder widget was exactly what i needed in my homescreen to know exactly where i am runnin with my life . The custom functions of the application are just what you need to color code your life !! I would definitely recommend using habit tracker to really boost up your life by building some great habits and maintaining them Thanks a lot to the habit tracker team to allow me the pr
A1#47514	5	Very efficient || A great app where you can choose habits to track from an exisiting list or to custom create your own habits and track them with different colors
A1#49125	5	It’s really convenient || So convenient in use, different colors, so many ways to structure habits, and very easy to track any time of frequency (3 times a week, every day etc). I got a lifetime offer for $11 and i’m so happy
A1#49708	5	I love it || That indeed is a lovely app. Has all the fractures u need to track ur habits. I love the design also. There’s a wide range of different icons and colors to design ur habit. I also like the price compared with other apps with quite alike features. I think this app is better than most of other habit trackers among app store (at least thats my personal opinion). But i
A1#51032	4	rent stats so you can easily view your progress in whatever way appeals best to you. The interface is very easy to use, looks really nice, and you can even customize the colors of different habits. I’d be happily willing to have ads on the free version if it meant being able to add more.
A1#51336	5	 instead of a subscription. It costs about the same as a notebook and I use it more than a I would a notebook. I haven’t noticed any bugs and the layout is simple. I can color code the habits and customize just about anything to make it as easy as possible to track progress.
A1#51338	5	Great tracker! || You can color code everything, elder reminders and it will give you a calendar view as well as weekly and daily! Love it!! It also lets you take notes after each activity. I love documenting things so this is perfect! I actually purchased it so I wouldn’t lose data or have ads!
A1#51472	5	with the Health app on iPhones so the app can also keep track of data from other health apps and a watch, if you have one. The design is also nice to look at, simple and colorful if you choose different colors for different goals. The widgets for the Home Screen are also useful to remind me to keep up my goals. I got premium through a discount because I wanted to track more goa
A1#52035	5	Really enjoying this app! Recommend. || Love this app so far. Easy to use. Fun to do own colors, categories or choose ones provided. Wish there was a way to keep track of own blood pressure and pulse, I don’t have an Apple Watch, but I do take my own blood pressure.
A1#52109	5	e used other habit tracker apps before, but none of them compare to this one. the design of the app is so simple and effective, and i love how i can personalize my habit colors and widgets.
A1#52118	5	so important in a Habit tracker, especially for a digital tracker! This app allows you to customize everything; you can write yourself reminder messages for your habits, color code and tag habits by group, and even add your own pictures to the widget that you put on your Home Screen, there are even automated fitness habits like daily steps (I’m crushing this habit btw lol) Bein
A1#52207	5	Awesome! || This app is awesome! It does everything I wanted in a habit tracker and is easy to use. I can create as many habits as I want. Each one custom colored, with a picture. Shows how often I’m completing each habit. Which has made me do the almost daily because I want a 100%. If you’re looking for an app to motivate you to get things done this will make it happen!
A1#52299	4	love love love but i want to customize the colors || So i’m not an old person and I still love this app for keeping me disciplined and visualizing my goals for the day, so I would definitely say it’s good for all ages. If im not organized i’ll freak out so this is super helpful. However, I want to be able to customize the colors and icons on the individual habits without having
A1#52332	5	Beautiful App || I love the color coding and customization! Pleasant to use! When I read reviews griping about having to pay for a premium version, I thought it would be expensive. No… just over $3 a year… or $9 for lifetime. I’ve paid more than that for apps that did way less for my productivity. This is phenomenal!!!
A1#52390	5	he first app I’ve ever took the time to write a review on. Pros: - completely customized habits that you want to have or habits you are trying to break. - can change the colors of each habit - can schedule as often as you like reminders - can track weekly, monthly, and yearly progress - free version or they offer a paid version that’s worth the cost - can change the sounds on r
A1#52552	5	The organization just makes sense || Being able to have different times and colors, along with emojis, and messages for yourself, makes this so easy to understand, and very encouraging!! I am using free mode at the moment and it’s still a great app!!
A1#52615	5	vorite!! The timers are so helpful and something about completing a task and sliding the little bar over is sooo satisfying. I also love the widgets and little icons and colors for each task.
A1#52754	5	Great interface and easy to use! || I have been looking for a habit tracker that does what it says. And this app does! I like how I can easily add and color code the various habits I want to improve on and voila! Very easy to use and the color combo and intuitive design options are amazing.
A1#52989	5	 They have stats readily available and a multitude of charts and graphs to keep up with your habits. And it’s easy to customize too. You can play with the app’s icon and colors, habit colors, in app colors and pretty much anything else in the app. There’s a vacation mode too, where it’ll skip habits automatically within a timeframe you set. And there’s a bunch of features I’m s
A1#53299	5	life saver || This app is very minimal and lets you make it however you want with different colors and lists for example my UI is pink and my goals are emojis! My favorite thing so far is that there’s a page with overall percentages, best days, calendar that showcase your goals/tracking! It makes it so much easier to view all in one page. I’m currently using it for walking and 
A1#53336	5	ed 4 free apps to see which ones best fits my brain for my new goal tracking. I absolutely love this one! The look is clean and not too busy plus you can create your own color schemes that are pleasing to you. It connects with your Apple Health and automatically tracks when you completed the goal. So far mines are all fitness related but I will be doing some personal / work goa
A1#53415	5	 can easily market it done without having to run the timer on time-sensitive habits. Overall, it has not been difficult to navigate how it works and I like being able to color code and even add icons onto each habit. I have mine color coded by physical, mental, spiritual, educational,…Overall, I am very happy with this app. Thank you, Habit Tracker!
A1#53656	5	with them. With Habit, I can set my own goals or choose from the many suggested. I like how I can choose the habit and how often a day or week I want to do them. You can color code and choose a picture icon for each. In June of 2022, I started off strong, then kind of slacked off. In January, I decided to give it my all and currently have a streak of 134 perfect days, with a 95
A1#53696	5	Great App! || So easy to use! Love the different colors and seeing daily progress on top. Also appreciate being able to add the widget to my Lock Screen for motivation.
A1#53712	5	Love it! || I love the lay out and the ease of use! Being able to color code everything is perfect for my personal aesthetics!
A1#54117	5	Fantastic for busy minds and bodies || I struggle keeping track of everything in my mind. I have constant to-do lists and being able to see them on my phone in different colors and icons is so helpful! I love that you can set your own goals, frequencies, and notification settings.
A1#54152	5	Love it! || Easy to use, love the design - not too many bells and whistles, can chose multiple options for how the timers work, color code activities, etc. Happy enough to write my first ever review.
A1#54243	4	Awesome!!! || I love this app! It is user friendly, and affordable!! It holds me accountable! And I love the friendly reminders! And that you can color code your different customs workouts.
A1#54364	5	d unmotivated. having an actual check list in my pocket at all times helps me keep a god daily routine. i love how customizable each habit is, and all the cute icons and color coding. it makes me excited to create new habits and complete them. the only thing i would change is allowing users to make a few more habits in the free version. but other than that it’s great!
A1#54374	2	ess I can’t do that with a limitation of 5. I’ve been using this app for a few years now and liked the simplicity of it as it’s easy for my kids to understand. I have it color coded so each kid knows if they have any chores or homework left for the day. They earn “switch game time” if they finish everything. Need to find another one that’s similar.
A1#54448	5	Really well done || I love the different colors and icons it’s fun and pretty and nice to use.
A1#54470	5	bits this year and be consistent daily, and this habit tracker has helped me stay on track with reminders and widget. It has a intuitive design and easy to navigate with color coding and icons.
A1#54477	5	er write reviews but something this good I just couldn’t keep to myself. This app has everything you could ever need ranging from alarms, timers, reminders, to-do lists, color coding, and a simple minimalist design which is easy on the eyes and prevents distractions. Runs well, doesn’t lag like others I’ve tried, has many customizable options, and is overall just a perfect app 
A1#54551	5	 shows me how long I have been keeping my streaks it’s completely free and aesthetic it makes me excited to complete a job or chore. I love how I can make each chore any color I want. Definitely recommend this!!!
A1#54561	5	pp a couple of days but I love it already. There is a free version but the premium isn’t a bad price at all. It even includes idea habits for different goals and you can color code, add timed reminders, and frequency of habits, and more.
A1#54653	5	Great for organizing || This app is great for organizing all my habits in one place and see how many times I’m able to complete a task. I love how you can add different colors and icons depending on what you’re doing. Would recommend.
A1#54678	5	ally like this one the best. The interface is appealing and it’s motivating to see the streaks add up. I also love the different categories for the habits as well as the color coding. I would highly recommend giving it a try.
A1#54683	5	the App Store and I am overjoyed to have found this app. I have many habits to keep track of and this app makes it easy, seamless, and even visually pleasing! I love the color coding capabilities and how easy it is to visualize which habits I’m sticking to the most and how my week / month / year is going in terms of keeping to my habits. I highly recommend this app to anyone wh
A1#54688	4	 screens come up. Ever since the update I have no longer been receiving the above items. I tried restarting my phone, and it still isn’t working. Great app tho, love the color coding and it has helped me be consistent, but I want that satisfaction of a well done and a best day medal!
A1#54735	5	Excellent || So far the best habit tracker I have found. Pretty interface and can make it as simple Or as complex as I want. Can do reminders or keep them off. A good color coded way to see your trends. Love it and has been ultra helpful to see where I stand and make plans for adjustments.
A1#54748	5	 catch. It’s easy and fun. You can track and race your progress with friend or family members. Also it’s super aesthetic. A you can customize the app icons the different color and styles. So far to say it’s a awesome app!!!!!!!❤️❤️❤️❤️
A1#54909	5	THIS APP IS SO CUTE || This app gives me motivation everyday to mark off the days and feel great about doing exercise :) I love that you pick your own color toooooooo! Keeps you on track and make you feel happy about your progress on anything ! TEN OUT TEN !
A1#55293	5	 you can also just completly turn them off which I loveeeee visuals 10/10 the app is just super clean and its not overwhelming by any means, you can customize your habit colors too, if you want an even cleaner look data summary 8/10 being completely honest, I barely look at this feature but Im sure its useful for some people. it seems convenient being able to see how many times
A1#55296	5	Surprisingly great || The app is simple and straightforward in design, very customizable down to individual icons and colors. It has a basic, default-ty feeling art style, which is exactly what I wanted. It also has really nice widgets that show your weekly/monthly progress. It’s a lot cheaper than the other goal apps, and it does the exact same thing.
A1#55402	4	essly with how my brain works. The notifications feel more like reminders rather than shaming me for not meeting the routine I set up. I love the option to choose my own colored tabs and symbols to personalize and identify more effectively to my own unique triggers. I love the simplicity of this app. I like the ability to change the quantity of the habit to various units. I was
A1#55636	5	track and view progress and work towards improvement. More recently it seems a lot of bugs and issues have been worked out. In addition, you can now choose to assign any color under the sun to your habits. Love the new features and looking forward to seeing what other new and improved features you role out in future updates!
A1#55820	5	acker app and finally found the perfect one! This app helps me stay focused and on task with my all my habits and routines. I love the option to set dates and times. The color coding makes it easy to organize. Great app!
A1#55841	4	Love it! || I absolutely love his app! It keeps me going. I love the different colors, icons, and suggestions we are able to use. One suggestion, can we be able to shift or love the habits in order—rather than keeping it in the order of how we make it?
A1#55866	5	 this app. It’s well constructed and very easy to use (and the interface looks super duper clean). It’s very easy to personalize - you can toggle dark mode, change habit colors, adjust the home screen icon, etc. I’m a very checklist-type person and I used it for about an hour before I bought the pro version. It makes it so easy go manage my day. Even the little things like brus
A1#55941	5	habits are good to choose from and if they don’t fit you then you can make your own and set how often they occur. You can also customize everything by choosing icons and colors for each habit. And being able to write down memos, I can update a to-do list daily, keep track of groceries, make weekly goals, or just write down ideas I get.
A1#56007	5	xquisite features, for example you can have as many habits as you would like without paying. There are also cool (and free) features, like dark mode, and customizing the color of each habit, and you can pick the color of the app itself. In the end, I think this app is totally worth it, especially if you don’t want to pay money.
A1#56023	5	ree. You can create new habits, assign them certain days, and set reminders with motivational messages. I like the fact that the habits can be reorganized, filtered, and color coded. The app even includes inspiration for new habits. It keeps everything neat and organized. I also love that it has many options to personalize the app, including a variety of icons, colors, and them
A1#56207	5	Great habit tracker! || Beautiful design with all the features I’ve been looking for. Love that it can be color coded!
A13#408	4	t app to change and track your habits || Finding the app easy to use and love all the simple yet affective features. My only reason for missing one star is I’d like more colours to be able to colour code the habits ☺️☺️
A13#1746	4	Cool app || This is a lame complaint, not even a complaint but I wish I could choose different colours, make it a bit more girl, beside that I Quite like the app. Sorry what a silly complaint
A13#1891	1	Bad || Can I use the app for 5 seconds without being bombarded with 50% off 50% off? Also can there be different colour scheme for people who do not like dark mode?
A13#1930	5	o the new habits, and this app helps a lot. The widget for Apple iPhone works well. I think the only thing I would change is an option to have the background a different colour, such as white or grey. RECOMMENDED!
A13#2059	4	m order of your listed habits. Also it would be nice if we could add our own reminder sounds or there was at least more variety. Also it would be nice if their were more colours available to colour code the habits there are only 6. Fix these issues and i would happily rate it a 5 star and use for many years to come at the premium price i just paid for this app and would be happ
A13#2262	5	It’s pretty user friendly and fun to use || It’s actually helped me organize myself a bit better. Also, it’s colour coded! I highly recommend it.
A13#4259	4	Easy to use || It&#39;s easy to use , very nice. It would be better to choose different color style of background.
A13#4312	3	Productive || It’s like a reminder list for building new habits with colors and icons, but it lacks content. I would love it if It had some articles and tips on how to build new habits.
A13#5145	5	It’s such a beautiful app || I love it so much, how you can use color codes and icons
A13#5995	5	Love || I can colour code everything (:
A13#6253	5	Super helpful app || Very easy to use and helps you stick to some habits in your life. Habits are quite well organised with different colours and icons.
A13#6772	4	Great app! || Easy to use and very appealing design. Love all the different colours and icons for habits! Only sad thing is the limited number of habits in the lite version :(.
A13#9096	5	Great app || Works perfect for me. The different colors you can use are very practical.
A13#9300	5	ersion and it’s awesome! If you want something which reminds you but isn’t super intrusive then this app is for you. Quite customisable as well pick your own symbols are colours. Choose from their goals and habits or create your own. Makes turning things into a habit rewarding to track
A13#9481	4	Simple and clean design. || You can customize your tasks by choosing the icon and color code, the schedule for the task, and you can skip a task instead of deleting them. My only wish is to have the option to choose a song from my Music list as a notification tone, please add this in the next update - after all I paid for the upgrade! 😉
A13#10542	5	Love it. || User-friendly. I love the different icons and colours too.
A13#11462	5	THE App || I’ve been using this app for about 6 years. It’s easy to use, color coded, and has helped me keep everything I need and want to do organized and in check. Highly recommend!
A13#11675	3	uins the point of having a list if i&#39;m overwhelmed trying to figure out my own list. it&#39;s at least separated by time of day which helps a lot. and i can at least color code and change symbols to represent the taks at hand (as in green suitcase for work) though i would still rather it be a separate tab than getting it miked in with my entire morning routine. if there was
A13#11873	3	 other devices so if complete a habit you have to check it off on each device you have the app or just use device for keep track. and since the update you aren’t able to color code your habits anymore. Which helped me stay organized
A13#12385	4	ay tasks I need in order to keep my depression under control. The one piece of feedback I have is that it would be great to have the option to select different interface colors and designs. The black interface can be hard on the eyes and also makes me a little sad. Thanks and keep up the great work!!
A13#12785	4	s not interactive like on your phone. Also I couldn’t track my own performance week to week to see my progress. This app is the real deal. I’d like to suggest additional colors for activity labels and integrations with other apps like “my fitness pal” but for $30 a year I’d say I’m getting my money’s worth. Thank you.
A13#13125	5	s not working. I get some Json structure but it’s all blank. Would be fun to integrate the data on my own personal apps or other apps 3. Custom name tags assigned to the colors (like Trello has). An important use case for that would be assigning the different role categories to the habits you create. Roles of your life, for example “Husband, Father, Manager, Personal”. As expla
A13#13223	5	 gone without it. The simple interface &amp; aesthetically pleasing design makes it quick &amp; easy to use. The reminders &amp; time of day options, plus the ability to color code habits, have greatly helped me improve my quality of life. I have Bipolar Disorder, ADD, and a few other conditions that make it difficult for me to maintain a regular routine/schedule. I was really 
A13#13503	5	plicity in goal setting. Kids as young as 5 can comprehend &amp; stay on task with this app, however, it’s relevant, applicable and timely for adults. If you use a chore color code or task color code, it allows icon/color change and geofencing ( ie arriving home ) . I also use this app in digital coaching for clients ! Worth the purchase
A13#13505	4	hing like laundry &amp; get reminders for each step. I’d also like separate lists for evening and bedtime. But I like the tracking, the timers (with optional music), the color-coding, the icon choices, and the pre-set habits (which saved me some work).
A13#13584	4	Everything I’ve Been Looking For || This app is everything I’ve been looking for. A beefed up version of Reminders. Tracks allows multiple categories and color coding. My husbands worst night guy mate and my sanity!!!
A13#14133	5	Perfect! || Super easy to set up and use. I really like how I can customize icons and colors for each habit. Also has Apple Watch app that makes it easier to check off habits when my phone is in another room. I use this app for all my Miracle Mornings and Life S.A.V.E.R.S.
A13#14240	5	Love this app! So helpful! || Great app! So helpful! Love the icons and color codes
A13#14321	5	Awesome App! || Love Productive! It’s an easy way to prioritize my habits and get into a good routine. Love the various icons and colors as well as the ability to choose the frequency and time of day when you’d like to be reminded of the habit. Keeps me on track🤗👌🏽
A13#14448	5	his app is hella worth it. The price is pretty steep for a student, but it honestly is very little if you think about it per month, and it’s been invaluable. It’s easily color coded, more flexible than similar apps without sacrificing simplicity, and I just have to glance at it to know what my priority is in that moment. Plus, seeing your streaks is really motivational and give
A13#14484	5	Love it || Great to track habits and I love the feature where you can add notes and pick icons and colors for each habit
A13#14936	4	Simple and effective || Great app. Very simple. Interface is not as intuitive. Would also recommend different color scheme
A13#15144	5	orize each task!! I thought that was so neat. The only problem was that I wish I could change the background to white, it would have given a bigger contrast for the task colors. But other than that it was amazing!
A13#15160	5	k u! || I was looking for an app to help me function better with my depression and anxiety and things got very difficult so I searched “notepad,” apps having the idea to color code notes to be more productive. THIS APP IS BEYOND NOTE TAKING/TO-DO LIST making, it is motivating to actually get things done. Helps with my overthinking seeing what I need/want to do visually. This ap
A13#15520	5	Love it || But I want a different color scheme. Make tran option?
A13#15676	5	 me to do them on specific days. That&#39;s why I like this app. I also like this app because of the cute little icons you can put next to them and that you can assign a color for each of them. But this app would be more useful if I could put at least some more habit trackers here. If Google Calendar had the specific days feature, I&#39;d only use that app. I was really excited
A13#15736	5	🙂 || I love this app. You can set a lot of alarms. It even has a calendar. It has different icons and colors for each habit you set, which could help you know what alarm you set it for. I’ve just started using it, and I’m very grad I have it.
A13#15956	3	Great but not worth the 2.33-3.99/month || Great app, love the ability to color code, but it’s not worth the cost and free portion only allows you to track 3 things. :/
A13#16331	4	g, no glitches as far as I can tell, and seamless to navigate and interact with. My only complaint would be to add more customization options - such as sorting habits by color, giving the option to have a habit occur &#34;every other day&#34; or &#34;every three days&#34; instead of selecting days of the week. It could also be interesting to allow users to use emojis as their h
A13#16533	5	Best task/goal scheduling app and I've tried them all || Best app for scheduling tasks! I love how you can color code all the icons to fit your style or your organization level. I love the alarm and how you can choose your own tone for each alarm. I haven&#39;t used it enough to see how analytics works yet. The one thing I&#39;d like to see different is for the completed tasks 
A13#16698	5	Great app || I don&#39;t normally do app reviews, but I really like this app. It&#39;s very simple, colorful, and has helped me get a lot of things together in my life. I bought the pro version and have no regrets. I use this app daily to get my house clean and what errands I need to run. I can color code everything, which is super cool, and it feels good when I can check thing
A13#16867	5	thers that I&#39;ve seen. It&#39;s simple, beautiful, and beyond functional. I like how easily I can check off my habits for the day, as all I need to do is glance at my color-coded habits and swipe right. If Productive had a Mac application, I would download it in a heartbeat. It would be helpful to have this app on my primary workspace in addition to my iPhone. Thanks for suc
A13#17648	5	Great at keeping me in check || I really like how customizable it is, with all the different icons and colors. I also like that you can choose some of their pre-made goals (great ideas to get into good habits!) or make your own. I&#39;ve been using it to help me do independent study, and, knowing myself, I would&#39;ve taken a few days off already were it not for this app remin
A13#18147	5	 was looking over the new &#34;favorite apps.&#34; This is where I found this app. I downloaded it just to see if it would meet my standards, and it did! The app is very colorful and gives you a lot of free room. You can set times and days that you want to do something. You get an icon and can choose a color for each habit. I suggest keeping a color for certain things like eati
A13#18764	5	Love this app || This is a great app! It is easy to navigate, customize and color code. Just what I was looking for during high stress times to keep life moving forward.
A13#18847	5	hem worked. This little gem, however, did. The minimalistic design, and the simple process for creating a task, is amazing. I recommend the upgrade as well. You can also color code the task icon which is helpful. Overall, I love it and it has helped me organize my routine.
A13#19331	5	 tedious, so I actually do them, and I feel doubly better! The options are so versatile, and I love the icons available for the different tasks, and I love being able to color code them! The only issue I have is that there is no advanced mode wherein I could say &#34;6 times per month,&#34; or &#34;once every 6 weeks,&#34; or even &#34;once every month,&#34; with this version. 
A16#88	2	Lacking || Can&#39;t colour change colour of habits. Can&#39;t reorder habits. Can&#39;t have more than 6 habits at a time. Can&#39;t pay that price for a product that is basically Apple Reminders app.
A16#718	5	es it easy to check my progress throughout the day. I do wish it had a dark mode, though—it would be easier on the eyes at night. Also, it would be cool to customize the colors for each habit or adjust the schedule for different days. But overall, this app has been a huge help for me, and I’d definitely recommend it to anyone trying to build better habits. It’s worth it, and I’
A18#23	5	Love this as part of my routine || Please developers change the colour coding for the various habits and habit colour coded days, make them pop more or a deeper shade. The colours are too dull/light. I can literally code this for you hire me, also an option to integrate w Apple Music or Spotify while going through your checklists in the timer mode , or even smart timer mode whe
A20#45	3	Mid || Pros Nice Layout Simple with colour coding Cons High price point Limited functions with reminders i.e. no ability to set reminders for specific days of the week. You are limited to selecting only everyday, once a week, once a month. I simply want to remind myself to make a packed lunch for the days I work in the office and I only work in the office 3 days but I can eithe
A20#155	5	e, simple &amp; eye pleasing daily routines tracker. This is the one! Plus the team is super responsive if you have any questions regarding the app. You can not choose a colour for each task right now, but it should be added shortly - that will make it the best app for trackers :)
A20#417	5	Free Reminder App! Easy interface! || What I love the most is it doesn&#39;t limit how much I add! And I can use different colours! A perfect reminder of my chores!
A20#1353	4	use as I knew this was exactly the UX that I envisaged. However, nothing’s perfect and I would like to see: 1. Better Organisation - though I can just about make do with colours as of now, perhaps adding “groups” of sorts would be better, and then assign each group its own colour. For instance, I have organised all of my “Sports” activities into the green colour and all of my “
A20#1393	5	or, very clean and simple and most importantly totally free. There are a couple of features missing which would really make it perfect. Firstly the ability to change the colour of each task manually, it seems it is chosen at randomly at the moment. Also I would like the option to view the task cards in a more compact way so I could see more on the screen at a time. Thanks!
A20#1446	5	Habits made easier || Love it!! So easy and simple to use. Also so pretty with different colors!
A20#1447	5	Simple , on the spot || Thanks, its a great app really. Add habits, have notification and color code. Thats all you need.
A20#1465	4	nth journey I’m not able to mark on some days like I skip the habit for the day then I want the progress should grow but the skipped days should be filled with different color maybe red or selected by a user . Hope you understand. Best of luck thanks 😊
A20#1523	5	Great app, Needs some features || Features - Backup solution(icloud) - manual color for items.
A20#2848	4	inally got this app on my old Samsung and the interface is so much prettier there while on iPhone it looks like and old and abandoned app. Also, you can&#39;t modify the colours of each habit. If these two things were fixed I&#39;d easily give it five stars. I know some people would probably love being able to tick habits multiple times per day and/or add comments to each tick.
A20#3111	4	or doesn’t want to do something. I feel like the reason is that the widget is hard to see: low contrast text on blurry background. It’s mostly those circles of different colors but the text that is barely visible for me, it doesn’t “read into brain” right away. So my brain is not tricked to click “done” on those circles as it takes a while to figure what exact circle i need (my
A20#3555	5	y complicated entries, no resetting to zero when you miss a day, one time payment, and simple UI. The UX designers did a great job! Please make an update with more habit colors though, I’ve used them all :)
A20#3566	4	Nice App || Overall this is a good app to track your habits. There are some premium features but it doesn’t take away from the app. (Enable night mode, change color of habits, extended notifications) 💡 It would be useful if you could set a habit for more than once a day. This app has a simple minimalistic feel and very easy to use.
A20#3591	4	rk mode theme, I have evening habits that I check off, but the white background is sometimes like looking into the sun... - Maybe more ‘theme’ options in general? Custom colors, different colors and/or a color picker, etc. Overall it’s great and I will be using it for a long time!
A20#3625	5	 to make high level tracking easy while still providing users the ability to double-click into each habit to see trends and progress. I like that each habit gets its own color and the ability to pay what I want for premium and have access to a widget just makes it that much better. The only thing to be desired is the ability to track multiple instances of a habit in a single da
A20#3643	5	hit the plus sign.create you habit under title.you get a reminder for that habit.you set the time.you can even set for everyday if you want.and that’s it.oh they are all color coded and you only enter the habit one time which I don’t find a problem.not reallly.cool app.
A20#3777	5	sign, not overwhelming or too technical, and free. Honestly, out of over 20 other trackers that I wasted my time on this is the one I chose. Pros: -Simple, easy to use. -Color coding - basic statistics chart and tracking calendar - multiple habits can be made for free Cons: - can&#39;t chose specific days of the week to set habit and reminders - the reminder is for every day ev
A20#3845	5	ic it is. You have plenty of control over the frequency of the habit without it being too overwhelming. You can also set a reminder. I like how each habit is a different color. It complements the white background. This app has been helping me commit to my monthly goals such as the 30 day 100 ab challenge. There’s also space to type a little motivational quote. I think this app 
A20#3868	5	eekly progress of the habit +monthly progress +customized notification -only repeatable once daily (though one time is doable) -custom notification does not work +random color for each habit (paid version is customizable, paid Verizon has three different contribution $2.99, $4.99, $14.99)
A20#3912	1	it remind me to take my medication twice a day :( it will only let you do 2 reminders within 2 days which isn’t what I need. Additionally, I was really excited about the color options being as color-coding is a big way I visually organize things by importance, but there doesn’t seem to be a way to change the color of the habit, so for now all of mine are still purple. I’m givin
A20#3967	5	| This year I’ve decided to become more productive and organized and this app truly helped me achieve that! It allows me to track my daily and even weekly tasks with new colours for different activities to keep it fun. My one problem is the fact that you can’t choose which colour is for which item. When you put in a new tab, it selects a colour for you. But I’ve learned to time
A20#3986	4	Great tracker except... || Great simple app. The only thing i wish is for us to be able to choose our own colors and for us to see a streak. Percentages is nice but itd be great to see how days ive been able to keep up with a habit.
A20#3990	5	For being so new, this little app is great. || The look of the interface matters a lot to me (makes me much more motivated to use it) and the design and colors of this app are great! I love how simple and efficient it is. My only suggestions so far as it continues to be developed: - being able to set habits for more than once a day (I can set them like this, but every time I go
A23#196	5	re usually 1 per week; not per day. The iPad version is good, but could still be better optimised, especially for my iPad Pro. I also would like to be able to change the colour of individual tasks - not a needed change, but would still be appreciated. I love using streaks! Thanks guys.
A23#317	5	 APP || This app is actually so good. Helps me stay on task throughout the day and get the things I need to do done. Simple yet effective layout with different icons and colours. Works well with the Health App. Definitely buy, its worth the money to stay on track.
A23#669	5	gold when you’ve finished them? Currently it only turns gold if you have 6/6, but not 5/5, 4/4, etc. -icons: physio exercises look alike, so it would be cool if we could color-code the individual icons for easier recognition -make it so that when you’re interrupted doing a timed task, you can save your progress to catch up later
A23#715	3	aph where it should be a bar graph, basic data visualization stuff like that). There is a button that seems to flip my card over and show other activities in a different colour. What is this? What is it for? The tutorial doesn’t say. Is there a way to give feedback other than in a review? I haven’t found it. A promising app that needs some improvements.
A23#1812	4	iss more items of configuration days (two times per month, three times each two weeks...) similar for example to Fantastical 2 settings. Besides we can include different colours and more items with small icons, even in the gadget. I hope you can continue improving Streaks. Dani Puche.
A23#1974	1	aid 6 GPB for this app and must say I‘m massively disappointed by the quality considering the price point. The theme is barely customizable - the only wallpapers I liked color wise had emoji style watermarks. Why can’t I just take a photo as a wallpaper or choose my own colors with fades or disable the watermarks? The user experience is terrible - considering this should be an 
A23#2162	4	ly nice to be able to log that, instead of the app preventing it. It would be even better if the app made a big deal of it by tracking “extra” completions in a different colour, or something similar.
A23#2170	4	Please let us change the colours for each item ourselves || Otherwise really great app
A23#2216	4	 to midweek) Still don’t see the point of the negative streaks though... I barely notice they are there. Future improvements : possible to make each activity a different colour? Top work guys keep it up :)
A23#2226	5	Great app for tracking goals || This is a wonderfully designed app for tracking goals with lovely personalisation options and bright colours. In the recent update the maximum number of streaks was increased from 6 to 12 making the app more versatile. There are some times where the design gets in the way of the usability of the app by not adhering to iOS conventions - accessing 
A23#2356	5	Motivation!!!💞💞 || Amazing app! Love the different colour preferences! I really recommend it👏🏻 great app for motivation
A23#2465	1	Awful user experience || Hard to use app. Colors are done properly, by looking at the watch dots I dont know what is crossed and what isnt as habits have different colors. Stats are terrible to track. Calendar view doesn’t really exist, you have to open the app on your phone. App needs to be reimagined differently
A23#2484	1	d be so much better if it fits more than 12 streaks and includes goals for each streaks. The design could also be better if in the symbol for each streaks have different colors.
A23#2566	5	Issue While using app in the dark (night) mode || The widget goes black when i use the app in dark mode.. the background colours must be reflected to the widget as I have different colours for diff pages!!
A23#4243	4	Loving it so far || Only had the app for little over a week, and so far I’m enjoying it. I am finding I wish I could add more than they allow, and I wish I could color code more than the six on a screen. for instance, I have eight health related habits I’m trying to track, and I would like to colorcode all eight health related habits the same color. But the overall app works gr
A23#4524	5	o figure out all the features and how I wanted to use the app so a walkthrough would have been nice but I was able to get going on it and enjoy it. There are 4 different color coated pages each one holds 6 habits. I want to use all the different pages for different categories so it would be nice to add a title at the top but the different colors work fine. Example: I’m using th
A23#4753	4	Just one thing || I really love this app! It’s very satisfying seeing all the different colors for my tasks fill up over the course of the week. One thing that I think would be nice however would be the ability to see how close to completing a task you got. For example: I have a task to do something for 3 hours total over a week. If I work on it for 2 hours and 45 minutes it do
A23#4763	3	Wish it was more customizable || This is a great app overall, but I do wish we could change the color of our theme without having to select one of the options given. I know we can change the task color but not the theme.
A23#4776	5	ys you need to perform a task, how many time a day, the duration and so on. Each task can be customized with its own icon from a substantial list and with its own unique color. I have used it to set goals for walking for physical health, mental exercises to try to keep sharp in my advancing years, reminders to log meals for weight loss…there’s no end to the habits and tasks you
A23#5048	5	abits that aren&#39;t needed daily. I think the 8 cup a day habit is pretty neat in that you can hit the button 8 times in the day to hit your goal. I like the different color themes so I can design a morning and night routine on each side. I honestly have no gripes about this app and the only suggestion I have is to support Garmin smart watch data importing for, say, active mi
A23#5168	3	ys. The “Done” habit tracking app has this feature. I prefer this one overall, but I really miss that option from Done. ==AESTHETICS== Also I would like a way to set the color of each task individually instead of being tied to a theme. Right now the only way to make each task a dif color is with the rainbow theme but you don’t have any control over which task is which color. Id
A23#5280	5	 you&#39;ll actually be asleep One final thing I love about this app is the customization and support. The app icon and main screen can be changed to dozens of different colors. Initially there wasn&#39;t support for changing when the day rolled over, but I contacted the support team and it was added a few weeks later. You can make this app your own. Problems are quickly fixed 
A23#5418	5	orry about forgetting everything I need to do - I have a list of the most important things right at hand. Simple to use and easy on the eyes, with many different default color schemes to choose.
A23#5715	5	e-quality goals (e.g. Journal, Read 15 minutes, etc.) in another! And the customizations are fantastic - from the ability to change the App&#39;s springboard icon to its color-coded screens. Another very impressive update. --- - what follows is a past review for version 2: This app isn&#39;t suited for everyone wanting to form new habits, and for me it sits alongside &#34;Balan
A23#6715	5	Simple and useful || I like the very clean look and feel of this app. It makes it fun to complete things that are important to me. I love that I can click a different color for the app when I get up in the morning. That simple functionality feels like I&#39;m wiping the mental slate clean and starting with a new day. I am capable of completing so many more than 6 important thin
A23#7135	4	tarting small-- which shows much more self-compassion. I wish the icons were better-organized, that there were more variety of hygiene and time icons, and that you could color-code your habits. I love that I can set reminder times individually. I wish I could set different times for different days to account for varying daily schedules.
A24#14637	1	ownloaded it again to try a free premium trial and cannot believe how busy and confusing the app is. It’s crazy, I cannot understand how to use it with so many different colours and pop-us and different areas and challenges. I actually hate it, very disappointing and doesn’t seem designed by a human.
A24#29345	3	Great content but graphics are way too busy- is overwhelming || I love the content of this app, but the images, colors, and overwhelming amount of items all on the screen at once is makes it hard for me to want to use it. I am neurodivergent as I imagine many others are who need an app like this. It would be wonderful if there was an option to pare down the colorful images/crea
A24#36254	5	who procrastines everything. About my work, my health, my mental health... Fabulous helpes me improve myself in many ways. 💛 The app’s design is beautiful 💛 It’s kind of color coded (which is the only way I can plan my stuff) 💛 It has pretty illustrations, very motivational videos, letters, and quotes 💛The journey is so cute with its stories. 💛You can create your own routines o
A25#64	5	first one that ticks all the boxes for me - attractive UI, lots of different ways to measure (including a timer that will KEEP GOING if you exceed your goal), ability to colour code and group habits, widgets, Watch app. It’s fantastic and I will subscribe as soon as my free trial ends.
A25#1205	5	ut of an extreme depression. Everything is SO customizable to the point where I genuinely have zero criticisms or feature requests (they even let you input hex codes for color-coding!) I had been using a journal as a “quest log” for the longest time but wasn’t able to scratch that nice data analysis itch that I had; the statistics are absolutely INCREDIBLE! I can visually *see*
A25#1238	5	 the perfect app to keep an adhd individual on track. I love that I can set goals for different parts of the day and categorize them as well as location based goals. The color coding that can be personalized is extremely helpful, as well. The habit tracker with graph charts are helpful to see trends, I like this feature even as someone I would not consider “math minded.” I’ve t
A29#54	4	amazing || its an amazing app, however it would be a great feature to also make ur own colors, and that u can set it like ANY 5 days of the week this habit has to be done. love the app tho. 🤍🤍
A29#245	5	Simply Done || User friendly, easy to use. Super simple in concept. Categorization is a nice touch and color coding makes my little hyper-organized heart happy. As long as you’re not planning to track 50 habits, I think it does a nice job. I also appreciate that there’s no subscription fees or ads. Am I trading off data privacy for this? I’d love to know.
A29#328	5	Useful and cute || I enjoy making each habit a different color and seems easy to set up so far.
A3#292	5	Simple; Elegant || It does what it says on the tin. Counts the days you’ve dropped a bad habit or started a new one. Easy to colour code things. Reset if you have a slip up. Simple and Elegant
A3#454	5	 have new things like widgets. Days Since is an elegant way to track anything (smoking/drinking/days since an accident at your nuclear power plant etc.) It has different colours for each counter, the ability to change between hours, days, months etc.
A3#526	5	ike faceID so everything stays private, you can choose between hours, days, weeks, months and years. It has a simple reset button for if you fell again, it has different colors for habits and many different app logo’s to choose from. I suggest Days Since to keep track of your victories.
A3#633	5	Great so far! || Easy to use, nice interface. Really nice that I can choose the colours of each habit. So far haven&#39;t had any issues.
A3#707	5	Great || I use this to track many things primarily I use it in my addiction recovery work. It works well. I like the colour coding too.
A3#765	5	This app is super practical! || It&#39;s free, practical and super easy to use. All of my &#34;days since&#34; are in this app. Different colors and symbols can be use. Counter can be reset too! Can use for alchool, diets, skin picking, reading logs... etc.
A3#921	5	Days since || This has been a great app to track my MIL and myself since we have quit tobacco. Easy to use and being able to colour code each event is great. Will be using it for all my tracking going forward.
A3#1093	5	Simple and streamlined || This app is simple yet mighty. Clear and consist view of how long it has been since, well, whatever you want! Colour coded for easy viewing and differentiating between categories. Love it!
A3#1183	5	ce || Great app! I use it to quit things. I use it to remind me of things I may neglect. It has many uses. If you are honest and follow through, it does really help. The colour scheme is a great touch. Relating a colour to a certain habit/topic/activity really can make a difference! It’s also easier to read the calendar w all of your goals colour coded!
A3#1232	5	Keeps me Motivated || This app has kept me motivated for many of my accomplishments like quitting smoking and to stay smoke free! I love that I can set different colours for different achievements.
A3#1299	3	more color options? || I’d like it to have a feature where you can choose more colors, like a little wheel of colors. it’s hard to match with my lockscreen and it’s more motivating when it’s cute. pretty sure everyone would enjoy picking their own colors :)
A3#1709	4	Solid || Does the job. Individual Colors would be nice.
A3#1942	5	Easy clean perfect || Excellent day counter app! FREE for real! User friendly, add as many counters as you want, choose different colors. Widget available. Even the app icon is customizable! Love it 💜
A3#1953	5	Great || You can choose a color for each habit/addiction and have multiple customized ones
A3#2066	5	Easy, helpful, no messing about || I love this app. I’m tracking 5 bad habits I’ve quit in the last 90 days. It’s easy to navigate and set up. I like the different colour codes to use for each habit. No annoying ads or pop ups. Fantastic
A3#2323	5	Great and easy to keep track || Simple and effective! Easy to check/update info. Useful and helpful to monitor times down to the second. Good range of colours for colour code usage and all the activity feedback you need to navigate your way around any unwanted habits!
A3#2324	4	been using Days Since to track my habits, and I find the app’s simplicity one of its greatest strengths. It allows me to manage multiple goals effortlessly, with a clear color-coded system that makes tracking intuitive and effective. I also really appreciate the journaling feature, which lets me document each reset with detailed notes. Sometimes, I add extensive comments, which
A3#2327	5	Very good app || Very good and useful. You can put different colours and many addictions or anything to truck
A3#2380	5	ps with motivation when trying to quit a bad habit and generally an efficient way to see how much time has passed from an event in your life. I also like the features of colour coding and deciding which time unit to use (e.g. days, weeks, months etc).
A3#2396	5	helpful || super helpful. i like how you can change the colours of each counter
A3#2477	5	it’s amazing!! || i love this app. whatever you’re trying to best, you can. it counts seconds, minutes, hours, days, weeks, and so on. there’s different colours you can set your goal to, so it’s not boring red or boring green. you can also make it into a widget on your home screen and lock screen!! i’ve been using this for a while, and it’s amazing. i definitely recommend using
A3#2666	5	e a contact form or email address in the app, though I appreciate we all get too many emails as it is. With the widgets now working, it would be good to have a different colour background. I’m mostly only interested in the days since an event which is the core feature as the app name says, however I find very small light grey text on a white background to be barely readable. It
A3#3092	5	several counters running at the same time. I for example have one for alcohol and another for tobacco but you can name them with anything you want and choose a different colour for each. You can change the format from hours, days weeks etc at a single click or look at it in a calendar format where it draws a coloured line through the days. It is pretty basic but really user fri
A3#3414	5	aking it perfect for users of all ages and tech-savviness levels. * Customizable counters: You can create as many counters as you need, each with its own unique name and color. This allows you to track multiple habits simultaneously. * Motivational features: The app provides daily updates on your progress, as well as the ability to add notes to each counter. This can be helpful
A3#4110	5	I love it || Much better than the “I am sober” app. You can make multiple timers for free and you can color code them! I very much recommend :)!
A3#4437	5	 helped me to stick to not smoking and not drinking alcohol for 1 year and 2 months now! And other things ai am tracking as challenges I pose to myself. easy, intuitive, colour coded. Using free version is enough for me - but there’s many more options in a payed subscription that allow you to do complex tracking.
A3#4636	5	The finest at its simplicity || Very straightforward in its design and how it works, love the app. But I wish you guys would make users have their own customized colors by their choice instead of limiting it only to 15
A3#4979	5	so good for free || has unlimited #s of trackers you can set with different color options all for free! one of my underrated apps bc i don’t use it all the time but it’s always there when i need it. 10/10
A3#5035	5	ince [insert bad habit I want to break or at least minimize] as well as good habits that I want to build. The functionality is pretty simple to figure out and I like the color coding options as well.
A3#5162	5	Easy to use and customizable || This app is simple and easy to use. I like that I can use emojis and different colors to customize multiple streak counters. I use it to track my sobriety and find it comforting without being overbearing.
A3#5298	5	Quitting anything || Free app to see your progress, you can use it for more than one thing and color code/title everything it’s awesome. I have used it for since I last drank alcohol, since I deleted social media, when you stop or start doing really anything. It’s great.
A3#5305	5	Very Helpful || This app allows you to keep track of multiple different habits at once. You are able to pick different colors for your habits, have a screen showing the total number of days since you’ve done each, as well as see them all visually on a calendar. Very useful to be able to go look back on your history with various habits. Rewarding to see that day count continue t
A3#5652	5	An amazing tracker app || This app is the greatest, it’s free and you can have multiple trackers with different emojis and colors for organization.
A3#5705	5	b || The app helps me keep track of my habits and how long I’ve gone in between each instance of that habit. The user interface is really nice and simple, and I like the color coded habits. I would recommend the subscription and use the widgets; it’s nice to come across the widget counter of a habit you’ve quit for a while (it gives me a bit of a motivation boost).
A3#5713	5	Great app || Great app. Super helpful, I like how you can customize different colors.
A3#5737	5	Great!! || So simple to use and I like that you can count by different measures (days, weeks, months, etc.). Easy to add multiple different counters and I love color coding them.
A3#5776	5	e highlights are the ability to reset the tracker in retrospect (post facto), see according to minutes, hours, days, etc. the user interface is easy to work with and the color coding helps differentiate the habits so you can have a number of them at the same time. Highly recommend for anyone who wants to put data to their habits.
A3#5837	5	this tool. This app lives in my iPhone dock, and I use it multiple times per day. Pros: Simple, lightweight, beautifully designed, many customization options in terms of colors. It&#39;s basically an app that lets choose a name, time, and date (along with color-coded tiles) for whatever kind of event you create, which the app keeps track of for you. Suggestions for Improvement:
A3#5872	4	pretty good || nice design, straightforward, nice color coding, love how you can change the format. why it isn’t 5 stars is because i wish i could at least have some things they want me to buy
A3#5873	5	how long I’ve been off nicotine and to track various lengths of time off alcohol. Super easy to use, can totally customize your trackers with goals/reminders, or you can color code the trackers if you have multiple. Lots of other tools to help.
A3#5896	5	 of multiple addictions from quitting smoking to doing a sweets fast. I have a friend who uses it for no contact from her toxic exes. It’s a great all, love that you can color code and rearrange your addictions. It helps a person work on self accountability and awareness.
A3#5932	4	ve the simplicity of resetting the tracker when I need to. I enjoy the widget option to see my goal pretty “loudly” on my home screen. I like being able to use different colors per goal. The app also doesn’t make me feel any judgement when resetting which is huge. I think the app is great, thank you devs!
A3#5935	5	Asher’s review || Awesome app. Very simple and straight to the point. The fact that each habit is precisely tracked down to the second AND a different color makes it that much more effective.
A3#5984	5	ounter! || I started using this for quitting a habit, it I have since added other things I want to keep track of. It is very handy and I love that I can assign different colors for each unique thing I’m counting the days on.
A3#6056	5	Now I have a Tracking Habit 😂 || I love this app. I keep track of everything now and I love the color choices to color-code things. Thank you for your hard work!
A3#6157	5	Very helpful || I enjoy how streamlined this app is and how much more user-friendly it is than other apps used to track days since quitting. You can assign a color to the habit you’re deciding to quit and I found that feature to be surprisingly effective and a strategic asset. The calendar feature is also awesome to see how many weeks have gone by. It’s visual dopamine.
A3#6191	5	grateful! || I use this app to keep track of my sobriety date, as well as the sobriety dates of all my friends &amp; sponsees. being able to color code it &amp; label each tracker however I want, makes this app SUPER simple &amp; helpful. ☺︎
A3#6204	5	Goal keeping || As someone with ADHD who tries to keep track of random numbers, this app is so great for helping me to visually maintain my goals—and in different colors!
A3#6317	5	site purpose and it’s perfect || I have ADHD and I just plum forget how much time has passed since i’ve done certain things i oughtta do every day or every week or so. i color-code by intended frequency and category - every day, every week, every 6 months, reliable food i forget that i can easily prep, and hobbies i love. this may not work with me forever, ADHD is novelty based
A3#6410	5	onal || i’ve been using this app for 5 years now and i love the simplicity yet still fun capabilities of the app. my longest streak has been 1792 days. i love that i can color code each thing and it’s been such a great reminder on hard days of my hard work. i’m grateful i found this app.
A3#6533	5	bedding, gave my dog a bath, vacuumed, etc. You could also use it for various steaks like working out, not drinking, etc. it’s a great visual and helpful too, I like the color coding and ability to easily edit. Thanks, devs!
A3#6682	5	Helpful / Motivating || Simple and useful. I like how you can customize the colors for each counter. Helps me keep going with wellness and supports motivation!
A3#6686	5	Great app! || I use it to track multiple things , one of which how long I’ve been growing out my hair. I love that I can choose different colors for each tracker, makes seeing my progress super easy at a glance! Highly recommend!
A3#6748	5	ective || I’ve used plenty of day tracker apps, and this one is by far my favorite. I love that I can break down the time into hours, weeks, months, &amp; years, and can color code each item. User friendly without being spammed by ads.
A3#6759	5	Helpful || I really love this app. It’s simple and effective. I love choosing my own colors and it’s cool to see how far I’ve gotten in these different areas of my life.
A3#6768	5	Just what I needed! || Found this wonderful, and easy to use tool to track my sobriety in the first week. Since then I&#39;ve stopped smoking cigarettes and I am able to color code each track. I recommend this helpful app!
A3#6811	5	r you’ve come! Watching those days tick up is oddly empowering. And if you need to reset it, there’s no guilt-trip in pop-up! It’s easy. It’s customizable too—I love the color coding and being able to use my own labels. I also use it for things I want to do daily, and reset it if I skipped a day.
A3#6900	5	 what I need || The interface is easy to use, resets are easy... there&#39;s nothing that I don&#39;t find intuitive. I use this for bad habit tracking and the different colors are perfect for keeping things separated. It&#39;s never crashed or malfunctioned. Couldn&#39;t be happier with this useful app!
A3#6909	5	Simple and Reliable || I love this app and how I can keep track of my habits, good or bad. Everything is color coded and you can sort by day, week, months, etc. No login or signup required either. It would be cool if there was a separate counter that you could edit so you can keep track of variable tasks that aren&#39;t done every day. The option to pause a counter would be hel
A3#7201	5	nd literally anything quirky like days since I’ve changed my windshield wipers last and how many days since my birth. Super user friendly and customizable with different colors. I really couldn’t ask for much more in a tracker. Thank you guys for creating this!
A3#7234	5	Perfect Sobriety Counter || I ended up purchasing this app to monitor my days sober, and it has been a great app for doing just that. I can customize the colors of my counter, and it&#39;s super easy to use. No annoying ads or banners, just a clean app that does exactly as intended. Highly recommend.
A3#7422	5	Love it! || I’m hyper organized and have many counters going that I check everyday .. I love the color coding , customized titles , and switching between day months years . It is easy enough to reset but not so easy you mistakenly do so . I love checking daily and seeing how far I’ve come with my goals in nutrition and lifestyle .
A3#7492	5	een. When I see the days it makes me proud and shows me I can keep going. I’ve tracked my sugar free days and more. I like how with each tracker I can assign a different color and I can restart it anytime.
A3#7527	5	Best free counter I’ve used || Allows you to set multiple counters with different color options and also give options for different app icons. More options with paid version.
A3#7693	5	ps up with my habits in such a unique style. Not only does it show you how many years, months, days, hours, minutes, and seconds, it also shows you in a calendar that is color coded. It is very simple and easy to use. You can even add widgets to you’re Home Screen. Plus there are NO ADS and it’s COMPLETELY FREE!!! I can’t recommend this app enough.
A3#7700	5	 track of good habits || I really like Days Since. I enjoy the ability to change units of measurement (time), seeing when I reset my counters, when I first started them, color-coding them…basically all the features that make this useful but somehow keep it very simple and easy to use. Sometimes, when resetting, the app gets glitchy. That’s the only complaint I can think of. Day
A3#7723	5	days for anything, this is a great tool for it. i use the basic features and it’s more than enough for me, but it’s really great to have multiple trackers with different colors.
A3#7840	5	ou with achieving your goal. It has helped me so much. I love how it reminds you and tells you to keep on going. This app really motivates you. I also like the different colors. ♥️ I haven’t had any issues with this app so far.
A3#7875	5	this app and am navigating recovery but have found it helpful to not only track my days but also to track for friends and other things alongside it. I’m a big fan of the color coding!
A3#8019	5	Awesome and simple! || I’ve been looking for a simple countdown calculator and this is it!! You can color code and track multiple things Started using for days being alcohol Free and it’s rewarding to watch the number grow! Definitely recommend for an upcoming trip or any milestones you’d like to celebrate
A3#8235	5	it for tracking sobriety, new exercise routines, foods and fasting, time since difficult conversations and the beginning of new lifestyle habits. It’s easy to use, great color coding and pleasant on my eyes. I definitely recommend this app.
A3#8297	5	Solid tracker || Use this to help me stay motivated. Nice that you can color code for different items.
A3#8646	5	Cool app for accountability || Functional, color codes the counters and the reset option is cool if need be.
A3#8650	5	Great tracker! || This app is helping me bring awareness to both my good and bad habits. It is nice to color code everything and visually see my progress. I will continue to use this app and I highly recommend!
A3#8675	5	he free version and truthfully the paid version has more features but you don’t need them if you’re just looking for a nice sleek tracker. Love the ability to switch the colors for different habits tracked and the ability to switch from the view from hours/days/weeks/months/years because I personally just quit smoking and being able to see the hours in the beginning was way mor
A3#8941	5	Great layout, easy to use || This app doesn’t over think its purpose. It tracks multiple things by color coding.
A3#8974	5	Simple and useful || This app is simple and easy to use. I love the optional colors for each counter.
A3#9206	5	It’s great ! || Color coded to easily see headings the app is great to keep track of habits . I also use it as a reminder of things I need to do on a regular basis .. would recommend!!
A3#9342	5	my favorite drink is regular Pepsi. Not good lol. But with this app I can see me meeting my goals. Plus I like the way the app is set up it’s really cool. Oh and you can color code your goals you can even change the app icon color. Good job guys. Thank you so much for the app
A3#9759	5	Exactly what I was looking for || Straightforward and color-coded.
A3#9760	5	rt your counter and see how many times you restarted it. Also, you can keep track of multiple bad habits you’re trying to break with multiple timers. I like that you can color code each timer, also you can change the color of the application to go along with your home screen aesthetic. I usually don’t write reviews for apps, but this app has been helping me a lot!
A3#9900	5	o look at and see your progress, and also not a problem to edit. Thank you for making something I can deal with while trying to quit several different things! I love the color coding, it simplifies when you are just doing a quick look to see where you are in your progress. The monthly view is also really encouraging. Love this app.
A3#10022	5	any ads, and it doesnt restrict features for a subscription. Its simple and yet very helpful. You can set up multiple habits that you want to quit, and itll allow you to color code them and title them whatever you wish. You can even change the app icon and use face id/passcode for privacy purposes! This is a great app!
A3#10036	5	Beautiful, simple, and functional || A lot of thought was put into making this app just smoothly! I love the color coded calendar and the Home Screen widgets!
A3#10339	5	Works great for what I needed || I love the options of different colors and options.
A3#10421	5	 so if you’re not looking for a feature packed app, this is it. The design of the app is so beautiful. It’s very simple to reset the tracker if needed. There’s different colors so you can differentiate between things you’re tracking easier. And my favorite part: the widgets!! I love being able to put a tracker widget on my phone’s home screen. And the widget can display any tim
A3#10548	5	 to the point || Love the app, the feature of being able to just set timers with no hassle and annoying ads. The user experience is great and I love the use of different colours for each habit. Love to see it, love to use it. 💪🏼
A3#10555	5	Great app. Does what it must do! || The app works 100% the way it should work. It should count days since …. It’s easy to reset a timer, colour code certain counts ect. Love!
A3#10614	5	on’t need to do anything besides type in the details on the first day and boom. Absolutely love the user-interface makes everything quick and easy to sort out. Different colors for different things you trying to stay track of and more. I love it.
A31#716	4	Multisensory delight || I chose this app over Streaks because I wanted to track more than 12 habits and because I enjoyed the colour coding and visual experience of the interface. The sound effects also make using the app fun. Two features that I’d love to see: linking to Apple Health sleep data and the ability to “streak freeze” on days when I want to excuse myself from certai
A31#731	5	Awesome tracker || Colour coding, and easily used quick tracking. Whether is a habit that you need to get rid of by tracking how many times a day you do it or something you’re trying to grow in this app does it all really easily.
A31#751	5	Great app, no subscription but expensive purchase. || Couldn’t find a cheap app with a one time pay so it’s alright but i wish it was cheaper. please add more colours for habits such as white, black, grey, et cetera
A31#921	1	| I bought the premium version - the money was taken from my account yet I can not access premium features… one more thing that I am missing is the ability to assign the color grey to my habits…🙄 Maybe this can be added in a future version?
A31#1646	5	How I manage my life! || Love the simple, colour coded design. So simple to use and a great one-off payment app. Love it and recommend it to all my coaching clients :)
A31#1904	5	It’s very cool,guys || I’m really like this app. BUT. Pls add more colors for habits
A31#2063	5	 almost unlimited and I can see reports of how I managed to succeed my habits in the past. A must-have app for productive people. The only comment I can make is that the colours for the habits could be expanded so that people with a lot of habits can choose one individual colour for every single habit. All together a great app.
A31#2510	1	oduct that was incomplete. I really like this app. It works with my ADHD. The app generally works fine, and it’s nice to look at. But, two things I don’t get. First, the color palette where I choose the background for my tasks changed today without warning. My old tasks still appear in the old colors, but I can’t make a new task in the old colors, only in a new, muted palette. 
A31#2605	3	now) *Swiping between dates instead of having to select the calendar *When a habit is edited it goes to the top of the list instead of keeping the same order I had *More colors for habits
A31#3254	3	ths (which I knew because of my longest streak that I can no longer easily see), and it was wonderful, but then it started changing for no reason. They took away the old color scheme, so now I can’t properly color code new tasks without changing to the new muted colors that are much less fun to use. They also took streaks away from the main home screen. It truly feels like they
A31#3302	1	have a bunch of habits you have to keeeeep scrolling though to see what hasn’t been done despite the reminders option it still would be nice to see it upfront. Also it’s color coded and shows bar graphs for each individual tasks… why would there not be one full graph showing which tasks are completed more than others? These just seem like pretty basic features the app is lackin
A31#3330	1	Fix your app! || Fix your app!!! Literally there is only one shade of each color but somehow none of the colors match up when you check them It’s super annoying that any time I make any change to a tasks you change the order of all my tasks! Just leave it how I had it I don’t like how the theme is just dark or day mode. That really isn’t much of an option selection. Also I real
A31#3354	2	 and I don’t appreciate the notifications (not scheduled reminders but notifications on the phone until you mark something complete). The tasks don’t save easily and the color coding system is not logical. I wish I could get my money back. I spent $30 and used it for less than 24 hours. Efff this app.
A31#3484	5	Yes to the Update! || The update is incredible! I love it soooo much! I would like different color theme though with designs! It’s so organized now! For back up, you guys should have Google or like an email so we can have it restored just in case the app doesn’t work and it deletes the data🥺. OMG PLEASE HAVE IT AVAILABLE FOR THE PC AND MAC AND IPADD!!! LIKE I WOULD SO APPRECIAT
A31#4480	5	Helpful with one suggestion || I love how visual everything is. The different colors and sounds per task are also fun twists. I do think that this app helps me stay productive. My only suggestion to the developer: categories. It would be nice to be able to group certain tasks together, which would be revealed once you click that group.
A31#4491	2	enshot of a Home Screen widget, but it’s not actually available. Buggy and erratic. The ‘delete entry’ function doesn’t work. The ‘contact us’ form is buggy and erratic. Color coding is confusing. Habits change colors from white to grey to black, and other shades of a custom color. What this color changing means and how it relates to your progress is not intuitive.
A31#4558	5	ny different habit apps, read habit books, tried journals, etc. This is the only system that I consistently follow. It is so satisfying to mark off each task/habit. I’ve color coded mine, so that I have this beautiful rainbow at the end of the day.
A31#4634	1	ou’re willing to pay $20 for the aesthetic. The app is simple, clean and easy to set up habits and alarms. The font is a bit small but that’s also just a preference. The color coding is a nice touch and helps everything appear organized. Overall this app looks like it would work well and be helpful to a lot of people, myself included. You just really need to look past the yearl
A31#4830	5	lready love it! It has a super clean layout and straightforward features for ensuring you’re achieving your most important goals daily, weekly, monthly, and even yearly! Color code and group your habits by type and even add emojis in the descriptions 😍🏆And it allows you to track habits that you want to get rid of. Download todayyy. (Via GlobalBridgeConsultancy.com)
A31#4861	5	 never would have thought it would work this well. Its free, theres so hurt trying it. But in order for it to work, YOU HAVE TO TRY and be ready to change your life. The colors are so cute the only thing is I wish there were more colors to choose from. Like one of those color palettes that have every single color lol
A31#4962	5	LOVE IT || I love how you can break each item into smaller steps. Seeing incremental progress is mentally motivating. Add color coding and showing motivational notes right there on the progress bar, plus the counting and repeat features, and you’ve got a great To Do List, not just a habit tracker. I highly recommend this app.
A31#4977	5	rello is the best task and project app I’ve used. It’s easy to use, visually driven and I was hooked right away. This app succeeds the same way. Easy to build a goal and color code it. Easy to check it off. I’ve used it effortlessly for 3 weeks now. The streak aspect drives me to get them done. Whether 6 cups of water per day or thanking 2 people, I’m making it happen. Give it 
A31#5015	5	ee all of my goals on one screen and to track my performance. There are plenty of options to customize the app based on how you need it to work for you. Plus, I love the color coding!
A31#5021	5	 definitely made them easier to keep up with, and just a little more rewarding when I achieved them. On top of all that, the app is absolutely gorgeous. You can assign a color to each goal, all of which are vibrant and pleasing. The app has a sleek, minimal interface that’s attractive but not distracting or confusing. I would 100% recommend the Done app for any goals or habit t
A31#5069	5	you to track daily goals and habits. I love that it shows a streak for how long you have been able maintain your goals and habits. It&#39;s super easy to use and you can color code it if your a Type A personality like me 😊
A33#2101	5	0 won for the investment for me is not a waste at all. 건의 : 습관마다 다른 색을 설정하고 싶습니다. 습관은 모두 같은 파란색이기 때문에 너무 혼란 스럽습니다. Suggestions : I would like to be able to set different colors for each habit. The habits are too confusing because they are all the same blue.
A33#2115	5	color please! || First, I&#39;m sorry for my poor English. This app is a really good app and I have a few suggestions. 1. I hope the widget will reflect the progress without delay. 2. I wish I could choose different colors for each habit, not blue. 3. I hope the widget will appear and change for a week from Sunday to Monday. Thank you for developing! ☺️
A33#3039	5	One of The Best || I love this one, I am so close purchase it, however it needs more color options, design is sleek but lack of colours makes it dull looking app.. like different color options for background, text color, each habit, etc..
A33#3273	4	Mostly like it ❤️ || I needed something to track my walking as a visual reference. I enjoy the progress report. I wish that my daily habit showed in a different color once completed because many times I get confused on whether or not I checked off my habit that day or not. I find that the strikethrough is not visually a strong enough immediate indication of completion. I don&#3
A33#3614	4	rom giving the full 5 stars, however, is the lack of a few key functions I’d like to see: a) The ability to sort habits. It’d be great to be able to categorize habits by color and keep them better organized, and I know many other habit tracking apps come with this feature. b) More options for recurring habits. At the moment, it is only possible to set habits to repeat on certai
A33#3638	4	ad (rather than the zoomed view on iPad which I don’t like), syncs nicely, and just appeals to me aesthetically more than the others I’ve tried. I don’t mind the lack of color coding, I usually find that to be kind of annoying/not useful. My only qualm at the moment is that some of my habits only need to be completed a certain number of times per week or once per week, but it o
A33#3655	4	love the ease of scrolling through the history and easily seeing days habit was completed or not. The only reason for one star off - I wish there was a way to change the color of tasks so that I can group them together and easily see that grouping. Seeing just blue everywhere is not as interesting and it makes would be so much easier to gauge the day seeing all health habits in
A34#138	4	. It‘s a little sad to see everything unchecked at the start of every week. An option to skip days might also be nice. One last thing, please add a field to put in a hex color code when changing colors, it‘s a pain to match color for two habits.
A34#373	5	t tracker! apart from having to pay for a membership to list more than 2 habits, i say it’s worth it! the interface is so easy + i love that you’re able to pick your own colour down to the specific code. it really tickles the brain seeing my daily habits ticked off in 1 calendar
A34#473	3	Not for me || I personally do not like this type of tracker, and there are some features I think should be free, like different colors.
A34#539	5	I appreciate it so far || I specifically looked up habit trackers with widgets for my home screen. I chose this one because it separates my goals, color codes them, and the streaks are a nice touch. The small things like color and background, can really help someone feel more focused.
A34#590	5	Great Motivator || I purchased this app a few months ago and I love it! I like being able to create my own colors, and customize the label color for multiple habits according to groups, ie all “household” items get a color; “pets” have a different color, etc. It’s very user-friendly and I’m not very tech savvy. I also appreciate being able to track my progress by the year or by
A36#415	4	ss. You can set up reminders at a certain time to help you remember your goals. The only downside is you have to purchase a subscription to use the widgets and different colors, but the subscription is $15/yr if you want to use just the !Habits app, which is not too steep.
A4#874	5	Me+ Review || This is a great app to use to organise your daily routine. It’s amazing and has heaps of options, you can add tasks and make them different colours, you can also add them for just one day, every day, once a week or once every 1,2,3 etc weeks! I highly recommend this app 🤩
A4#1210	4	 many times you would like to achieve this habit in a month. But maybe that’s just me? I ended up deleting everything and starting from scratch, creating my own tags and colours and habits. The app glitched ALOT during this and I kept having to close and re-open, but I got there in the end :) It’s great being able to tick things off. Although, I don’t understand why my day on t
A4#2301	5	’t find it lol) -More health tasks in the top as well as water (protein intake, carbs, steps), would love to see all of my goals in one app to keep me on track lol -More colours for tasks (maybe a colour wheel so people can make their own)/making cute themes available for tasks so it can be more aesthetic -More emojis for tasks (there’s a lot of food and not a lot of cleaning s
A4#2487	5	 because I have ADD || This app is amazing and would recommend if you struggle with getting things done and not being focused. Updates that I would like: Create your own colours with a colour wheel for the tasks. Being able to delete tasks
A4#2490	5	5 stars || This app changed my life. Please download it if you’re having a hard time in life. This app helped me to schedule my days, using time stamps, categories, and color coding them! You can also track how much water you drink each day, track your mood and much more. Me+ has saved me. Thank you. 10/10 would recommend!
A4#2646	5	Love it! Easy and fun to use. Also helps with ADHD || (Disclaimer: English isn’t my first language) It is so easy and fun to write down the tasks. The app is very colourful and you can choose different colours for different tasks. The app has a variety of colours that you can choose from. When you write the task, there’s also an emoji at the top. There is a variety of emoji’s y
A4#3175	3	It’s okay but can’t fully customize to my needs || I decided to just buy premium because $25/year wasn’t too bad. I love that I can colour code tasks, as well as add my own and customize tasks. But I do wish I could add tasks for just one day, and not have that repeat. As well as to be able to delete one task, especially a repeating task for one day if something comes up and ch
A4#6043	5	enjoying the app || i downloaded this app on an impulse and have really enjoyed using it. i find it really easy to use and i really like the layout and options for colour coding things. i like that a lot of the app is free to use, it makes me more likely to explore the payed options. i am also a big fan of the emotional checkin option and have loved exploring the meditation aud
A4#6511	5	Life changing || I love this app and how it has colour coded tasks and a good prize for a year icl I love it so thank you😍❤️
A4#9810	1	pers). Pros: - multiple small to-dos in one bigger panel (for example morning routine can be broke down on brushing teeth etc) - nice personal touch on emojis - multiple color coding options - tags to organize it better (Virgos are shaking rn) Cons: - no free trials - predecided to dos in challenges - only yearly billing option
A4#12917	5	 things, but I forget things easily and this is helpful. But the diamonds have disappeared and I have been saving them all to get a wallpaper like it said. Also ADD MORE COLORS!!! I get bored of using the same pastel colors it’s very boring and starting to get plain, I want different colors, bright and/or dark colors!!!!
A4#13053	1	Not helpful || So just got it but the long intro you can’t skip is an ick. Then the coloring page doesn’t let you pick your own colors so what’s the point. And then I was trying to schedule to do things during specific time slots (the whole point i downloaded) and it wouldn’t update so.
A4#13320	3	consciously go in and change our schedules for outside reasons; that&#39;s not really procrastinating). The other functions work fine and I like all the little icons and color coding. The app has helped me stay organized and encouraged to stay on schedule, but the little notifications are so annoying that I may just go back to using the Apple calendar and checklists as reminder
A4#14374	5	This app is amazing! || I love this app! It’s absolutely amazing and it really helps me to get my stiff done. My favorite features are that you can color code your tasks and change the app icon which is SO cool!!! Another one of my favorite features is that you can add subtasks! This app is so amazing and keep up the great work! Thanks for reading and have a great day/night whe
A4#15530	5	mers and it reminds me to not stay out late and come home to do my end of the night things. This motivates me in the morning to do my morning things. Having the tags and color coded really helps me. I made a tag for baby things and it helps me to get things done every day so I don’t get overwhelmed. Another great thing is the sounds and meditation. When my 6 wk old is needed me
A4#15718	3	add tasks indavidually or have them repeat daily, weekly or monthly. 2. You can have reminders and even pre-reminders on each task 3. You get to name each task, assign a color and an emoji 4. There are sub tasks within each tasks as well as tags for grouping all of the same things. I.E. you want to only see all your workout tasks or doctor appoints etc. 5. You can widgets for o
A4#16354	4	ame because it tracks everything that I need going to bed on time eating breakfast I just love this game and I hope you do too it has cool features you can put different colors on it when you write the letter like do something just makes it so fun for you to do
A4#16416	4	r Sunday, but it just doesn’t have the option to do that, so I literally just have to lie and check it off on Sundays without having done anything. 2. I like to have the colors of my tasks in rainbow order because literally everything on my phone is rainbow b/c that’s just the aesthetic I like. But when I want to add a new task that isn’t at the end of the list, I have to go ba
A4#16915	1	s because I&#39;m almost 30, but this seems irrelevant towards a healthy lifestyle and frankly a turn off. Maybe I&#39;m not the audience for this app. All the different colors and fonts were also distracting.
A4#17306	5	Awesome app! Question! || I absolutely love this app. It’s easy to operate and the color coding is nice. I love the gentle reminders you get too. I am becoming more organized and I feel less stressed when I’m using it. I was wondering if you have family plans? My husband is interested in the app, but both of us paying for it is a lot, especially since his job keeps him gone a l
A4#17502	3	PLEASE FIX THIS || This app is amazing. I love how it’s color coded and how I can easily rearrange my tasks for the day. I also love how it tracks your habits as it holds me accountable to complete them. However, as someone with ADHD and anxiety, there are a few things that bother me that I wish could be fixed! As this app claims to specially be made for these issues, and costs
A4#17957	5	great feedback, great app for people who procrastinate things || this is a very pleasing app to use because it is color coded and i am a sucker for things like that. this app is an amazing app if you want to have daily tasks everyday, i have never been more productive since i got this app it motivates me everyday to get my tasks done. i love how you can customize your daily to 
A4#19326	1	Be careful with "free trial" and "spin for sales" || I&#39;m glad that the people who like this app do, but it definitely is not for me. I like you can color code (I&#39;m a nerd) but the color palette is limited and some colors are very close upon first glance. Making checklists and routines should be easier, especially since this is marketed towards those of us with adhd. Maj
A41#715	5	lude a mix of baseline habits, tracked dietary needs, and other positive activities. I only have two (minor) complaints: - You can seemingly only change the primary ring color by changing the app to mono. Can we please set the primary ring color separately? - Similarly, you can’t set colors on lists, so you have to manage lists and colors separately. List colors, still separate
A43#12	5	Best habit tracker out.. almost || Love everything about it, however would like to make just one suggestion. I found out recently that colours add incentive to using phones and apps and I personally love seeing the full spectrum (or as much as my phone allows) of vibrant colours in apps. Makes it more enjoyable to use tbh. I feel that if customisation of colours for each habit 
A43#74	5	multiple timers (e.g. for workouts, or to be reminded several times a day). The only downside for me is the design. It’s a matter of taste of course, but I’d prefer more color and the option to have a cleaner look with less text in the habit list. Presently I’m using other habit trackers that have fewer features but are more visually appealing to me. Wish list: • More colorful 
A43#187	3	Habithub || Plan your eveyday schedules and task, with color coded rows.
A43#304	3	Great idea and like app but not intuitive || Like this app overall especially the color coded system (red,yellow,green) which at a glance let’s me know where I need to step things up. However, I find the lack of set up instructions and lack of FAQ maddening. I have spent lots of time on trial and error when most apps provide such info up front. I have had to contact support twi
A43#473	5	o understand with very simple design || I always forget to take my vitamins and do my daily chores on time. The nagging reminders and the time based main screen with the color coded items should make me very productive and motivate me to complete. Look forward to using this app for my daily habits. Love the simplicity and ease of use. The circle stats look very inspiring and Ch
A43#508	4	th a timer and she handles each action and taps done. Working great. But I need a couple more things please. She understands the red yellow green lines, but I need those colors to show up on the timer screen. I need the color code to let her know if she’s behind or on track for the overall routine. She’s staying on track with each individual item, not realizing she’s getting be
A43#545	5	to use in helping with new and good habits. Excellent app for those who want to perform habits in timely manner. Love the new interactive habit strength graph. Excellent Color coding screen based on time motivates you at any time.. very cool! Reminders are excellent in nudging me to perform. Simply the best app for anyone who is serious about forming good habits for positive re
A43#563	5	Impressed! || I&#39;ve tried a couple of other task trackers, but this is by far my favorite! It is very easy to use and the color coding is not only helpful but attractive. I would definitely recommend this to my friends.
A46#33	5	I’ve used a lot of them. I bought the lifelong subscription I like it so much. It makes me feel like a winner as it tallies all my successes at the top of each page. The color coding is motivating and the ability to schedule which days to do what and have allowed skips to keep your streak is smart as it’s dealing with real people with real lives. It’s easy to use on my iPad, iP
A46#489	5	 and would like to be able to tinker with how the ‘skip’ looks to make it more like the original app. I am not a big fan of the triangle and would rather have a separate colour for skipped days. In general recommended tho. This concept of seeing a past week of checked boxes works like a wonder for me and might for you as well.
A46#872	5	Fun, simple, esthetic app || I like this app. It’s simple. Super simple…. Fun animations. Nice color coded way to keep track of habits. I just wish it had more features to justify the yearly price.
A46#936	5	Best habit tracker app on the appstore || After looking for so many years , i have finally found the best habit tracker app. The heatmap style colors for habit which progresses becomes darker is really aesthetic and pretty to look at. The reminder mechanism is also really neat. Kudos to the devs
A46#946	5	Love the app || Love the app. However if you have the provision to create habit categories and colour code them as per categories would be great
A46#1501	5	the heat-map is rewarding. I love the journal which I use to track any obstacles to my habits as well as what to improve .The tips are useful too- taught me how to apply color coded habit stacking. The new habit folder feature is - chef’s kiss
A46#1575	5	Worth It || The free version allows up to three tasks, but I have the paid version and I love it. The color coding on top of being able to see exactly where you in terms of meeting goals and streaks tickle my brain in the best way.
A46#1611	5	track how frequently im doing certain activities - no fluff, commercials, extra rewards, etc and this app does just that. I can track, control expected frequency, define color per activity, and review frequency for months at a time in one quick view. I can add and remove habits easily :) best yet is the widget for a quick view of my top 3 habits to keep them fresh on my mind wh
A46#1618	5	Love! Wish I could pick colors though || This is the best habit tracking app!! I just wish they would let us choose our own colors. The colors options are not aesthetically pleasing together as a color scheme.
A46#1670	5	straightforward, beautifully designed interface for tracking your habits. You can set a time for each habit, or you can forego that option. And you can use their awesome color-coding system to categorize visually the different kinds of habits you want to tackle. For instance, for the bad habits I want to say I was able successfully to avoid, I use a forbidding RED. But for habi
A46#1693	4	It’s okay || It does its job but I’d like to see more options to color code my tasks. The options are minimal and there should be more.
A46#1694	5	Really great app. I enjoyed the visual of completing my tasks. || I’ve been doing this as a trial, and I have to say it’s a really good app. Color coding things, and being able to add and subtract tasks and goals easily and seen the percentage completed really was motivating to me.
A46#1695	5	Everyday habit || Tremendous. I&#39;m actually changing habits with it. Somehow the filling in having done my habit with colors works.
A46#1784	5	Day 1 || This app is so easy to set up and so pleasing to the eye. My only request is that you have more color options someday. My entire life is based on color coding. Pastels, all the rainbow colors and dark gem colors would be fantastic. Overall I think this app will force me to get better everyday because I want to see the color grids on my screen. Thank you for making an e
A46#1925	4	ve a large widget of everything I’m tracking on my home page and people who are looking at my screen with me always - always! - ask what the app is because the cascading colors look so cool. This app has helped me better my mental health and executive function and also is just fun to use. I’m tracking 21 habits now. A couple asks for the developer: I would love very much to hav
A46#2000	5	s || I’ve tried every habit building app available including Fabulous and Done. Those were either overly and unnecessarily complicated (and expensive) or too simple. The color coding is easy to read and see where you can use improvement and if you miss a day you don’t need to start over. Yay no app-judgement to deal with! It’s important to have consistency and encouragement whe
A47#480	5	ku da sai || Instead of choosing a picture from my photos, I think it would be much better to take a picture directly when you add each color dot.
A48#988	4	 So when it reminds you to drink water - you can add, because my doctor told me! It would be better though if different types of tagged items were displayed in different colours, with the option of grouping them together. I see the list can be reordered but a group function would be better. It could also do with some clearer instructions as it took me a few goes to set up a tag
A48#1409	5	The Best Goal Tracking App || Love it. Been using this app for a couple of years. Simple, yet super complete. The Only thing is that I would suggest to use some colors to categorize tags/goal types, and show better graphics or more detailed graphics of progress tendency. Everything else is great.
A48#1944	4	Colors || It would be nice if we could color code the tasks based on the tags.
A48#2571	4	Functionally Fantastic but needs more aesthetic appeal || I really enjoy this app and the compatibility with the Apple Watch is fantastic. I just with I could assign a color coding system vice a ‘tag.’ Along the same vein. I’d love to be able to look at a specific ‘tag’ to review progress and/or, the ability to look at future day requirements. That way I could plan my next day/
A48#2834	5	Productive anyway. This app is simple to use. They also want your feed back and respond about ways to make it better. I only wish you could customize different habits by colors. I believe that is something they are already looking into. Overall I would highly recommend this app to anyone!
A48#3496	5	Great App use everyday 👍🏻 || Finally fixed the monthly habit colour for the calendar 👍🏻 Give you guys a big Thumb Up for that!!!
A5#2034	1	Pale skin is default for emojis || Huge turn off for myself and others who have tan skin. This app does not let you change skin colour of the emojis either. In other apps you can long press hold to swap emojis out for a different skin colour and that’s not an option here. This is why apps use the default yellow skin versus pale Caucasian skin. While it’s not great that is more 
A50#21	5	Free, simple and it works! || I love everything. The streaks. The color code you can make. The reminders. It’s simple and most importantly, free! I’m on a 40 day streak on all my habits!
A50#56	4	Editing notes of frustrating on my phone || Great app, not over complicated, loving the layout, colour coding system, dark mode, reminders. Although, I do have one bug to currently when taking notes there is a bit of a bug, every time I go to select a position for my cursor by tapping the screen, the keyboard comes up in front of the text so I can’t see where I am typing! I the
A50#110	5	I’ve read more in 10 days than I have in 10 years || I imagine this app isn’t for everyone but from the color coding to the tracking capabilities- this app was made for someone like me and the customization gets better with experimentation. Highly recommend
A50#150	4	Great! || Love this app! Love being above to see the weekly and monthly tracking. Only wish, is that “skipped” days showed up in a different color on the tracker, so when looking back instead of thinking I skipped the habit that day, they was a reason I didnt/couldn’t do it that day.
A52#20366	5	ABLE!! 🌈🌈🌈💕✨ This app is wonderful! I adore the minimal interface and the cute habit icons (I really appreciate apps that allow me to personalize things — especially the color of each habit! 💕). I am also very appreciative of the ability to create habit stacks, customization of “context” for each habit (ie: after rise, morning, afternoon) and to choose a check-off sound for hab
A52#20545	5	fantastic app || yesterday on october 1, I had purchased the yearly subscription. its only $4.99 yearly. you can have unlimited habits, over 300 more icons, have every color, no ads &amp; more. i was watching lana blakely and she motivated me to be productive. so i did have this app before, but never purchased it. i was able to input all my habits and now i want to buy the whol
A53#1460	2	 can’t it only gets 2. It’s not a bad app but it’s just not for me. The 2.5 stars also takes into consideration the cost of the app. I do like that I have the ability to color code and add cute icons but it doesn’t give me the kind of overview I was looking for.
A55#313	5	Great app to keep you motivated! || It is easy to setup your habits, I love that you can colour code each one, and the annoying notifications keep you motivated to get your stuff done!
A55#1153	5	changing. Habits I want to instill and those I want to eliminate are more in my mind as I go through my Habit Bull list each day. Like the way I can customize (mine is a color-coding brain). So far, very pleased with this personal development tool. Thank you!
A55#1453	4	es the app will quit over and over if I try to edit a habit but for the most part it&#39;s been pretty perfect for my needs. It&#39;s fun to use and I love that it&#39;s color-coded.
A55#1516	5	racker! || If you want to change your life for the better, make your goals and get this app. I tired many habit trackers, this was by far the best! Totally customizable, color coding, as simple or detailed as you want. Beautiful and simple design, easy to use. Free to try and if you want to go pro it’s only $4.99 to unlock pro forever (many similar apps have monthly memberships
A55#1808	5	Everything you want || You have have a bunch of different habits going at once, you can color code them, you can set reminders for different parts of the day, you can make a goal like &#34;work out four times in a week&#34;. It looks good, it&#39;s easy to use, it&#39;s helpful.
A55#1851	5	ne time fee of $4 and you can add as many habits as you would like. Even without premium, you can add up to 5. The only thing I wish the app would provide are a few more colors to color code the habits. Other than that, it&#39;s definitely helping to keep me on track
A57#45	5	 easy way to quickly stamp in your daily stamps and the notification reminders are customisable, so you only get reminded about what you want. And the option to edit the colour of stamps is great for a person who enjoys colour coding!
A57#723	5	3 apps. I have been tracking and making habits since January and it has been well worth the premium purchase (even while one of the widgets were under construction). The color coding and the variety of views has been amazingly functional for my ADHD. Thank you!
A57#740	1	Widget problems! || I purchased the premium version of this app so that I could have a color-coded to-do list on my Home Screen. It works for the most part, but I can’t ORDER the tasks on the widget! Even if I order them inside the app, the widget displays the tasks randomly and it’s annoying. I’d like his but fixed or a refund.
A58#12	5	Suggestions || Themes options for more stuff like book rating weather rating day rating emotions like anxious nervous mad sad stuff like that with cute colours like green sage colour light blue pink and themes like space cherry blossom ocean with different shades colours and options for disigns and you could mismatch with cool details and nice options like cherry blossom theme 
A59#122	4	Clean intuitive design || Love the aesthetic. Great to be able to colour code stuff as well as customise the type of habit, routine you are planning. Have yet to fully explore it’s potential but am happily receiving and checking off alerts to remind me that action is the basis of real change.
A59#1778	5	One request and a question || Really love the app, the ability to make lists of lists, categorize, and colour code (I’m a fan of the colours !) Habit tracker is amazing. Super aesthetic, sleek, intuitive. Well thought - through down to the tiniest details. Best tracking/listing app I’ve used. + lifelong subscription if you love it as much as I do. Just a few small points of imp
A59#1919	4	lendar events of selected calendars also appeared in the widget. “All-in-one” widget would actually be all-in-one with this as it’s currently missing the calendar Events colour-coded by calendar so that i can separate e.g my work events from my personal ones Events can be marked as complete like tasks. This would be particularly useful for all day events like birthdays where i 
A59#12243	5	Color of tasks || Can you make the color of tasks more visible then a thin line around a check-square? All my categories are merging in my eyes
A59#14807	5	ged to stick with the longest. It’s only as complicated and it needs to be, and does all the basics. The developers are also responsive to bug reports. I like that I can color code all my lists/categories, set recurring reminders. You can choose to show a category on the main screen or, not which is great for random lists that aren’t urgent.
A59#14937	4	Simple, easy, super helpful! Just a few suggestions || Wish the calendar view was displayed with blocks and color coded tabs along with the list view. Sub folders for lists would also be helpful :) More colored theme and font options would also be nice! A default strike-thru function for tasks marked done would also be helpful since the lowered opacity isn&#39;t enough to notic
A59#14939	5	I tried so many apps before this. || I’ve only had this a week and love it. Easy to see all at once my today, tomorrow, and whenever tasks, can color code by type of task, and I can track my daily habits. I’d been using google keep and this is way more user friendly and tracks data. I tried 10 productivity apps and hated them all. This also has a simple and clean look I wanted.
A59#14994	5	 tried numerous apps and I ultimately chose this one because of the design. It’s easy to reorganize the lists. I love how you can categorize your tasks and everything is color coded. I bought the lifetime feature of the recurring events because I find it handy. It’s easy on the eyes. I think the developers did an awesome job
A59#15009	5	 lifesaver || I have ADHD, so staying on track and getting things done is often a struggle, but now I’ve established a routine, and being able to check tasks off and use color coding really helps. If I had to make any suggestions for improvement, it would be to add more color choices, the option to not color code, and a section just for notes.
A59#15049	5	the list of things one must do.) And it divides things between Tasks and Habits. And they are presented to you on a Today, Tomorrow, This Week and Later Home Screen. All color-coded and logically arranged. The only very small downside I have found so far, is that I sometimes want to add a task I have already done and would like to keep notes associated with it. It will let me a
A68#4308	4	e headers are currently smaller than the habits below them. It would also make it more user friendly if the Morning/Afternoon/Evening Routine headers were in a different color instead of everything blending together. Other than that, great app.
A69#66	5	 you want for free. It does what you want it do, track habits, and allows lots of flexibility in how you track; daily, weekly, 3 times per week, etc… I like that you can color code and order the habits. I order for morning til nighttime. You can also have habits disappear off your list once completed. Of all the apps I tried this has the best options for tracking habits you do 
A7#455	5	ker ever! || I’ve tried a bunch of habit trackers (both free &amp; paid). While most of them were decent, this one is a LITERAL HIDDEN GEM! The best part of Habitkit: 1. Colour coded grid view (single best feature of this app) 2. Simplicity to the max 3. Unlimited trackable habits (pro only tho) 4. Monthly trend view 5. Total completions, Best &amp; current streak 6. Super clea
A7#633	5	Lovely app, direct to the point || I was looking for a smooth habit tracker app and I’m so glad I found HabitKit! I love to see all the different colors, layouts are visually appealing to me. I don’t enjoy seeing symbols, I prefer colors and this app has options to see a longer period of time. I use it daily and loving it since✨
A7#748	4	r heatmap chart. But this goes beyond my initial idea and also has step counts/tiered counting. Moreover, the ease of completing a task with a tap, setting of reminders, color coding and the availability to switch between three different views is exactly what I needed. This is way better than todoist, it is simple and intuitive. Most other apps have a lot of clutter and have to
A7#779	4	Needs more color options || Nearly perfect…Would gladly pay for pro or lifetime if it meant I could choose custom colors for habits. As I use widgets to help me stay on track, I need an app that will fit with the color scheme of my background. Unfortunately this is not that app.
A7#865	5	. The tile-based grid charts make it super easy to visualize my progress, and the customization options for the dashboard are a great touch. The ability to choose my own colors, icons, and descriptions really helps me to personalize the app to my own needs and goals. One of the things I love most about HabitKit is the motivation it provides. Seeing the tiles on my dashboard fil
A7#866	5	. The tile-based grid charts make it super easy to visualize my progress, and the customization options for the dashboard are a great touch. The ability to choose my own colors, icons, and descriptions really helps me to personalize the app to my own needs and goals. One of the things I love most about HabitKit is the motivation it provides. Seeing the tiles on my dashboard fil
A76#116	5	Easy to use || A very user friendly app. Offers several ways of viewing progress and is colour coded. Free accounts have sufficient scope to still make it worthwhile.
A76#186	5	ar. It&#39;s contributing to me getting up early, following a slow carb diet and getting 8 hours of sleep every night. Each week I try for more greens than last week (it color codes red for bad green for good). Couldn&#39;t say enough good things about this app. I was referred by Kevin Rose - thanks Kevin! @MichaelPullman
A76#326	4	Great app. || Great app for keeping track of your progress with color coded charts. This data is then put into a graph for ease of progress understanding. I have acquired many habits using it already. Perhaps the only down side is that it lacks a clearer calendar for keeping track of days and dates. However, highly recommended.
A76#584	4	s with just a few taps. Whether it&#39;s building new healthy habits or breaking old ones, Way of Life has empowered me to be more accountable and consistent. The unique color-coded system and the ability to see long-term trends are particularly motivating, pushing me to stay on track. However, there&#39;s one feature I find myself wishing for - the ability to collaborate and s
A76#800	5	Nice colour coding || I wish we could set goals too.
A76#905	5	AMAZING! || I love this app! It is heaven for check list lovers! It&#39;s easy and straight forward and the color coding is super helpful. I love the notes section for tracking thoughts each day. I would highly recommend!!
A76#2259	5	Very easy to use || Very easy to use and simple green &amp; red Makes is very visually aware. Improvement suggestions. Either use different shades of colors Of say: green so one can choose deeper Colors for best performance. So example NO DAIRY a bit of milk in Coffee would qualify for a lighter green But NO dairy would get deep green. Or you can simply use 1..10 and if one wis
A76#2530	5	aily repeating tasks. I love the month view grid, as so much information is conveyed in such little space. Only small change I would like to see is ability to set my own colours for the grid. But overall I absolutely love the app, and already am living a more balanced life since using it. So extremely practical app. Thanks to the author.
A76#2655	5	HIGHLY Recommended! || What a beautiful app. The simplicity of it is what makes it beautiful. The colour code using green and red to mark whether you did or did not complete your goal. And grey to represent a skipped day. For example. You were sick that day and you couldn&#39;t make it to the gym. You don&#39;t have to feel bad by giving yourself a red box. Because it&#39;s not
A76#3714	5	Love it! || I’m a visual person. The way they do the color coding system and visual reports won me over. Plus the ability to set tags. :)
A76#4397	4	Useful app || Very useful app in tracking ur desired behaviors to reach ur goals. Will be best if app allows u to color code different behaviors as part of different areas eg relationships or health, so it&#39;s clearly seen, and also sync across devices real time (currently it&#39;s based on drop box). Users may want to limit certain activities to particular days eg volunteer 
A76#4693	5	and adjust. The most important thing for me is being able to check in and check off those thing I want to track. If there were any improvement it would be to pick my own color schemes. Still this isn&#39;t stopping me from giving it 5 stars. There aren&#39;t many apps that I&#39;ve used daily for this long and it does exactly what it says. As I&#39;m writing this I just thought
A76#6238	5	Effective in its Simplicity || I was very pleasantly surprised at how effectively this app worked at keeping one&#39;s daily habits/goals tracked and logged. The color coding idea is quite simple yet this simplicity is perfectly honed to the apps function. The user interface and buttons could be more intuitive, but this is a minor issue.
A76#6370	5	Great app || I just started using this app to help me be more productive. I can say that already I&#39;ve seen improvements in my daily routines. Also the color coding system allows for a quick and easy visual reference for how I&#39;m doing. I hate having to put red days!
A76#6688	4	Missing previous element || The color-coding helps put a visual to your progress. I do miss the summary though, how it would tell you per habit the total amount of times you did hit your goal and then would generate a pie chart.
A76#7062	5	easy to use, nice features || Simple to set up. No need to be online or register for anything. Color coding is sensitive to which habits are &#34;good&#34; or &#34;bad.&#34; Tried a few trackers and this was simplest to set up with nicest display options.
A8#9	5	Best App to track your Habits || It’s free, beautifully minimalistic, and lets you assign different colors to your habits. Best Thing: no ads!!!! That’s crazy! Thank you so much for your work!
A8#33	4	More colours / widgets || App seems pretty cool &amp; easy to use so far but I would love more colour options for the habits (or better widget options). I always have my habits as widgets on my Home Screen to remember to do them better and have my background and everything a running theme and as much as I tried to make the green habit colour work with everything it kinda looks 
A8#653	4	Please add ability to change color after habit is set! || This app is great for building habits, and I love how adding more than one isn’t gated by a paywall—but please add the ability to change the habit color after you set it! Otherwise, very satisfied with the app.
A8#755	4	et for yourself was visible from the main list, without having to click on the task to compare your target number of days to your actual progress. Or, better yet, if the colored rectangle served as a progress bar so you could see at a glance which goals you were closer/further from meeting. I found some decent workarounds though, using color-coding and the “define a smallest un
A85#68	5	ou can connect with others and work together to finish your to-do’s, dailies, and habits. It’s so motivational! The only change I’d like to make though, is being able to colour code or “file” your tasks. I would like to be able to do this so I can see which ones are to do at what time. I already have them set up so that they are in the order I want to do them, but I’d like to b
A85#91	5	detail such as reminders in multiple times during the day (morning, afternoon, night). Or needing to be reminded a few hours, days or minutes before a task. 3. Option to colour code tasks when they’re created. 4. Option to add custom tags. Bugs: 1. The Character inside the Profile Picture is a little off-centre 2. Slide bar to delete tasks take too long to delete the task, or l
A85#180	2	Personalization || Just downloaded and even though I’m enjoying, the fact that we can’t choose different colors for each task/habit is terrible for me (specially since the main color is yellow). I’ll try to use it but not likely to continue bc of this.
A85#439	3	doing that task. Just a simple line under each task showing the days of the month that you finished the task. Definitely add what day it is!! And one more complaint, the color codes are confusing and not motivational, but distracting. How is anyone supposed to remember what color is for what and it is just visually unpleasant, especially for someone who is scattered brained mos
A85#753	4	Great App! || Really helpful and fun, but I like using dark mode, and it would be awesome if the task colors weren‘t toned down. I also prefer the way the app is structured on Android.
A85#993	3	. Marking tasks and habits as done is weirdly inconsistent, especially after first opening the app. Some habits might register as being done twice and others not at all. Colour-coding of activities seems wrong sometimes (why is a habit I’ve not done showing green?). And repeating (e.g. weekly) tasks missed are inconsistent as to whether they stay showing as due the next day. No
A85#1094	4	Amazing, the perfect app || The only thing that would make this better is being able to colour code the tasks, as I rely heavily on colour coding to wrap my head around what I have to do. If this was a feature, I&#39;d heavily consider subscribing
A85#2137	3	Awesome app with some flaws || Excellent app, I enjoy using it all the time. It color codes your habits and daily tasks to let you know which are no being done. The gamification is a unique feature but it lacks incentives to want you to complete your habits. If there were benefits of having certain pets and mounts it would have been cool. Also there is a lack of quests and rewa
A85#2147	2	Small issues make my brain hate it || Can’t color code anything due to the colors meaning something else in the app, and the character customization is so limiting. Both of these combined is an instant deterrent from an app I really want to use.
A85#2219	4	very good, and keeps you coming back. Other apps I get bored with, and few work to keep motivation so they dissolve quickly. The best part of the app to me is Task Value color coding. Just because I do something I need to do daily/weekly once doesn’t make me successful. I like that as I improve (example write recap email daily) the color goes up. If I start skipping or slacking
A85#2583	3	to make concessions for a killer concept. The problem? Habitica&#39;s brilliant game-ified approach to the to-do list is hindered by its actual to-do list mechanics. • A color-coded category system for home, work, etc (like is standard in most to-do apps)? Sorry, Habitica already uses colors for its &#34;task value&#34; mechanic. And no categories, just a rudimentary tag system
A85#3333	5	Really love Habitica || This is hands down my favorite app for habit building. It is more effective than any other I&#39;ve used. I love how the color of tasks change based on how good or bad you have been when it comes to completing them. It is immediate and useful for those of us who like visual information. I would recommend anyone looking for a habit building app try his ou
A86#115	5	ch as reaching a certain weight, finishing a study list, or reading a certain number of books). I highly recommend. My only suggestion is that I would like to be able to colour code or create categories in the overview section.
A86#1307	4	I love this app! || I love this app and the concept, but i think you could add more features that would make it better like color coding and adding a feature where you can click on the day and notes would pop up from that.
A86#1309	4	e able to see all of my habits on one screen. For example if I could see “5/7 tasks completed today”... could also do this for a week or month view, and give a different color code or reward or something for a day/week/month with no missed habits (i.e. “7/7 habits completed today, nice work, that’s a perfect day”, and start a streak for that)
A88#256	4	love it so far unless.. || I loved the app so far it helped me build amazing habits the only thing bothers me is the dark background I wish if they had a different theme colors
P1#175	4	know a lot of people that do. 2. The option to add a note under specific days. This helps when I'm looking back to what specifically I was doing on that day. 3. Way more colors for habits! And more customization fof fonts and the theme for the app would be amazing as well! Hope these are added, can't wait to see more!
P10#7699	5	ped habits should not appear as done in the calendar so users would be able to determine the exact days they skipped. Skipped and Missed should have different tagging or color for easy reference. Would love to have "every other day" option to the frequency/habit days. Please add ability to add specific date for regular habits like in the one-time to do. If I have a habit I do e
P10#7731	5	 || This app is amazing ❤️ Please add more colors for habits
P10#7814	4	 || PROS: Nice app, like the layout. It's easy to use, you can colour code your tasks and tick them off as you do them. I really like the way it looks, it feels organized. And it is easy to organize. CONS: Very slow to load. Which is annoying because instead of being a convenient, quick tick off of a task, I have to wait for the app to slowly load and usually just put the phone
P10#10235	5	 || I love the simple interface. I also love how you can color code it and use different icons for different habits
P10#12146	4	option, just habits, therefore I've subscribed to an app that also tracks the steps it takes to complete your individual goals. The third app in the top three, wasn't as colorful but it was free. If you're looking for some help with things that you need to be reminded to do, this app will do that. I also liked that I could choose different colors for different habits and the st
P105#373	4	 how this app makes me enjoy create my plant and habits but I have a little feedbacks and that's why I'm giving you just 4 stars : if there's more pots for free and more colors for my habits for free , I'll be more than happy anyway so excited for the updates of this cute and great app thank y for this amazing app 🥑
P105#499	2	 || You have to pay just to change the colors of different habits. I hadn't used the app for more than 10 seconds before seeing a "sign up for premium features" pop up! Maybe let people use the app long enough to input even a single habit before throwing a "give me money" message in our faces.
P105#1063	1	 || I really liked this app... Until after a adding a few habits it wanted me to pay to add more. It also makes you upgrade to use more than three color coding options. I understand developers want to make money off their apps but they should at least give you more free options. That way consumers can see if they enjoy the app. Uninstalling.
P105#2680	5	 || Perfect ! It is the best so far. Just when i finish a habit it would be nice to have this "completed circle" in different color. Bcz mostly im finish something and seeing as if i didnt and doing it again 😅 So making it a bit more notable would be really great for blind ppl like me. Or maybe it can go gray when we finish it. Like at background. So we can only see the ones we
P106#577	5	 || 01/09: The journal aspect is so amazing, I love the colour coding, and no need to make an account or stay online. The suggested habits made it so easy to set up too! By far the best habit tracker I've tried on my phone.
P106#965	5	 || I like it but I want to add my own sections and color them how I want and also I want a random sort in the filter option cause I get bored doing stuff in order and also I need a search button cause I have a lot of things go track. P.S. I really like habit ideas.
P107#49	5	etely different in that way it was just there was no distractions. I just wanted to let you guys know and thank you so much I've been looking for an app for so long with color coding and just simple. it's very helpful for my Autism 🙂
P107#59	5	 || It's helpful. It helps me with combatting executive dysfunction and with anxiety in relation to starting tasks as an Autistic guy (its visuals and colour-coding make it easier to use and to navigate). Its reminders have a nice sound to them to get me to finish the day while the unchecked tasks I still need to do are there to remind me that I have to do them... That I can't 
P11#5758	1	he beginning of registration. There is no other way in the app to make "removal" of routines, one can only keep adding routines. Other disorganization of this app is the color coding of the "routine", everything/all colors are mixed together, not in groupings. And none of the completed "routines" or upcoming "routines" are recorded in the calendar provided....
P110#762	5	 || Amazing app, so simple yet effective. I love that there is color coding for a partial success.
P110#977	5	ed a lot of time in tracking different items. Would be good if I can import or export as the data need to move from phone 📱 to phone would be great if we could have more color option and also option to mark one box into 2 parts.each diff color
P110#1434	5	 || This is a very good calander app for every session because you are tick mark on a date various colors with notes and you can see the day to day activity... so thanks for habit calander...
P110#3356	5	 || This app serves exactly what I want! Just a regular calender app with an option of marking each day with colours for Yes and No so to have a clear idea of your habit. I had to install few more apps before this but this is by far short, simple and efficient app for my purpose. Request: since it's a habit tracker app, having a widget would be great! Please dev consider this i
P12#29281	1	 || Worthless. Far too many notifications; not a user-friendly UI; different colors and sizes of buttons for different categories of things all over the place... an absolute ADHD nightmare. Cannot find anything I'm ever looking for but find Drink Water eveywhere. Stupid. Too many notifications every day, like 15 to 20 for two tasks. Absolutely cannot figure out how to cancel th
P124#179	5	 || I love it! Simple but has everything you need. My favorite and only app that keeps me on track. Love the emojis and different colors for different habits. 👍💪 Thank you developers for creating this app. 🙏
P125#11944	5	it for about a week and have unlocked enough to get my avatar exactly how I want it to be, and now there's nothing else I can do with the coins. Maybe different music or colored backgrounds, or maybe we could unlock challenges early with them? The content of the app is fantastic and it's very pretty.
P125#19650	4	 || If i can saw challenge i have done in each category with different colors or something, it can help me to know which challenge i have to solve
P129#672	3	 specific apps for flashcards. The appearance of the app is also pretty good, however I think it would be a great update if there was an option to choose a different app color instead of just the purple cause it doesn't fit well with many subject colors :(
P18#1238	5	 || A very convenient and cute app, the only thing I would like is more different emojis. and maybe add more different colors ❤️
P19#474	5	hallenge group and use this to track all the daily tasks. I've got a widget on my homescreen and whenever I post in the group people are asking what app this is. You can color code and assign some tasks to be weekly which is super helpful.
P19#478	3	 || We need more habit colours
P19#533	5	is app is just amazing, it deserves the five star. Being able to track as many habits as i want for free is just amazing. I love the simplicity of this app, and the warm colours tht u can use to colour-code ur habits. Words cant describe how grateful I m to the creators and how in love I m with the app. Absolutely awesome! Keep up the good work 💖
P2#1309	5	daily tasks, recurring tasks, or habits is awesome. I like doing things my way, so the optional features are ideal. I can choose whether to be reminded (and when), I can colour-code and create tabs, I can even add tasks within a task and measure progress. I have used this for more than 2 yrs now and haven't had any issues or glitches. Love it.
P2#2181	2	 || Been using this app for a while, and I have one major gripe that makes it not suitable for me. I don't like the little streaks and color coded green and red for when I track habits. It puts pressure on me to do the habits everyday, when all I want is to just casually track and not worry about a streak, maybe I just want to track when I eat certain foods, or if I felt a cert
P2#2463	4	 || please please add dots to the calendar!! I love this app and I am just hoping that dots would appear in the calendar (below the number of the day, each colour to each tasks I have for that day) when I open it just to let me know the days where I have something. if I write something 6 months from now, and I forget the day, it would be so much easier to find it with those lit
P2#3259	3	 || This app is set up in a very unnecessarily complex way. Habits belong in categories and the categories are color coded, not the habits. Also, the color options are very limited. I am colorblind all of the colors have the same saturation, there are no pastels. I wish this app included a visual spectrum that you could select any color, because this is how I differentiate betw
P2#3492	4	py already existing tasks and habits, so that we can quickly create similar items without having to start from scratch every time. 2. It would be nice to have additional color options when creating categories. Or even better, a customer color picker where we can create our own colors. Other than that, 5 stars!
P2#3955	2	um version, but I find it very chaotic. If you update an entry, then you can't see the previous entries anymore as they get archived in a different file. Also I find the colour of the completed activities very confusing as I cannot change the tick to a colour I want, so I can't work out what days I completed the habits by looking at the calendar as there are 3 different colours
P2#4599	4	 || Simpleand intuitive. Like it very much. Two suggestions though: be able to repeat the checklist to multiple habits and have different colors for each, so we can identify on the statistics what item has been checked. This would be very useful at this moment.
P2#5097	5	p reviews and I never buy apps. Bought the premium here when I didn't even need the extra features just of how much it motivated me to change my life. Love the different colors, how you can set habits e.g. swim 2x a week, run 3x a week and it will show you as 1 out of 2 and 1 out of 3. If you hit all of them they're green, if you miss one it will show yellow. Hitting 3 out of 3
P2#5329	4	mits u on how many habits u can have. I bought the premium. I think it's good, but I really wish there's a way to track partially completed habits and to personalise the colour I want displayed on the statistics (e.g for partially done habit). I wanted to also track my mood so I would have liked again to be able to have different colours on the calendar based on 4example what u
P2#6034	5	 || So far so good. I wish I could view a monthly view with each daily habit shown by it's own specific color on each day. If that makes sense. Right now I can only view each individual day and I'd like an overview as well.
P2#6399	5	 || HabitNow Daily Routine Planner is a fantastic app! Love the specific icons and colors for habits; adds a visual touch. Multiple daily use with reminders is a lifesaver. The random reminders for habits and tasks keep things engaging. Birthday reminders are a thoughtful feature. My only suggestion is to include a separate to-do list. With that addition, this app would truly b
P2#6773	5	Google calendar/reminders/tasks integration would be useful as well as , Quick selection for fortnightly when creating habit/tasks ,Quick selection of choosing different colours for tasks/habits under one category, Quick option to hide/show tasks/habits under selected day as group or individual and seperate tab for daily habits at home and at work, option for free text notes on
P2#7065	3	 || Nice interface and simplicity. Have to buy the premium to use the widgets. Would appreciate if we could get a widget that showed a colour coded month of your habits.
P2#7178	5	ble to set tasks/habits to follow daily. I paid outright for it because it's just so affordable and meant that I could add way more stuff than the free version, Love the colour coding ability, and the reminders every day help me to remember what I need to do. I've not had any issues at all with HabitNow as an app. No freezing, no crashing. I would still purchase again. Yes. I w
P2#7181	5	 || It's so simple no need to think too much on how to manage it and it's all colour coded my favourite visual representation!
P2#8070	5	 version has a bunch of extra features that are simple but make a big impact. It feels like actual thought was given to the UX. It would be cool if I could sort tasks by colour. Another cool feature might be the ability to switch between accounts so I could use the app for personal stuff as well as work, without having any blending of the two
P2#8646	5	le most helpful thing that I have added to my daily routine. I'm very forgetful so having lists helps me a lot. The app itself is very organized, and it helps that I can color code each pass. I would highly recommend.
P2#9345	5	rall package until I found HabitNow. It's user-friendly and intuitive to use, The Interface of the app is nice to the eyes and you could even customize it with different colours if you wish. And it does what a Habit-Tracker should do, in my strong opinion (Get it to check it out!)
P2#9478	5	 || It's totally a great app. Has habits, recurring tasks, categories, reminders, statistics, different colors, timer, local backup, secure etc. A problem is reminders doesn't work properly even though I've excluded the app from battery optimization. Also can't you increase the amount of free habits? 7 isn't enough for me and I guess it applies to many others too.
P2#9982	4	 || I have the premium version. Great app overall, just wished there will be more customization options. Is very limited in that regard: just different color and 2 icon style.
P2#10194	5	 to use and very helpful. I have downloaded a few apps like this and this one is for sure the best! I like all the different options (task, habbit etc) and how different colours and symbols represent different categories for the tasks (like the sun symbol could represent morning routine or the smiling face could represent metal wellbeing.) Simple, easy, excellent and would defi
P2#10531	5	 || Great app to not only track your routine and recurring reminders but also allows you to color code and categorize them
P2#10890	5	 || It is actually making my time management easy for me... Alarm for all activities, different color for different tasks. Best part it just don't take yes/ No as complete or incomplete. It takes atleast and atmost and how much you you did... Like I can't explain how much helpful that is.
P2#11608	5	 || Nice app. Please add customize colour for every habit.
P2#12147	4	 || Excellent app. But it could improve by adding different colour according the numbers of their goals time, hour, litre,etc,.
P2#13098	5	 || I Absolutely Love This App!!! The fact that I can track anything and actually get the notifications is a plus for me. The Interface is beautiful with different color choices. This is an Amazing App. that's worth purchasing. Great Job!👍👍
P2#21112	4	 || Would be nice if we could see our all habits statistics in one one tab to have an overview. Like a graphic for example with different colors which correspond each to an habits. Cuz for the moment it's possible to see your statistic just by habits (and not all of them at once)
P22#170	4	 jave some sort of prize if we finish daily tasks but I won't mark it down for that, the only thing making it full stars is that you have to pay premium to get different colours of the task box and to get other featured that shouldn't need to be paid for in my opinion!!!!
P22#414	5	 || Beautiful UI, smooth, and super simple task addition with color coding. Comes with an abundance of statistics to ensure motivation. Offers a one-time Lifetime Payment instead of subscription. Perfect app; thank you! 👍🏻
P22#459	5	e this design and the idea of this app. no issues encountered so far, and I appreciate the subtle additions to the app, like the celebration flare or the various radiant colors or the beautiful harmonious colors. very impressive and beautiful. thank you for creating such an app
P22#884	3	 || It is pretty good! I enjoy the customazibility and the color code features! My only wish, though, is for there to be a feature where a sound occurs every time you finish a task and click on the + button. Would make it more satisfying and engaging, and I would also turn this review into 5 stars too if you add this feature in. Thanks!
P22#1100	5	 lets you list down all the tasks you want to do regularly - daily or weekly - can track time spent on each task - if you add a timer - home screen widget - customisable colour code and icon (I use colours to differentiate separate category of tasks, eg House chores, me time, etc)
P22#1778	5	 || Very useful, good design and functioning, the developer is also very nice person. I'd just tmake the "destroy" tracker coloured as long as you don't do it and make it hollow when you press it.
P24#1057	5	 || Excellent work!!This app is very Helpful and has beautiful design but it's necessary to add MORE COLOURS for categories.
P24#1215	5	 || I love how I can color code and organize all my habits in one place! HabitBull makes tracking my habits easy and a little rewarding.
P24#1393	2	so its not been deleted.which is a shame because I love the different availability for habits that are on there ie weekly habits, daily, specific days more flexible etc. Colour coded.
P24#2853	3	 || Please fix the widget! I want to check items off here. It's good for what I needed. Simple. Good stats. Like the for color coding. Don't really need the chats on topics, I don't look at or use that. I wanted more than 5 items on my list and the widget for easy tracking on my home screen. The widget only works sporadically to check off an item, that's annoying considering I 
P24#3972	5	ry simple. Visual display is great. If a habit is set for every other day, or with some other gap in between, the app shows a chain with open circles rather than solidly-colored circles. Likewise, if the goal is a specific number of minutes or repetitions, it color-codes the entry differently depending on whether you met or did fewer reps than the goal. Only using the free app 
P24#3974	4	't change from 98%. I think once you do the full 66 days you should get 100%. Also, would love to be able to highlight a day in the future as a milestone, just different colour so I can say 50, 100 days etc, as a motivator. It's great for a free app. We'll done to the devs on this.
P24#4562	3	ortunately....The basic feature of the app to remind you to stick to your schedule with respect to habits you creat dosent work....kindly help by resolving this issue... Color code Options are limited that can be assigmed to the newly added habit
P24#4810	5	thin you need! I am a full version user and its definitely worth the small amount of money! However I would like some new features to be added, even small ones like more colours for habits!
P24#4968	3	 || Synching between my Chromebook and phone is a necessity for me and does not work on this app. The color coding for completed tasks is not intuitive.
P24#5262	5	 || Liked the color coded style of tracking. Green for good/success. Light red for bad/failure. What I'll love it's an hour by hour option for each day and then an option to view weekly/monthly with each marked/checked hours of each day showing in the week/month view. A long chain of greens all through. Big mental incentive to keep going on. Solid job. Keep it up!
P24#5327	5	 || Excellent.. But we must have option to color Code days with different success rate.. Presently it color code universally either successful or unsuccessful day..
P24#5959	4	 || I bought the premium version of this app. It is easy to use and I love the reminders sent to my Galaxy watch to keep me on track. I would like bolder colour coding to differentiate the goals being tracked and success/failure indicators. Overall a great purchase.
P24#6229	5	 || i wanted a color-coded calendar of sorts to keep track, with quick visual, of how often i do things -- not on my regular calendar. done.
P24#7676	5	 || I was using stickers with different colors on fridge and now I am using this app. Thanks to all team
P24#7881	5	 || After trying out eight or so different trackers, I had to admit this was the best. Choosing how to keep track of and color coding my activities makes reco d keeping a breeze
P24#8295	5	 || I upgraded to prime because i wanted to have more than five habits tracked. Well worth it! Color coding and reminders are really helpful. I'm on my way to success now
P24#8706	5	 || I researched/download a majority of the apps similar to this, and this was the winner. I even purchased the upgraded version. I love the color coding and the ability to customize your goals.
P24#8921	5	 || Easy to use! You can select different color for each habit. If you forget to enter for a particular day, you can easily go back and update that habit. Suggestion: For a feeling of accomplishment start slowly - below what you can do. (Life happens!) Begin with only 1-3 habits. You'll feel great as each day you succeed! Then slowly in small increments make increases as you be
P24#9363	5	 || Great way to track habits - love the different colours you can use so you know which habit you're on!
P24#9382	4	 || A fantastic application! If only you can add more colours for the habits or put an option to create own colours so that the habits can look different. Please also put more themes.
P24#11152	5	 || I love it - the combination colour coding, reminders, and calendar interface make it way more fun than any other 'habit' app I've tried
P24#13790	5	 || Loved the ability to color code and the ability to choose types of goals, be they binary (yes/no), numeric or completing a task five out of seven days a week.
P24#14025	5	 || The layout is simple, the color coding helps tremendously, the app never crashes or anything of the sort. The forum is extremely helpful, and the app looks very put together. Best free app in my opinion, has shown me the power of simply DOING things and making sure I do them every day.
P24#14213	5	for me) of using a habit changing app is so you can get visual feedback of your progression to encourage you. This app does it perfectly. Intuitive and easy to navigate, color coding habits, analysis of progression, in app community and heaps more
P24#14378	5	 || Color coded
P24#14597	4	 || I really like this app, it's easy to use and has great options to configure habits e.g. colour coding, reminders. The offered widgets (premium only) are lacking however and I don't use any of them. Too simplistic, fonts far too large and need more tweakability to suit different users. The 1x1 widget could include a number showing how many habits remaining for the day. A 4x4
P24#15593	3	 || I wish I didn't have to switch pages/screens to track my other habits. I'd like them to be all on one calendar but color coded or something.
P24#15692	5	 || The app provides a lot of options for success criteria, color coding, etc. to allow the user to organize how they like. If you want simple, you can do simple, if you want detailed, you can do that to. The widget is great as well, easily accessible, and not merely something that opens the main app, like some widgets.
P24#16260	5	to create and track habits. There is a list view (also where you add habits) a weekly view, a monthly view. There are options for what a success/fail day will look like (colors or checks and x-es). There is a range option if you want to see how well you do during a particular set length of time. There are color-coding options, category options, sorting options (altho, there cou
P24#24538	2	oes not work — probably, because I did not buy it. Profile sign up causes crash. Many bugs. Also, it would be cool to see numbers on calendar (maybe, different grades of colors).
P3#1080	3	 || simple and effective, no bells and whistles. only features i miss: * an option to explicitly "miss" a habit on a given day * assign colors to habits * a graph for ALL habits
P3#1514	4	 || I liked the Minimalistic design. overall, it has quite some useful features. One improvement I can suggest is to add a different color in the Calendar for the "No" ticks. That way we can differentiate easily in the Calendar when we have done or not done a Habit. As of now, all the ticks are of the same color.
P3#1666	5	, weekly, monthly yearly chart allows me to work ahead on some goals. It gives me great satisfaction using this app! Only change I would make at all is that I'd add more color options for the color coders of is out there!
P3#1854	5	forward UI, and really good options. Only feature I would like to see eventuall is for a way to categorise habits, but I've worked my way around it by assigning specific colours to specific groups of habits. Big fan! Thank you ♡
P3#2029	3	even more if I could search for a particular habit/task instead of constantly scrolling to find the specific habit/task I'm looking for. And in addition to the "default" colors, I would also love to have an option to set my own color (hex codes and/or RGB or whatever).
P3#2521	3	tracked in one graph, instead of showing only one habit in a graph it should allow for different habits to be tracked in one graph by having each habit line in different color.
P3#2725	5	 || Simple and useful app. Wish there were more habit colors.
P3#3063	5	ues. It has everything you need with no adds or random stupid AI suggestions. The UI is very intuitive, the logging options and reminders are really helpful, AND you can color-code everything! Perfect for tracking medications, workouts, cleaning schedule, etc. :)
P3#3084	5	 - very clean looking and neither too cluttered nor too spartan. The app has customizable features for appearance - light mode, and the default light mode. Habits can be colour coded which I find useful.
P3#3168	5	 || Just what I need to keep on top of many goals! It's kept me on top of my goals for almost a year now. No ads, intuitive UI. Would love the ability to pick my own colours from a full palette!
P3#3317	5	 || It's a solid habit tracking app. Categories can be made with color coding and the user interface is easy to use. Looking forward to an update allowing for multiple sheets as well. So far, this has been the best tracker for my needs.
P3#3364	5	replace vacuum cleaner bag or tooth brush every 3 months.) For some, I rely on the reminders, for others on the statistics. Being able to manually sort and use different colors makes it easy to group items that belong together. Export and import to another device is flawless. The only thing I miss is being able to use it on multiple devices simultaneously, but that's minor.
P3#3698	4	 out there for habit tracking, and doesn't require registration, and there're no ads. My only two issues with it are more of a gimmick: 1) I really wish there would be a colour wheel to select more colors for habits 2) it doesn't remember your goals. If you are consistent with one goal but then decide to increase the goal, you lose the consistency streak. It's not that big an i
P3#3931	5	t will support you and not annoy you this is it! I wish I could donate. as far as suggestions for additional features, it would be neat if there was an option for custom colors for habits :)
P3#4207	5	centage of daily habits checked vs total habits. also if you could add habits category. let's say, habits for personal development. so far what I'm using for this is the color coding. anyways, thank you for this app. keep it up!
P3#4371	4	abits I need to do today - Have a list widget instead of individual tasks - Habit icons for aesthetic - Pick how many days in between for measurement task - Custom habit colors - Reminder notifications only display when habit is active for that day
P3#4534	5	bit by time and can then also enter what book I was reading). No extra stupid interface design or pictures or logos... It does one thing and does it magnificently. U can colour code habits, set up reminders, easy to back up. It is the best app I have and the most useful.
P3#4660	4	 || I really love how easy it is to track and input my habits, especially being able to color code them for easier viewing. One thing I would like is to have a way of making short notes for the day in general. For example, if I have a day that I'm sick in bed and unable to do some of them and skip them, it would be helpful to look back and see why. Overall, I love it and am gra
P3#4895	5	y been a positive so far for me. My only wish for it is an aesthetic one: it'd be nice to be able to customize the home screen beyond just light and dark mode. Different colors, fonts, and font sizes could be nice. Being able to add our own images as "wallpaper" could be fun too.
P3#5047	5	 || Amazing..and free. It's really straight forward and I like how you can colour code the different habits.
P3#5286	4	h habit, eg stop reminders for a number of days and log as something different from skipped. Otherwise, the app's near-perfect. Straightforward to use and set up. (I use colours for categories and you do have to be a bit sneaky to get them to group nicely: sort by name first, then colour, does what I want.)
P3#5350	4	 || Very very nice app! But there should be more and more colors for task's texts
P3#5404	5	 || I love this app so much. Entirely free and has helped me develop new habits, very customisable and I love color coding my habits 😅 Great stuff, would pay for this.
P3#5494	5	ies... related to health, exercise, hobbies, housework, meditation, etc.... Obviously I paid in to get more than what is available for free. Let me add, I appreciate the color coding, the ability to measure by time or count, and being able to move and group items. Super helpful.
P3#5564	5	 || Simple UI, sortable habits, flexible reminders, easy colour coding. This is the first habit tracking app I've downloaded, and I'm completely satisfied!
P3#5788	4	 simple, does its job, and is visually appealing. One suggestion: I'd like to categorize my habits by time of day (morning, afternoon, evening). I'm getting around it by color-coding, but would like a feature.
P3#5951	5	 || Love that cumulative goals allow for flexibility in when tasks are completed. Color coding is useful for prioritizing. And, the layout overall seems to support the idea that "ANY day is a good day to start a new habit or goal."
P3#5967	5	onsistency & are trying self-improve, this app has been very helpful for those who love data and visuals. The interface is simple and love the ability to chose different colors for each habit and the frequency of your visual representation. Can't wait for more features to be added like more colors!!
P3#6086	2	 || Widget colour stays in an ugly dark greyxolour. Tried to change widget opacity from the app but it won't work. Why dont you allow it to have colours? Different colours for different tasks even in the widget. I actually believe a better widget would be to have the streaks to be seen on it just the way the app shows. Will be a constant reminder even when we don't open the app
P3#6247	5	o track habits on daily basis. There are two types of inputs: Yes/No and measurable. I loved it's widgets which show Today's , Weekly, Monthly, Total progress. Different colors can be used for different habits. Everything is super awesome and very easy.
P3#6321	4	 || I love the colour coding and that the app is simple but not boring. It's nice to be able to see what days you do the best on and your longest streaks etc. Unfortunately you can only pick "every day/week/month" for yes or no habits; it would be awesome if a sort of "5 days a week"/"Monday, Tuesday, Friday" feature could be added. Thanks for the app!!
P3#6324	5	 || Simple. Love the dark theme and color coding options.
P3#6509	5	 recommend this app if you are looking for a habit tracking or even a task reminder app. Excellent, simple checker with schedule reminder, progress views for each habit, color coding, and night mode (dark) interface. It does only what it needs to and is not a distraction. I like that it doesn't ping reminders for what I've already done. I also like that it is easy to follow up 
P3#6563	5	 || I really love that it's so simple and straight to the point! I like that you can customize reminders, and turn them off if you want. You can colour code your habits and add notes to them which is super helpful. One thing I ask is if you could please remove the automatic checkmark outlines; your habits get an outlined checkmark in between your hits. It makes it visually mess
P3#6586	5	 || PERFECT. This app is exactly what I was looking for. FREE & EASY to use. Allows you to track as many things as you'd like, set reminders, color code each habit, and even shows your progress in several different chart formats. Even the widgets are simple & quick/ no delay... FREE
P3#6651	5	 || Love this app and use it daily. Can archive and back up. Colour code too and really simple and easy to use.
P3#6824	5	 || Could you add a feature to input a category tag to each habit, and then be able to filter by category? Filtering habits by color would be also nice. When you have many habits, it's hard to scroll down and this also makes it more organized. While I respect the apps privacy aspect, it feels like an accidental deletion, breaking my phone etc. easily erases all progress. If not
P3#7035	4	he sad part is that your app is not available on App Store. This leads me to move over an alternative app which will be compatible on both platforms. 3. Add more vibrant colours to Habit Names. Thanks for this beautiful app!
P3#7080	5	 || Super simple and usefull. I would love an option of different colours for each habit. But i love to use it anyway.
P3#7184	5	 || Easy to set up and to change as needed. Great choices with color coding and sorting. Love the freedom of skip days. Great app to build new habits!
P3#7233	5	 || such a nice app! no complaints but I would like if we could pick our own colours and for there to be different sections :))
P3#7261	4	 || This app is easy to use, I like that you can choose different colors for different tasks, the widgets are great and you can change their transparency as they display over your background. Countless other great features. But, since I'm a bit OCD, I would love a setting that removes the little loop circles from filling up as you complete more of the same task, because some ta
P3#7270	5	provement. I personally wish it was possible to group habits together, so that I can keep the habits I'm developing from the ones I'm just tracking for data (I currently color code, but my habit list is overwhelmed with items) Other than that it's the most practical app there is for habit tracking.
P3#7392	4	 || Simple, but solid habit tracker. This still isn't what I'm looking for, but it's a decent habit tracker. I like that you can choose different colors, that you can skip without breaking a streak (for those things that are 3x/wk), and that they have two different tracking types. I don't like that you can't scroll back earlier in the week, and that you can't aggregate data, wh
P3#7519	5	 || Nice app..I like it. I have one request, Can you develop an option about different colours of check marks in one habit so that I can use different colours for specific things that I have done in that week for one single title. Example: blac✓ balc✓ red✓ blue✓ black✓ yellow✓ Thank you 💗
P3#7699	5	 || Best habit tracker on the app market, hands down! Love the clean interface, no ads, easy to manage notifications, works offline, and the charts and color coding are great! I can turn my phone into a recurring to-do list tracker dashboard with the widgets. Please make wearable widgets for it at some point (samsung, android, etc.), would bring this to the next level. Extremel
P3#7800	5	 || This app is simple and functional. Create a habit, color code it. It appears in a rearrangable list of habits that you can check off each day you complete. Click on the habit to see a graph showing you how long you have or haven't kept that habit up. You can have the app send reminder notifications, or not! No plants to grow, no swiping or timers or anything unnecessary. Ju
P3#7822	5	 || Free, does anything and everything you could want it to: notifications, colour coding, notes about your habit/goal, widgets for daily check offs and a visual reminder. Perfect perfect perfect. I looked at multiple apps and they would end up costing money after 7 days free. No thanks. This app is exactly what I was looking for. No gimics, just a very well made and thought ou
P3#7954	5	hout unnecessary flair is great. I don't need crazy visuals. -Notifications don't help me, but it does have reminder options, for those who want it. -I like changing the color of each habit, to group them or aesthetics.
P3#8138	5	 || Easy to use. Good UI Minimalistic Dark theme Reminder Dashboard for each task Graphs Different colors I like it.
P3#8176	5	 || Very nice UI, No pop ups, adds etc. Looks and works really well. Option to input personal items and colour code. Just a great app that I would love to see developed.
P3#8269	5	statistics. They come in line graph, bar graph, and other forms so I can analyze my progress in different ways. Simple but effective interface. I enjoy using this app. I color coded habits by category.
P3#8284	5	 use. I love how you can change the order it appears in the habit list You can set how many times per weekly, monthly or set a habit to daily Able to leave note. Able to color code habit This is the BEST app
P3#8301	4	ange to this app I'd create categories of habits, maybe in tabs or collapsible lists or a drop-down menu, so that all my habits weren't just in one long list. I like the color coding but having everything in one long list is visually overwhelming!
P3#8382	5	 || Love it! A line graph with all habits overlapping would be awesome! Maybe different colour lines? Update: Can you provide an option to display percentage with precision like 99.67 instead of only 99%. I am on 99 for over a week now.
P3#8421	4	 || Things I love: dark theme option, color coded habits, optional reminders, sorting done manually or automatically. Graphs to track your progress. The one thing I wish it had is a way to add text notes to each day. For example, to track moods or events that influenced the habits. Food logs, inspirational quotes, etc.
P3#8431	4	 || Super helpful to be able to see my track record. I like the fact that data is not automatically stored in the cloud. Choosing colors for habits is nice, too, but I wish I could sort habits into categories that I can lable and filter by and see just one category at a time. Nice product. Would definitely recommend.
P3#8474	5	|| This app is great! I wanted a simple way to encourage myself to do certain activities more regularly – some for work and others for fun – and it's super easy, pretty (color coded!), and customizable. Plus, no ads! The other app I tried immediately popped up an ad, so I'm sticking with this one. There are even stats for each activity and a couple ways to sort your list. I lov
P3#8603	5	 || Best app ever.🔥🔥🔥🔥 Simple to use and easy to understand. Widgets feature is the best👍 In Dark Mode few Colours of habits become dull , it would be great if they are made to look more vibrant.
P3#8657	5	 || This app is WONDERFUL. Clean, simple, and just.. perfect. Love the different colours, the charts, the option to archive. Love it all. Thanks for making this!
P3#8726	4	 || Amazing app. It has every feature shown in description for free. Just one thing I wish is some more colours for habit otherwise great app.
P3#8884	4	 || Great app! Love simplicity and habbit statistics! Please consider "add habbit" button in different colour than background colour in dark mode.
P3#8984	5	 || Absolute fantastic app! Really love it! There is nothing that I can think of that I would need to make it work better. You can give habits different colors. You have amazing settings and great feedback in forms of graphs! Thank you so much!!
P3#8996	4	 checked. It could mess up everything Easy to use, very useful. Can track more than 5 habits, see each habit daily chart, tick habit for past dates, customize each habit color, comfortable dark mode, totally free, simple design.
P3#9186	5	r way to track your chores and reminders. Before, I'd always be behind, this app has helped me stay engaged. • You can easily see your past entries in a calendar view. • Colors. Visual people like me love to break up monotony with color coding. • It's compact so I can see all my choices of the day in a single screen. This really helps to give an overall picture and the most hel
P3#9410	5	 || Simple and perfect ! We needs more range of habit colors in the new update !
P3#9659	4	 || Just want to say i love this app. It would also be nice if there are stats between 2 different habits. Or 2 different color of habits. So i hope you guys can get that around and the app will officially be 5 stars!!
P3#9672	5	 || Simple app that's friendly for the the data-minded; no flashiness, and options to allow your own analysis. Edit: just remembered you can colour code the tasks/goals. I use it to keep my exercise, work, and 'me time' stuff separate.
P3#9714	5	nd loop was on my wishlist for quite some time so i decided to try it out. first impressions were great all round, im already in love w it, it's so simple and clean! the colours are well chosen and the stats page is a blessing! i think ill be using this for a very long time. just a few suggestions, it would be nice if you could add a title to each colour(shown on stats page) an
P3#9883	5	 || Use this daily to keep to some type of routine. Simple to use, all the best Apps are, with some interesting statistical trend info. I use colour coding in all my productivity apps so I find this comfortably user friendly. Good job.
P3#9926	5	 || As simple as you want. Options to color code and set reminders. Love the dark mode.
P3#10067	3	 || Important feature missing! I expected to find a screen where I see a chart for all my habits together, each habit is represented by different color on the chart..
P3#10259	5	ere is NO subscription fee, it has useful graphs, and it can export to CSV. The design is visually and tactilely pleasant. Habits are painless to mark. Customizing habit colors is useful and fun. Habits cannot happen multiple times in a day or have multiple reminders, but this can be circumvented with multiple habit checkins. I wish I could set it to automatically export, but o
P3#10319	5	don't usually give ratings..but here i am giving a 5 🌟..this app is too good It gives you a graph to track your progress..it got a calendar..it got reminders.. different colors for different habits.. you can also see your best streaks which can tell your peak performance.. Easy to use.. Easy to understand.. i love the app.. Night mode too..if you're looking to build some good h
P3#10697	5	d free, clean UI, works like a charm. Widgets are perfect - I love the checkmark widget. It's amazing. Only possible complaint might be that I wish I could choose my own colors (I'm very picky about aesthetics) but hey, I can't complain. This app is wonderful :)
P3#10851	5	 || Its the best habit and routine app I have. I've sampled many apps but this one strikes the right balance. Its simple, visually pleasing when different colours are used for different habits, especially on the widgets and night mode, and it gets the job done. Its use of exponential smoothing also means I don't have to worry too much about my score when I miss a day or two on 
P3#10869	4	 || The only one habit tracker i use. I would like to have : - todays date highlighted or different color - number of days (all or streak) near habit name - possibilty of colapsing habits (ie. morning habit contains four steps) - show some habits only in the morning and some only at the evening
P3#11162	5	 || very helpful app! I like that I can list all the habits I want to work on, color code them, specify how many times a week or month, and see statistics on my progress.
P3#11256	4	 || Simple app for habit tracking, maybe too simple. More colors of habits would be appreciated
P3#11267	5	nd mark that I've taken medicine, locked up, eaten, etc. I looked everywhere for an app that was simple and easy, and this one accomplishes that and more. I even use the color coding features for type sorting. I'm out of characters, but really, I recommend.
P3#11424	5	my progress in Meditation, Exercise, Waking up early & a bunch of other positive habits! This is just the perfect app! I like the visual design too w/ option to use diff colors for each habit. Thank you! 😊
P3#11962	5	 || I love this tracker. It's very simple, has many functionalities without being too much, the various colors per habit are so bright and lovely it makes ithe main page so satisfying, the graphs are awesome, and there are a lot of great widgets for extra fun the one single I wish for is an option to start the week on Monday instead of Sunday.
P3#12132	4	 || Simple and handy! Love the color-coded organization as well. One suggestion would be the ability to group habits into categories or routines. I have so many habits to keep track of and I would prefer not to scroll through a long list every time I open the app.
P3#12151	5	 || Love how you can easily modify, move, and even color code habits. The archive feature is great too. Highly recommend. There is one feature that would be useful to implement-- marking the day on the calendar that the goal was created.
P3#12722	5	 || Love this app, helps me track my habits, easy to use, I love that you can check off a habit directly from the notification, I love that you can choose the colour of each habit too.
P3#12774	4	 do have them sorted by category, I have several categories...so if I'm working on the ones at the bottom of the list, it can be very inconvenient! Otherwise, I love the color coding and being able to see my history of success! Thanks!
P3#12957	5	like the graph or the reminders, but the app is useful for getting me to start thinking about how often or how rarely I do certain things. I personally like that you can colour-code the tasks.
P3#13144	5	 || Simple: lists , reminders, graphs, history, not invasive. Favorite features: HABITS and STRENGTHS are VISIBLE by sound notifications, color codes , sorting and WIDGET OPTIONS
P3#13372	4	 || Good app so far. Just wish it would allow for more than one time task completion a day. Ex. Stretch 3x/day. I like the color coding and the graphs. It's fun 😊
P3#13539	5	 || I love this app! As a visual person the things you can do and track in this app are amazing! I have widgets so I can clearly refer to the app, and the color coding ability is very appealing. All in all a job well done! I would suggest if you can have a way to sync your data across devices that would be great!
P3#13585	5	, completely overwhelming me. Now, I can see in one place my habit goals, my priorities (because I can sort them any way I want), and how I'm progressing. I also like to color code them based on how often I want to perform them (which it does take into account and ask you). Even better you can ask it to give you a reminder for each habit, but it doesn't burden you with a ton of
P3#13626	5	 || Simple & Straightforward.. Not complicate as require click different icon for one task completed, easy to track as can indicate in different colour. Bravo, team!
P3#13651	5	 || Really simple, easy to use. Widgets are great, makes the whole thing more fun and easier to keep track..I really like the different colours choices as well..this app is perfect for me! I can fix random days for my tasks and even if I do them another day it keeps tracks on the stats..widgets are a great way to keep motivated: they're right there and you want to colour them a
P3#13870	5	in life which need to be done to apply my goals. This app really works - it tracks, reminds, downloads - it does everything except the activity itself. I love that I can color code like activities. Also, tracking items at any interval is super helpful. Great app!!
P3#14012	5	ANTASTIC APP! I love your minimalistic design! Info on the main page doesn't overwhelm you with percentages, "connections" and other distractions. I can easily group and colour code my habits/tasks, and view frequency of all of them on the same page! Awesome job, guys!!! Ps. Could you please-please make this app available in apple app store?
P3#14047	5	 || This app makes the job done, no need to go any further. Simple, user friendly, have the possibility to organise habits by colours, statistics, export/import list, export to xls, etc.
P3#14058	5	 || Shout out to these guys for being the only free habit tracker I could find to let me track more than 5 habits. Also color coding 👌. I really appreciate you making this.
P3#14285	4	 || Overall good app. I love the clean and mimal look, the many graphs, the colour coding, the lack of limit on the number of habits you can add and the fact that you can change the order of the habits on the homepage. Some things I would personally love to see: 1) a cancel button for the batch edit of habit record (the "edit" button under history) 2) an "x" mark for habits tha
P3#14286	4	 || lovely app, can you please add more colours for task labeling
P3#14335	4	 || This app is everything I was looking for! Thank you! I especially liked how you can Color code the habits, and edit their frequency! because some habits are not daily habits, or might just have a specific pattern. But the only thing that's missing is an account with a cloud to automatically back up the data, I know that I can export the data into to an importable file, but 
P3#14768	5	 || What a useful app! The checkbox widget is a great feature. I like lighting up my home screen in different colors when I mark off my goals.
P3#14863	5	 || So pretty, text color coding options, good bullet journal replacement.
P3#14974	4	 || Edit - It's great, now I re-rated the app from 4 to 5 stars. Although, if different loops have the different color schemes, it would be awesome. :)
P3#15080	5	 || I love the customization options! Thanks for adding the ability to change the habit colors. I'm also happy we now have the ability to select specific days for reminders. In addition to this, it would be great if we could set different reminder times for certain days. For example, I like to be reminded to exercise at 7am before work on Mon.-Fri. but on Sat.-Sun. I exercise a
P3#15122	5	 || Great app. Has all the feature I need without being complicated. The colour options make it fun to look at. Would like to be able to see all my habits (or at least a few) at the same time in a colour coded calendar format.
P3#15511	5	 || Title says it all. For a free app, this is incredible and is simple to use, quick to get started with and easy on the eyes with night mode. More colours for habits would be nice!
P3#15525	4	me suggestions: 1) option to sort habits by reminder times, or may be give an option to perform a habit at suggested time and sort by that. 2) the green and yellow fonts color are note differentiated enough. i want to categorize my habits, may be an option to categorize habits and assign default colors to habits such as family, work, well-being etc.
P3#15609	5	 || Great VI without ADs. You can assign different colors to different tasks and set each task repeated in different time period. Easy to use. That's exactly what I need.
P3#15782	4	 || It's simple, easy to use and exactly what I want. I like the ability to change the colours and colour-code tasks. One tiny thing that I might change is the widget. Currently it's translucent before the task has been completed and coloured afterwards. I think it would be better if that was the other way round. All in all, though, a great app.
P3#16141	5	 || Great app. I would only suggest that the whole section (every habit we enter) has an option for different color (instead of just letters). That would make an app more enjoyable to use. Thank you!
P3#16342	3	 || I would pay for the ability to see all habits on a common statistics page with color coding. Having to go through each individual one to see trend lines is not convenient nor very informative. Also the ability to see an average of all habits.
P3#18099	5	 || Amazing! Sleek and minimalist design. The app has everything I need (Y/N and quantity tracking, color coding, reordering, no data days, skip days and smart stats). Love ya!
P3#18593	5	 || Nice and simple 🙌🙌 can you put more colors for habits tnx
P3#18750	5	s app I've only reviewed it now. So grateful for the developer. Such a helpful, simple & efficient app, not to mention free. I love this app. Constructive: perhaps add a color picker option for the habit colors. The palette is good but I'd like other options :)
P3#25970	4	 || More colours for habits pls
P33#719	1	 || This app really needs a widget. Also it would be nice if tasks from challenges were just put directly, even if with a different colour or style, in the to do lost for today because right now you have to specifically open a challenge to see a task for it and that's not my idea of organized. It would also be nice to customize units in a tasks because now you can only use the 
P33#1915	5	his app comes to Android!!! 😁 I've tried over 20 habit apps and this one is the best for me! You can create your own habits or use the suggestions. It's great as you can color code them AND categorize them into daily slots (morning, afternoon, evening, anytime), + choose if it's a Daily, Weekly or Monthly goal. You can add reminders and even create a One-Time Task. LOVING IT <3
P36#118	4	omatically would be nice. Also, I wish I could see my picture as a background in the widget as well instead of just black/white/transparent. More icons / different theme colors / different timer colors would be extra interesting!
P37#1695	4	 || The app is very good, but would like to have more features such as various colors. Thank you.
P4#3378	4	 || wonderful app experience except I'd like to be able to label the different colors for different habit types.
P4#3705	5	was more fun or was available in different versions to fit each person's aesthetics personally I would love it if was just an ocean ver. Or spring ver. Or even different colours or palettes that can be available, as a student myself it's not possible for me to pay and get the premium ver. But I'd love to share abt this app and how it works on my social media platform. Wonderful
P4#4881	5	 || I LOVE this app! I have been using it for a while now and as someone who absolutely loves routine, I couldn't recommend this app more. I like to change my task colours to correspond to the icons and having a time/duration feature is amazing. Very impressed by this app ⭐⭐⭐⭐⭐
P4#6007	5	 || really great app I wish they had better emojis and more fun colors for tasks
P4#11356	3	 || Color coding & labeling tasks - useful. Needs an option to move a reoccurring task to a different day (reschedule) & a reminder/pop up option to roll missed tasks to the next day (maybe the next morning at login). Easier access to the reflection or a diary function to be accessed multiple times a day. Therapist pop up when I log my mood – annoying. Maybe if a threshold is m
P4#13500	5	e to stay aware of my routine so I can just wake up and say I got to do this and I love it because it's all so very unique and special it helps me with all the different colors and all the different things it does and it comes and it gives me a reminder which helps me more and more to do what I have to I suggest y'all download this app now it's the best out of the best
P4#13551	5	 || very great app! I like that I can create tasks for certain times. love that things are color coded. I like how they have articles to read about health and well-being.
P4#14354	5	 || Wonderful app! Allows me to adjust and change things to suit my needs. I love the colour coding for different tasks.
P4#15340	5	 || I have a very good experience with this, i love using it for my daily routines, i put different emojis, use the hours of the day, display everything in a different colour, it makes everything more lively and it's fascinating I would really like the app more if it had notifications, not for every task, but for me to start my day or start checking off task tht i may have forg
P4#18329	3	ting. I cannot scroll through my tasks without opening the app nor can I mark a task as done. To finish, some other features I would like to see are: (1) enabling custom colors for tasks; (2) dark theme.
P4#20092	1	 || Okay i did just get so I will update in the future however there are many things I already like about it like the different colors for different tasks which means I can color code my plans on level of importance or whatever and I'm still looking at the app so again will update but this app is already got my interest and I've had many problems were old apps where I try to ge
P4#20540	3	ave a planner on your phone then it plays ads non-stop. You can't even add a task to your list without having to play an ad. The app itself however is very nice, you can color code and add a time and reminders to tasks of the day. There are lots of community resources as well.
P4#101037	4	 || Everything is ok, but why can't we choose more colors on editing a task? I want to choose different colors from wide color scale scale. And please add Turkish language to the app.
P44#246	4	nly thing I'd add to the app is to have the option to mark a habit as not completed or at least in the squares below the habit that wasn't completed, to have a different color like a red os something instead of just stay blank to have a clear visual track of them ;)
P46#5	5	 || It’s brilliant, but I’d suggest adding a category, as I’ve had to work a workaround myself to change the colours for different categories – I’ve given the same category the same colour. However, to keep my personal and work matters separate, I have to use two separate apps so that the results don’t get mixed up.
P49#155	5	 || This app is really helping me overcome time blindness and reducing my mental load. It would go from great to perfect if there were options to color code routines and to create sub-tasks.
P49#2468	5	 || Great app, it really helps me alot! I love that you can choose your own color and how you want to receive notifications. The apps with red/green trigger me because the red makes me feel like I'm failing. This aesthetic just really feels...softer? I also love being able to use 24hr time. Worth the every penny to support this creator :) looking forward to watching it grow and
P49#3759	4	 || So far I really like it. I wish I could color code different routines.
P49#4061	5	d also be nice if you could have the possibility to toggle between a one time sound or an actual alarm you would have to react to. Lastly just a nice to have - different colour schemes? :)
P5#2775	5	 || Yess! This app is almost perfect! I wish we could color code stuff, but it does the job and it helps me in life!
P61#283	5	e. one thing that could really make this app even more perfect is adding custom tags, as a student i find it really useful to tag my to do list by subject with different colours preferably so i can visually see hiw much of each i have to get done. other than that its everything ive wanted in a habit app
P65#2217	4	alist as my screen looks quite cluttered when I'm working on a few new habits. An option to reduce the list with the ability to expand when needed would give it 5 stars. Colour coding for home, business or personal would also be mint.
P65#2952	4	o people could mark it (each day) one or 2 or 3 blocks with the same calendar just with the option to "fill" the square (divided in 3 parts) with the option of different colors.
P65#3930	5	 || SUGGESTION, could there be more variety for the checks or 'x' marks? Like having something customizable or different colors to add to the checks or 'x' marks? Overall, feels nice to see all goals and tasks <:))
P65#4337	5	 like reminder notifications, options for how you want to set your goals and a counter on each one to show overall how well you're doing in reaching those goals. It even color codes them according to your achievement level so you can tell at a glance which areas need improvement. The ads are not bothersome at all.
P65#4775	5	 || Amazing app, so simple and easy to use too. Definitely recommend to those who need to set and achieve goals like this no matter how big or small they may be. The colour coding is an underrated feature.
P65#4909	5	 || Really good app! Found it helpful! Would prefer if you could customise appearance. Eg; colour code and background colour etc.
P65#5282	4	 || Some improvements would be welcome, such as: the task day on the calendar could be a different color (i can barely see the difference between the bold and the regular font); a group for certain kind of tasks that could be filtered; notes for tasks; is live to set days as holidays; and finally a report would be great. All in all, the app is great, useful and simple. Recommen
P65#6021	5	or three people. I download this app for my daughter to make her habits routine but I also want this facility but there is no such things to make two different including colours and list preparations. Now it will help my daughter only😔
P65#6492	4	 || different colors or add my notes would complete this awesome add
P65#6615	5	 || Would like the option to be added to mark days in different colours
P65#6868	4	 || This is everything I could.ever want in a habit tracking app EXCEPT for color coding. I like to group my habits according by color according to categories I separate them into.
P65#7017	4	e it all laid out for you. I think that some changes could be made to the app/widget as well. I think that the widget should be more customisable as it comes to size and colour. It'd be nice to colour code the goals for quicker and easier visual reference.
P65#7779	4	tary, but it's okay. Some features I hope they'll include in updates: Drag & drop order of tasks Categorize tasks (personal, work, exercise, cleaning whatever) Assigning colors to tasks and having the month calendar have colored dots so you can see all tasks
P65#8021	4	 || I'd give it 5 stars but I'd really like is that you can choose your own colors, and when you have to do something 3 times daily have that option without make another calender! But it is a great app! I'll recommend it!
P65#9053	2	 || Don't know how to colour code like in the pics. Will change my rating if I figure it out...
P65#9079	4	rs. Only thing I would love is the option to see all ticks in one calendar if you have only three or so goals. The box would be big enough for 4 small ticks in different colors. Other than that I really like it.
P65#9340	4	 || I don't know why the app changes font colors for goals, and no one has responded to my email query. I like a notes option to add commentary to daily goal check.
P65#9357	5	 || Great app! Would be nice if the goals could be color coded to sort them by life category and if days when you don't plan to work on a goal could be grayed out in the weekly view.
P65#9464	4	 || Is there a way of color-coding or grouping goals?
P68#57	5	pened it it got straight to the point no and nothing login and stuff straight to track my habit, the ui is clean and simple and there are some customisation options like colour for my habit tracking so far the best experience.
P69#39	4	 || Really love the UI and functionality of the app for tracking but the changing colours for each habit or the app is broken. Wish the dev would look into this.
P69#136	5	 || Super easy to set up! I get to use different colors for things and it shows the tracker for the whole month. Very easy to use. And any ads it shows at the top, it doesn't interfere with my ease of use in the app.
P69#190	3	etically pleasing. Description feature allows you to have your WHY at the forefront so you see it the minute you look at each habit which is motivating. It allows you to colour code your habits. Finally, you can see your current streak Vs your previous streak and so it stops the all or nothing approach other apps have. Cons - you are unable to skip days and set multiple reminde
P69#203	5	 || Perfect for my needs. Color coding option is great, can see habits in different layouts, can change first day on calender, can add reminder. Love it. Super simple. Reminds me of bullet journal. Add habit. Click date to add a day completed. App tracks days list and done!
P69#268	5	 || Good. Need to give different background color for the window for each task. Need number of days passed from last petformed day.
P69#276	5	 || if i could id give this app 100 stars bec it's really amazing, has everything i want. you can add notes, it provides graphs, it has different colors which you don't have to pay for, it shows your yearly stats too. 10/10 recommend, it keeps me motivated
P69#287	5	 || Perfect way to track if an event occurred. Can track multiple events, color code on calendar, see at a glance the frequency of the event.
P69#289	5	ing app. Every day, I get to see a simple chart. "Did you do it, or did you not." The simple interface let's me set reminders, set goal tracking based on days, and has a color-coded calendar view. Really has helped me stay on top of repetitive goals. Can't remember if I paid for this, but if I could buy it again, I would 10 times over. Very simply perfect. Thanks devs!
P69#340	5	s app is everything I need for tracking my habits. The monthly view for every habit is SO useful and motivating. And this app is so BEAUTIFUL. I love that I can choose a colour for every habit separately, and then even the app colour. Any other dev would put customization like that behind a paywall. The streak tracking is a bit confusing but that's the only downside. I hope to 
P7#200	3	h a good UI but a lot is paywalled behind a pricey ($28 after a 50% discount) yearly subscription, including a simple dark mode. It would be more appropriate for various colors/themes to be part of the premium subscription, not a basic quality of life feature such as dark mode. I hope the developer will consider a smaller one-time purchase of $7-$10 to unlock slightly more func
P70#173	5	 || I usually don’t write reviews, but I have to say this app has completely changed the way I track my habits and stay motivated. The color-coded system and its simplicity are just amazing! If you’re looking for a habit tracker that works, I highly recommend giving it a try. You won’t be disappointed!
P70#197	5	 || So far so good. It would be great if you can allow users to set different colors per habit. It will serve as an importance indicator for users, and the UI would be easier to read with a glance. Update: The feature already exist on the Android app, but not on web. My bad. 5 stars!
P70#280	5	Thanks, everyday! This app helps a lot in making plans, setting goals, and making a commitment to do a certain routine! Additionally, it is fun, because it has different colors whenever you finish a routine for a day or two. It is most convenient when you try to use it's widget to keep you notified or on track of your habits! Keep up! It is FREE!
P70#353	5	pp so much I gladly purchased the lifetime subscription. I use the app every day to track a dozen or so habits. It is so inspiring to see my consistency in the deepening color of each habit's "trail" over time. I especially appreciate that Joan includes links to many extremely helpful resources for habit development and consistent growth--it's like a college degree in personal 
P70#392	5	 || Clean interface and a neat, unique concept with the color of each habit getting more vivid with each completion.
P70#441	5	st tool that has really helped moving that direction of changing my daily habits... Honest review, it has been working. Being able to see your progress visually with the color-coding really helps. And I'm the kind of person who really gets into "the game" of it all
P70#478	4	 || I love the way of marking the boxes as "done" is filling all the square with a plain color. Other apps are just using a ✓ and is not the same sensation of archivement. I would appreciate "more different colors" though. Suggestions: The widget would be better if having the date. The frequency settings for a task could be better if we can also customize "x times per week/mont
P70#530	5	anks, everyday! This app helps a lot in making plans, setting goals, and making a commitment to do a certain routine!👍🏽 Additionally, it is fun, because it has different colors 🎨 whenever you finish a routine for a day or two ✌️. It is most convenient when you try to use it's widget to keep you notified or on track of your habits! Keep up! It is FREE!
P70#558	5	 || Great app, love the color coding aspect, very motivational! Have been using it since the start of this year (new year's resolution!) and this app has helped me stick to the new habits! I'm just a bit confused on how to "read" the Overview and can't seem to find a resource anywhere to guide me...
P70#649	5	 || I'm on day 5 of using the everyday app, and each day I love it more. I just learned the different colors are for different habit stacks! Ohhhhh! Also, there is a neutral 'skip day' option that you can use to keep your habit chain intact for ONE day (not two). I did finally hit the paywall (which happens at the addition of a fourth habit). But well worth the $2.50/month for 
P8#1180	4	 || such an amazing app it can get you to do wonders. One suggestion, please add a color coding option to the to do list section makes it way less complicated to look at
P8#1254	4	team Habitica, I enjoy your app and have used it for nearly a year. I suggest adding a priority feature in the habits section or elsewhere, allowing users to change task colours to indicate high or low priority. Currently, task colours change over time or can be adjusted for difficulty to show priority. This would be very helpful.
P8#1677	5	 || i love the app.. but i wish i could color code my todos. and redo the previously done tasks. aybe a task duplicate option?.. these features will really help me ❤️
P8#3247	3	 || I love this concept, just started, but loving it. However, one thing that really brings down my rating is the colors. You can't set colors for individual tasks, background, or menu bar. Not having that really brings down my drive to do this as I enjoy color coding to organize. Please fix, thankyou.
P8#3602	5	tedious tasks. It helped me stay on top of hygiene in some of my low spots. It's super fun and I enjoy the layout and how you add your habits and to-dos into it. It even color codes if you missed days to yellow and red. The avatar is cute and pixelated and I love the pets and mounts. The quests are super fun and habit related puns galore.
P8#4404	4	o my "to-do" section for my hobbies - things that are not my priority, but I still want to have a nice list of them. Or, instead of that, you could give us the option to color code the tasks manually. All in all, the app is pretty fun, so kudos to devs!
P8#4663	4	lty level for missing dailies, being able to set dailies for once a week without picking a specific day, being able to earn gems without premium, and being able to label/colour code tasks would make this a full five stars.
P8#5035	5	s app has given me the boost to my drive allowing me to complete a lot more. There's a few minor quality of life changes that could make it better like: adding different color tabs for each task based on it's difficulty (i.e. trivial=yellow; easy=orange; etc.). Hope to see this app grow and reach more people the way it's reached me and my friends.
P8#5318	4	 || I've used this app for years off and on. I stay because I like my party and I want to unlock all the pets and mounts in every color. It's not a strong motivator for me, but it keeps me on the app. My main complaint is the lack of organization. The to-do's are hard to organize. I think there should be sections. Notifications often don't work, and I don't like the habits sect
P8#5454	3	ly wish Dailys that I failed to do wouldn't just disappear, i still need to do them! Also wish I had a seperator in my todos - like maybe be able to assign them diffrent colours? i don't want to filter since i still want to see all but I'd still group em...
P8#5537	5	tress. So rewarding, and love all the customisation options. I think everyone could benefit from trying this one. I'd like to be able to categorise my tasks in some way, colour coding would be awesome in future updates if possible. Thanks for making a wonderful app.🙂
P8#5631	4	 Especially for me who loves games and usually gets distracted from it xD. Some improvements needed especially with user experience. Such as, dont frequently change task colour for no reason. Makes it hard for me to recognize which habits Ive done bc usually it will turn yellow -> green (if done). Suddenly the next day its just green -> green?? Also, new here but where are free
P8#5659	5	already has helped me so much! the layout is simple and easy to read. you can manage your habits, daily tasks and make a to-do lists. my only suggestion is to add task's colour customization - categorising your tasks by colour would make everything even easier.
P8#6044	5	 || This app is great and really helps me manage my life. One thing I would love to see is being able to color code my task, dailies, and habits. Say for example challenge tasks could be different than others.
P8#6654	5	ally working well with me. The community is great too. It's very useful and the widget is great feature. Though how about costumizing the app theme? Like using different color theme instead of the default purple. Because it will look prettier for my widget :D
P8#6670	3	 || Love the app. Love the rewards. But, I wish that it showed you past dates and all you accomplished on days previous, and I wish that the coloring of tasks wasn't so complicated when getting close to red or blue or whatever. Also, certain things are hard to navigate... but overall, I absolutely love this app. Use it every day. Not so much for challenges or battles, but for h
P8#6786	5	ine & I love it! Plus there's plenty of active users to party up & chat with and the devs are always helpful & prompt!! My only gripes are that I wish I could change the colors of my tasks/habits (nitpicky I know lol) & maybe have a notepad area where I can keep habitica-related notes, like a key to the emojis etc I use for myself... And maybe a proper/separate friends list :)
P8#7541	3	 || Hi I like this app 😍 it could be better if the todo list's tasks were sorted by their deadline and also today's tasks had a different color!! And a reward could be a game which needs some coins to play them! Thank you!!
P8#7872	4	 || Very good job!, There is only one thing i really miss, it would be very awesome if you put an option to apply different colors to the interface
P8#10042	1	n't check it, the day after, in the morning while my memory is fresh. Instead there is one warning for all the tasks and it doesn't even notify, ever. (2) instead of the color of each habit/chore changing upon completion, each habit/chore should be a pet that grows every time you complete it. (3) I switched to Monsta Points app, because I can define my own rewards a little bett
P8#12649	4	ich task or habits you get (the app "level up life " has this and i found it very interesting. it would be also better if on different tags you have different to-do task colours. I hope it's underdtandable, im sorry but im not mothertongue
P87#154	5	 || I think the app is great, just what I was looking for. Only one thing on my mind - is there any use for the coins apart from buying a different color scheme? Also it would be great if there was an option to create a goal with no set deadline - it could appear every day until you finish it.
P9#162	5	t ways you can view the completions. Its easy to use and easy to customise. Absolutely worth the price. Still one of the best apps ever but please please please add more colours. I can't colour code all of my lists with colours that I like and it makes me sad 😭
P9#244	5	 || great app. Nice and simple. it would be great to have an option to select different colours within a habit, for example: I do cardio and strength, but I want both to be on the same habit "exercise", I want to be able to tap once for cardio, and tap twice for strength, with each a different colour or shade
P9#429	4	 || add a mood tracker with different colors indicating the mood for that day! will help track mood over the months/year nicely
P9#544	5	 || simple app that does what you need it to. I wish there was a way to add different colours within a counter though (for example if tracking gym days, it would be good to be able to differentiate between days with weights vs only cardio)
P9#1138	5	 || Great app, slick design. It'd be nice if you could color code the number of completions though.
P9#1175	5	 simple. This last point (simplicity) is super important for me. I would love that in the future, there was also the possibility of finishing a daily task with different colors. It would help me trace the subjective level of accomplishment (e.g.: sports task, 3 colors to trace how it went).
P9#1273	4	 || Good app, but limited color for habits and shape of habit is not colorful and don't have focuse timer. and reminder is work wrong for example teeth Brush set time for 22:00 pm but app reminde 2 am Update : you can not add more than 4 habit in your list and must pay money for it I will remove this app not useful for me
P9#1282	5	 to track but the free version is very good and I think 4 habits is enough for those just beginning to do this. There's just the right amount of ability to add icons and colours to habits tracked. The archive ability is very good. Very good app.
P91#478	5	e single purchase instead of subscription which I'm sure I'll be buying, thank you developers☺️🙏 What would make it perfect is if it had the option for a different theme colours than the glaring blue which I don't like, and nicer task checkmark colours like Loop which is my other favourite. Also if today's checkmark could always be on the far left also like Loop, thank you :)
P91#960	5	 || Thank you for the updates and functions ❤️ idea: colouring the block, for example I'm using color coded emojis for tracking productivity currently. another idea: to make a short note be shown fully in the block. it'd be more visible in the spread sheet of the week.
P92#12	5	 || GREAT APP, Feature Need: change font colours of habits
P92#55	5	 || Great app so far! I love the simplicity and uncluttered look, that's exactly what I was looking for. It could be nice to have a choice of different colour themes but overall very nice, thank you developers for making a lovely, usable app :)
P92#73	3	 || I need u to add the ability to give color code to each habit
P98#995	4	 || The only reason I didn't give this more stars is that there is no widget. I love that there is no limit of free hairs and I can color code. However, I REALLY wish there was a widget I could put on my home screen as a constant reminder. I might keep looking for another app with a widget, but so far this one is the best I've found.
P98#1413	5	heir "premium" options are super affordable too and offer a bunch of other helpful aspects to the app. The layout is smooth, organized and easy to operate with different coloring options for habits and anything else you can think of. Love that it offers reminder alarms.
P98#3387	3	 || Didn't helped, looks weird and I don't like fact of "dying" plants like I start to feel that's impossible to bring them back. Big + for icons and colours for different habits. But not app for me
